id,vatNumber,legalName,shortName,addressStreet,addressCity,addressPostalCode,addressCountry,addressUrl,addressGeolocation,organizationActivityType,relatedRegionName,relatedRegionNutsCode,relatedRegionIsoCode,relatedNutsCodeNutsCode
915056194,PT514187808,FCIENCIAS.ID - ASSOCIACAO PARA A INVESTIGACAO E DESENVOLVIMENTO DE CIENCIAS,FC.ID,"CAMPO GRANDE, EDIFICIO C1, PISO 3",Lisbon,1749 016,PT,http://www.fciencias-id.pt,"38.755969566,-9.153871434",Research Organisations,Portugal,PT,PT,PT1A0
999693350,DE813281567,ADELPHI RESEARCH GEMEINNÜTZIGE GMBH,,ALT-MOABIT 91,Berlin,10559,DE,https://www.adelphi.de,"52.52330437,13.343840238",Research Organisations,Germany,DE,DE,DE300
952610423,ATU65717478,FRESH-THOUGHTS CONSULTING GMBH,FT,HUTTELDORFER STRASSE  215/29,Wien,1140,AT,,"48.197029931,16.293557862",Private for-profit entities,Austria,AT,AT,AT130
998945868,BE0454606831,FEDERATION EUROPEENNE DES AGENCES ET DES REGIONS POUR L'ENERGIE ET L'ENVIRONNEMENT,FEDARENE,RUE DU COLLEGE 27,IXELLES,1050,BE,,"50.832296056,4.3692981193",Other,Belgium,BE,BE,BE100
984364246,HR93298204867,REGIONALNA ENERGETSKO-KLIMATSKA AGENCIJA SJEVEROZAPADNE HRVATSKE,REGEA NORTH-WEST CROATIA REGIONAL ENERGY AND CLIMATE AGENCY,ANDRIJE ZAJE 10,Zagreb,10000,HR,,"45.81444,15.97798",Research Organisations,Croatia,HR,HR,HR050
923763690,NL855739198B01,INSTITUTE FOR EUROPEAN ENERGY AND CLIMATE POLICY STICHTING,IEECP,KINGSFORDWEG 151,Amsterdam,1043 GR,NL,,"52.38559058,4.8430359945",Research Organisations,Netherlands,NL,NL,NL32B
892204158,NL862165544B01,STICHTING GLOBAL RESILIENT CITIES NETWORK,RESILIENT CITIES NETWORK,Keizersgracht 62,Amsterdam,1015 CS,NL,,"52.378212368,4.8880959325",Other,Netherlands,NL,NL,NL32B
900885658,IE3629141FH,F6S NETWORK IRELAND LIMITED,F6S IE,WORK HUB 77 CAMDEN STREET,LOWER DUBLIN,D02 XE80,IE,,"53.3497645,-6.2602732",Private for-profit entities,Ireland,IE,IE,IE061
950220149,GB166239787,F6S NETWORK LIMITED,F6S NETWORK LIMITED,"124 CITY ROAD, CITY ROAD",LONDON,EC1V 2NX,UK,,"51.5073219,-0.1276473",Private for-profit entities,United Kingdom,UK,GB,UKI43
998341364,DE153445986,ICLEI EUROPEAN SECRETARIAT GMBH (ICLEI EUROPASEKRETARIAT GMBH),ICLEI EURO,LEOPOLDRING 3,FREIBURG IM BREISGAU,79098,DE,http://www.iclei-europe.org,"52.5177,13.38949",Other,Germany,DE,DE,DE300
999902870,BE0257216482,UNIVERSITEIT ANTWERPEN,UANTWERPEN,PRINSSTRAAT 13,Antwerpen,2000,BE,http://www.ua.ac.be,"51.223165701,4.4107072355",Higher or Secondary Education Establishments,Belgium,BE,BE,BE211
949351126,GB115136941,WESTCOUNTRY RIVERS TRUST LBG,,RAIN CHARM HOUSE KYL COBER PARC,STOKE CLIMSLAND CALLINGTON CORNWALL,PL17 8PH,UK,,"51.51089,-0.08689",Other,United Kingdom,UK,GB,UKK30
933973716,EL090197140,DIMOS EGALEO,MUNICIPALITY OF EGALEO,IERA ODOS 364 St. & KALVOU St.,EGALEO,122 43,EL,,"37.98308,23.72762",Public bodies,Greece,EL,EL,EL303
937657194,EL800525457,E3-MODELLING AE,,PANORMOU 70-72,Athina,115 23,EL,,"37.992804613,23.762496684",Private for-profit entities,Greece,EL,EL,EL303
997355650,FI01621933,LAPPEENRANNAN KAUPUNKI,CITY OF LAPPEENRANTA VILLMANSTRAND,VILLIMIEHENKATU 1,Lappeenranta,53100,FI,,"61.057072082,28.191849128",Public bodies,Finland,FI,FI,FI1C5
890816670,BE0846500390,VERHAERT KORTRIJK,,HOGENAKKERHOEKSTRAAT 21,Kruibeke,9150,BE,,"51.196738482,4.3185752837",Private for-profit entities,Belgium,BE,BE,BE236
992798008,BE0439039420,VERHAERT NEW PRODUCTS & SERVICES NV,Verhaert,HOGENAKKERHOEKSTRAAT 21,Kruibeke,9150,BE,https://www.verhaert.com,"51.196738482,4.3185752837",Private for-profit entities,Belgium,BE,BE,BE236
991809966,ESG36885853,CENTRO TECNOLOGICO DEL MAR - FUNDACION CETMAR,CETMAR,RUA DE EDUARDO CABELLO,Vigo,36208,ES,http://www.cetmar.org,"42.227746877,-8.753347323",Research Organisations,Spain,ES,ES,ES114
999829635,ESQ1518001A,UNIVERSIDAD DE SANTIAGO DE COMPOSTELA,UNIVERSIDADE DE SANTIAGO DE COMPOSTELA,COLEXIO DE SAN XEROME PRAZA DO OBRADOIRO S/N,Santiago De Compostela,15782,ES,http://www.usc.es,"42.88052,-8.54569",Higher or Secondary Education Establishments,Spain,ES,ES,ES111
999464042,DE811547185,POTSDAM-INSTITUT FUR KLIMAFOLGENFORSCHUNG EV,PIK,TELEGRAFENBERG A31,Potsdam,14473,DE,http://www.pik-potsdam.de,"51.0834196,10.4234469",Research Organisations,Germany,DE,DE,DE404
926101390,MT22766130,EPSILON MALTA LIMITED,,"TOWER BUSINESS CENTRE, 2ND FLOOR, TOWER STREET",SWATAR,BKR 4013,MT,,"35.8885993,14.4476911",Private for-profit entities,Malta,MT,MT,MT001
900779637,,GJOVIK KOMMUNE,,"KAUFFELDTS PLASS, 1",GJOVIK,2810,NO,,"59.91206,10.74666",Public bodies,Norway,NO,NO,NO020
999963301,,AGENCE DE L'ENVIRONNEMENT ET DE LAMAITRISE DE L'ENERGIE,,AVENUE DU GRESILLE 20,Angers Cedex 01,49004,FR,http://www.ademe.fr,"47.45731302,-0.601902036",Public bodies,France,FR,FR,FRG02
999978239,EL090085651,"""NATIONAL CENTER FOR SCIENTIFIC RESEARCH """"DEMOKRITOS""""""","""NCSR """"D""""""",END OF PATRIARCHOU GRIGORIOU E AND 27 NEAPOLEOS STREET,AGIA PARASKEVI,153 41,EL,http://www.demokritos.gr,"37.999285417,23.817669136",Research Organisations,Greece,EL,EL,EL301
927784243,IT03702320924,MEDITERRANEAN SEA AND COAST FOUNDATION,MEDSEA,VIA PIEMONTE 33,Cagliari,9127,IT,,"39.227902479,9.1162552075",Other,Italy,IT,IT,ITG2F
891590633,FR82833378789,ACTERRA,,7 RUE DU DEVOIR ILOT ALLAR CS 80505 CEDEX 15,Marseille 12e Arrondissement,13144,FR,,"43.323649016,5.3654159817",Private for-profit entities,France,FR,FR,FRL04
952516430,BE0893349907,WATER EUROPE,,BOULEVARD LOUIS SCHMIDT 29,BRUXELLES,1040,BE,https://www.wsstp.eu,"50.827017511,4.3994074242",Other,Belgium,BE,BE,BE100
951915806,ESG15051667,FUNDACION EMPRESA UNIVERSIDAD GALLEGA,FEUGA,RUA LOPE GOMEZ DE MARZOA CAMPUS UNIVERSITARIO SUR,Santiago De Compostela,15705,ES,https://www.feuga.es/,"42.88052,-8.54569",Other,Spain,ES,ES,ES111
999419422,IT03873750750,FONDAZIONE CENTRO EURO-MEDITERRANEOSUI CAMBIAMENTI CLIMATICI,FONDAZIONE CMCC,VIA MARCO BIAGI 5,Lecce,73100,IT,http://www.cmcc.it,"40.35481,18.17244",Research Organisations,Italy,IT,IT,ITF45
999543776,FR40413939620,EUROQUALITY SAS,,53 RUE DE CHATEAUDUN,PARIS 09,75009,FR,http://www.euroquality.fr,"48.8767609,2.3356655",Private for-profit entities,France,FR,FR,FR101
999977851,NO974767880MVA,NORGES TEKNISK-NATURVITENSKAPELIGE UNIVERSITET NTNU,NTNU,HOGSKOLERINGEN 1,Trondheim,7491,NO,http://www.ntnu.no,"63.43049,10.39506",Higher or Secondary Education Establishments,Norway,NO,NO,NO060
999912570,CZ60460709,CESKA ZEMEDELSKA UNIVERZITA V PRAZE,CZECH UNIVERSITY OF LIFE SCIENCES PRAGUE,Kamycka 129,Praha - Suchdol,165 00,CZ,http://www.czu.cz,"50.130030369,14.373817972",Higher or Secondary Education Establishments,Czechia,CZ,CZ,CZ010
999630494,ESQ8650002B,UNIVERSIDAD DE VIGO,UVIGO,LG CAMPUS LAGOAS MARCOSENDE,VIGO PONTEVEDRA,36310,ES,http://www.uvigo.es,"42.170380902,-8.68308322",Higher or Secondary Education Establishments,Spain,ES,ES,ES114
999591209,FI02459042,LAPPEENRANNAN-LAHDEN TEKNILLINEN YLIOPISTO LUT,LUT University,YLIOPISTONKATU 34,Lappeenranta,53850,FI,http://www.lut.fi,"61.065181196,28.092967648",Higher or Secondary Education Establishments,Finland,FI,FI,FI1C5
999880560,ESQ9350003A,UNIVERSITAT ROVIRA I VIRGILI,URV,CARRER DE ESCORXADOR,Tarragona,43003,ES,http://www.urv.cat,"41.11667,1.25",Higher or Secondary Education Establishments,Spain,ES,ES,ES514
999874643,NO970422528MVA,UNIVERSITETET I TROMSOE - NORGES ARKTISKE UNIVERSITET,UiT,HANSINE HANSENS VEG 14,Tromso,9019,NO,http://uit.no/,"69.679651842,18.97092767",Higher or Secondary Education Establishments,Norway,NO,NO,NO072
998279769,NL814938474B01,KWR WATER BV,KWR,GRONINGENHAVEN 7,NIEUWEGEIN,3433 PE,NL,http://www.kwrwater.nl,"52.018658059,5.1085103141",Research Organisations,Netherlands,NL,NL,NL350
891614689,IT00121390223,CANTINA TOBLINO SCA,,VIA LONGA 1,Madruzzo,38076,IT,,,Private for-profit entities,Italy,IT,IT,ITH20
891626038,,CONSORZIO DEI COMUNI DELLA PROVINCIA DI TRENTO COMPRESI NEL BACINO IMBRIFERO MONTANO DEL SARCA - MINCIO E GARDA,,VIALE DANTE 46,TIONE DI TRENTO,38079,IT,,"46.0343394,10.7241237",Public bodies,Italy,IT,IT,ITH20
890715111,NL863509071B01,NELEN & SCHUURMANS CONSULTANCY BV,,ZAKKENDRAGERSHOF 34-44,Utrecht,3511 AE,NL,,"52.09285102,5.1160736406",Private for-profit entities,Netherlands,NL,NL,NL350
947904080,ESS0811001G,"Departament d'Agricultura, Ramaderia, Pesca i Alimentació",DARPA,GRAN VIA DE LES CORTS CATALANES 612-614,Barcelona,8007,ES,http://www20.gencat.cat/portal/site/interior/,"41.387567851,2.1662345632",Public bodies,Spain,ES,ES,ES511
961820476,ESS0811001G,"DEPARTAMENT DE TERRITORI, HABITATGE I TRANSICIO ECOLOGICA",,AVINGUDA JOSEP TARRADELLAS 2-6,Barcelona,8029,ES,,"41.381185032,2.1426369074",Public bodies,Spain,ES,ES,ES511
999895983,ESQ6750002E,UNIVERSITAT DE GIRONA,UNIVERSITAT DE GIRONA,PLACA SANT DOMENEC 3,Girona,17004,ES,http://www.udg.es,"41.98311,2.82493",Higher or Secondary Education Establishments,Spain,ES,ES,ES512
999978142,EL099793475,ETHNICON METSOVION POLYTECHNION,NATIONAL TECHNICAL UNIVERSITY OF ATHENS - NTUA,HEROON POLYTECHNIOU 9 ZOGRAPHOU CAMPUS,ATHINA,157 72,EL,http://www.ntua.gr,"38.9953683,21.9877132",Higher or Secondary Education Establishments,Greece,EL,EL,EL303
950629877,,ZEMGALES PLANOSANAS REGIONS,ZPR,KATOLU IELA 2B,Jelgava,3001,LV,,"56.65,23.71278",Public bodies,Latvia,LV,LV,LV009
919124762,IT02348070224,WATERJADE SRL,,VIA GUARDINI 24,Trento,38121,IT,,"46.06787,11.12108",Private for-profit entities,Italy,IT,IT,ITH20
999976493,CHE115250351MWST,UNIVERSITAET BERN,,HOCHSCHULSTRASSE 6,Bern,3012,CH,http://www.unibe.ch,"46.94809,7.44744",Higher or Secondary Education Establishments,Switzerland,CH,CH,CH021
968362350,EL090273987,YPOURGEIO PERIVALLONTOS KAI ENERGEIAS,MINISTRY OF ENVIRONMENT AND ENERGY,Amaliados   17,Athens,115 23,EL,http://www.ypeka.gr,"37.988111502,23.759305442",Public bodies,Greece,EL,EL,EL303
997054077,ESB64290828,ISARDSAT SL,isardSAT,CONGRES   49 51,Barcelona,8031,ES,,"41.4264848,2.1806779",Private for-profit entities,Spain,ES,ES,ES511
903855313,,SDSN ASSOCIATION PARIS,,19 RUE BERGERE,Paris,75009,FR,,"48.85341,2.3488",Research Organisations,France,FR,FR,FR101
999918972,,"UICN, UNION INTERNATIONALE POUR LA CONSERVATION DE LA NATURE ET DE SES RESSOURCES",INTERNATIONAL UNION FOR CONSERVATION OF NATURE AND NATURAL - IUCN - UICN,RUE MAUVERNEY 28,Gland,1196,CH,,"46.415435749,6.2781973585",Research Organisations,Switzerland,CH,CH,CH011
883089747,NL852943805B01,NELEN & SCHUURMANS A-HOLDING BV,,ZAKKENDRAGERSHOF 34 T/M 44,UTRECHT,3511 AE,NL,,"52.0880857,5.0433281",Private for-profit entities,Netherlands,NL,NL,NL350
898288580,EL800888188,MANTIS BUSINESS INNOVATION IDIOTIKIKEFALAIOUCHIKI ETAREIA,Mantis Business Innovation Private Company,LEOFOROS IRAKLEIOU 350,NEA IONIA,142 31,EL,,"39.3748394,22.9325138",Private for-profit entities,Greece,EL,EL,EL301
905662714,,"SENATSVERWALTUNG FUR MOBILITAT, VERKEHR, KLIMASCHUTZ UND UMWELT","Senatsverwaltung für Mobilität, Verkehr, Klimaschutz und Umwelt",AM KOELLNISCHEN PARK 3,Berlin,10179,DE,,"52.513227939,13.415723691",Public bodies,Germany,DE,DE,DE300
999887253,IT01659400210,ACCADEMIA EUROPEA DI BOLZANO,Eurac Research,VIALE DRUSO 1,Bolzano,39100,IT,http://www.eurac.edu,"46.16289,12.18727",Research Organisations,Italy,IT,IT,ITH33
999604304,DE226001071,GCF - GLOBAL CLIMATE FORUM EV,GCF,NEUE PROMENADE 6,Berlin,10178,DE,http://www.globalclimateforum.org,"52.522799695,13.401395247",Research Organisations,Germany,DE,DE,DE300
892096779,NO922420866MVA,TROMS OG FINNMARK FYLKESKOMMUNE,,STRANDVEGEN 13,Troms,9007,NO,,"69.6444816,18.9453845",Public bodies,Norway,NO,NO,NO072
998341461,IT02038410227,FONDAZIONE EDMUND MACH,FEM,VIA E MACH 1,SAN MICHELE ALL ADIGE,38098,IT,https://fmach.it,"46.194425589,11.133899495",Higher or Secondary Education Establishments,Italy,IT,IT,ITH20
887451740,NL863509058B01,NELEN & SCHUURMANS TECHNOLOGY BV,,ZAKKENDRAGERSHOF 34,Utrecht,3511AE,NL,,"52.09285102,5.1160736406",Private for-profit entities,Netherlands,NL,NL,NL350
999884925,EL090087459,MEDITERRANEAN AGRONOMIC INSTITUTE OF CHANIA,CIHEAM/MAICH,ALSYLIO AGROKIPIO - MAKEDONIAS 1,CHANIA,731 00,EL,http://www.maich.gr,"35.491808153,24.048758877",Higher or Secondary Education Establishments,Greece,EL,EL,EL434
957970449,EL094079101,ETAIREIA YDREYSEOS KAI APOCHETEFSEOS PROTEYOYSIS ANONIMI ETAIREIA,ATHENS WATER SUPPLY AND SEWERAGE COMPANY EYDAP,OROPOU - GALATSI 156,ATHINA,111 46,EL,http://www.eydap.gr,"38.019193189,23.746602563",Private for-profit entities,Greece,EL,EL,EL303
999533106,,BALTIJAS VIDES FORUMS,BEF LATVIA,ASPAZIJAS BULVARIS 24-14,RIGA,1050,LV,,"56.9585181,24.1118049",Other,Latvia,LV,LV,LV
999896856,EL090034337,ATHENS UNIVERSITY OF ECONOMICS AND BUSINESS - RESEARCH CENTER,AUEB-RC,KEFALLINIAS STREET 45,ATHINA,112 57,EL,,"37.999027212,23.733705601",Higher or Secondary Education Establishments,Greece,EL,EL,EL303
928030235,ESG66210345,FUNDACIO EURECAT,EURECAT,AVENIDA UNIVERSITAT AUTONOMA 23,Cerdanyola Del Valles (Barcelona),8290,ES,http://www.eurecat.org/,"41.488799994,2.1263329322",Research Organisations,Spain,ES,ES,ES511
907081727,,JELGAVAS DIGITALAIS CENTRS,JELGAVAS DIGITALAIS CENTRS,SARMAS IELA 4,Jelgava,LV-3001,LV,,"56.6452101,23.71073219155133",Public bodies,Latvia,LV,LV,LV009
916295951,DE308708228,EUROPEAN SCIENCE COMMUNICATION INSTITUTE (ESCI) GGMBH,,LINDENSTRASSE 87,Oldenburg,26123,DE,,"53.150092989,8.2241659836",Other,Germany,DE,DE,DE943
997579235,IT02722990278,THETIS SPA,,SESTIERE CASTELLO 2737F,VENEZIA,30122,IT,http://www.thetis.it,"41.90085,12.49035",Private for-profit entities,Italy,IT,IT,ITI43
894026012,ESB67590687,LOBELIA EARTH SL,LOBELIA,CARRER DOCTOR TRUETA 113 PLANTA 1,BARCELONA,8005,ES,,"41.394543146,2.1978638425",Private for-profit entities,Spain,ES,ES,ES511
994305776,,BERLINER WASSERBETRIEBE,BERLINER WASSERBETRIEBE,NEUE JUDENSTRASSE 1,Berlin,10179,DE,https://www.bwb.de,"52.515477097,13.410722042",Public bodies,Germany,DE,DE,DE300
998307123,DE221139990,KWB KOMPETENZZENTRUM WASSER BERLIN GEMEINNUTZIGE GMBH,KWB,GRUNEWALDSTRASSE 61-62,BERLIN,10825,DE,https://www.kompetenz-wasser.de,"52.4886206,13.34277",Research Organisations,Germany,DE,DE,DE300
904326927,NL855723671B01,WATER & ENERGY INTELLIGENCE BV,Water & Energy Intelligence B.V.,ROTTERDAMSEWEG 183C,Delft,2629 HD,NL,,"51.98769685,4.376983897147495",Private for-profit entities,Netherlands,NL,NL,NL362
926006912,NL854841374B01,BENEDICT PEAX CONSULTANTS BV,BPx,JOHAN HUIZINGALAAN 400 A,UTRECHT,3534 AM,NL,,"52.3397163,4.8269861",Private for-profit entities,Netherlands,NL,NL,NL350
996713801,EL094492456,ANAPTYXIAKI ATHINAS ANONYMI ETAIREIA - ANAPTYXIAKOS ORGANISMOS TOPIKIS AYTODIOIKISIS,DEVELOP ATHENS S.A. - LOCAL GOVERNMENT ORGANISATION,19 ECHELIDON STREET,ATHINA,118 54,EL,https://www.aeda.gr,"37.9839412,23.7283052",Private for-profit entities,Greece,EL,EL,EL303
903166225,FR50509820502,GAC,,11-13 RUE RENE JACQUES,ISSY LES MOULINEAUX,92130,FR,,"48.85869,2.33452",Private for-profit entities,France,FR,FR,FR101
999864555,GB142047795,THE UNIVERSITY OF EXETER,UNEXE,THE QUEEN'S DRIVE NORTHCOTE HOUSE,Exeter,EX4 4QJ,UK,http://www.exeter.ac.uk/,"50.735209687,-3.534354867",Higher or Secondary Education Establishments,United Kingdom,UK,GB,UKK43
999978433,DE811205325,LUDWIG-MAXIMILIANS-UNIVERSITAET MUENCHEN,LMU MUENCHEN,GESCHWISTER SCHOLL PLATZ  1,Planegg,80539,DE,http://www.uni-muenchen.de,"48.150508985,11.580298958",Higher or Secondary Education Establishments,Germany,DE,DE,DE212
999597223,CY90002687H,TECHNOLOGIKO PANEPISTIMIO KYPROU,CYPRUS UNIVERSITY OF TECHNOLOGY,ARCHBISHOP KYPRIANOS 31 SAVINGS COOPERATIVE BANK BUILDING 3RD FLOOR,Lemesos,3036,CY,http://www.cut.ac.cy,"34.674590991,33.04284902",Higher or Secondary Education Establishments,Cyprus,CY,CY,CY000
999628069,IT01983460922,"CENTRO DI RICERCA, SVILUPPO E STUDI SUPERIORI IN SARDEGNA SOCIETÀ A RESPONSABILITÀ LIMITATA",CRS4,LOCALITA PISCINA MANNA EDIFICIO 1,Pula,9050,IT,http://www.crs4.it,"39.001563974,9.004529608",Research Organisations,Italy,IT,IT,ITG2F
937252025,GB142208211,THE COUNCIL OF THE BOROUGH OF TORBAY,TORBAY COUNCIL,TORBAY COUNCIL TOWN HALL CASTLE CIRCUS,Torquay,TQ1 3DR,UK,,"50.4652392,-3.521136",Public bodies,United Kingdom,UK,GB,UKK42
900826682,IT06434930969,BLUE GOLD SRL,,CORSO SAN GOTTARDO 41,Milano,20136,IT,,"45.4511547,9.1799266",Private for-profit entities,Italy,IT,IT,ITC4C
999895692,EL090049627,ARISTOTELIO PANEPISTIMIO THESSALONIKIS,ARISTOTLE UNIVERSITY OF THESSALONIKI,"KEDEA BUILDING, TRITIS SEPTEMVRIOU, ARISTOTLE UNIVERSITY CAMPUS",THESSALONIKI,546 36,EL,http://www.auth.gr,"40.6326131,22.9660896",Higher or Secondary Education Establishments,Greece,EL,EL,EL522
999562788,EL999723442,"ATHINA-EREVNITIKO KENTRO KAINOTOMIAS STIS TECHNOLOGIES TIS PLIROFORIAS, TON EPIKOINONION KAI TIS GNOSIS",ATHENA - RESEARCH AND INNOVATION CENTER,ARTEMIDOS 6 KAI EPIDAVROU,MAROUSSI,151 25,EL,http://www.athena-innovation.gr,"37.98308,23.72762",Research Organisations,Greece,EL,EL,EL303
892020440,ESG02885564,ASOCIACION BRIGAID CONNECT,,CALLE BORNI S/N PORTAL 20,LAS ROZAS,28232,ES,,"42.966922,-4.03003737904713",Other,Spain,ES,ES,ES300
899127436,,ORGANIZATION OF THE BLACK SEA ECONOMIC COOPERATION,BSEC,"SEBA CENTER AVM, 45 DARUSSAFAKA CADDESI, ISTINYE, SARIYER DISTRICT",Istanbul,34460,TR,,"41.0096334,28.9651646",Research Organisations,Türkiye,TR,TR,TR100
999841663,IT00443370929,UNIVERSITA DEGLI STUDI DI CAGLIARI,UNICA,VIA UNIVERSITA  40,Cagliari,9124,IT,,"39.23054,9.11917",Higher or Secondary Education Establishments,Italy,IT,IT,ITG2F
997594173,IT02270290907,AGRIS SARDEGNA,AGENZIA PER LA RICERCA IN AGRICOLTURA DELLA REGIONE AUTONOMA DELLA SARDEGNA,LOCALITA BONASSAI SS 291 KM 18 6,Sassari,7100,IT,http://www.sardegnaagricoltura.it/innovazionericerca/agris/,"40.702763076,8.4287359584",Research Organisations,Italy,IT,IT,ITG2D
891632925,DE123065069,VERBAND KOMMUNALER UNTERNEHMEN EV,,INVALIDENSTRASSE 91,Berlin,10115,DE,,"52.5285625,13.3767164",Other,Germany,DE,DE,DE300
999991722,ESQ2818002D,AGENCIA ESTATAL CONSEJO SUPERIOR DE INVESTIGACIONES CIENTIFICAS,CSIC,CALLE SERRANO 117,Madrid,28006,ES,http://www.csic.es,"40.441188119,-3.687579159",Research Organisations,Spain,ES,ES,ES300
997802238,EL090106859,Elliniko Idryma Evropaikis kai Exoterikis Politikis (HELLENIC FOUNDATION FOR EUROPEAN AND FOREIGN POLICY),ELIEEP (ELIAMEP),VASILISSIS SOFIAS AVENUE  49,Athens,106 76,EL,http://www.eliamep.gr,"37.976344609,23.746451877",Research Organisations,Greece,EL,EL,EL303
934437667,MK4057014525722,"PRIVATE SCIENTIFIC INSTITUTION, INSTITUTE FOR RESEARCH IN ENVIRONMENT, CIVIL ENGINEERING AND ENERGY, SKOPJE",,DREZDENSKA BR 52,Skopje,1000,MK,,"41.99646,21.43141",Research Organisations,North Macedonia,MK,MK,MK008
892041489,DK31625459,LNH WATER APS,,KATHOJVEJ 3,Tikob,3080,DK,,"56.008847936,12.463865128",Private for-profit entities,Denmark,DK,DK,DK013
890805515,,ENRICH GLOBAL,,GAC GROUP BUROPOLIS BATIMENT1 1240 ROUTE DES DOLINES,VALBONNE,6560,FR,,"43.625525983,7.0399319786",Other,France,FR,FR,FRL03
926686882,ALL01711452D,AGJENCIA KOMBËTARE E PLANIFIKIMIT TË TERRITORIT,NATIONAL TERRITORIAL PLANNING AGENCY,RRUGA MUHAMET GJOLLESHA 57,Tirana,1023,AL,,"41.3275,19.81889",Public bodies,Albania,AL,AL,AL022
999990655,DK30060946,DANMARKS TEKNISKE UNIVERSITET,TECHNICAL UNIVERSITY OF DENMARK DTU,ANKER ENGELUNDS VEJ 101,Kongens Lyngby,2800,DK,http://www.dtu.dk,"55.78593721,12.52412883",Higher or Secondary Education Establishments,Denmark,DK,DK,DK012
967250439,,SECRETARIATUL NATIONAL ROMAN AL RETELEI UNIVERSITATILOR DE LA MAREA NEAGRA,BSUN,BLD MAMAIA 124,Constanta,900527,RO,,"44.193227717,28.650224818",Public bodies,Romania,RO,RO,RO223
998709188,ESG97360325,"FUNDACION DE LA COMUNIDAD VALENCIANA PARA LA INVESTIGACION, PROMOCION Y ESTUDIOS COMERCIALES DE VALENCIAPORT",FV,Avenida Muelle del Turia s/n,Valencia,46024,ES,http://www.fundacion.valenciaport.com,"39.4482764,-0.3353406",Research Organisations,Spain,ES,ES,ES523
999825270,ESQ3818001D,UNIVERSIDAD DE LA LAGUNA,UNIVERSITYOF LA LAGUNA,PADRE HERRERA S/N,San Cristobal de La Laguna,38200,ES,http://www.ull.es,"28.485156604,-16.3137295",Higher or Secondary Education Establishments,Spain,ES,ES,ES709
999867271,FR34193708005,UNIVERSITE DE TOURS,UNIVERSITE DE TOURS,RUE DU PLAT D ETAIN 60,Tours,37020,FR,http://www.univ-tours.fr,"47.38384501,0.6738379601",Higher or Secondary Education Establishments,France,FR,FR,FRB04
951387835,,KLIYNTEH BULGARIA FONDATSIYA,CLEANTECH BULGARIA FOUNDATION,"LUKASHOV STR. 11, FLOOR 6",Vratsa,3000,BG,http://www.cleantech.bg,"42.6073975,25.4856617",Other,Bulgaria,BG,BG,BG313
890772438,DK33157274,NATURSTYRELSEN,,"Gjøddinggård, Førstballevej 2",Lemvig,7183,DK,,"56.54831678,8.3034482264",Public bodies,Denmark,DK,DK,DK041
986152150,EL090055634,PANEPISTIMIO THESSALIAS,UNIVERSITY OF THESSALY - UTH,ARGONAFTON FILELLINON,VOLOS,382 21,EL,https://www.uth.gr,"39.360450372,22.953768063",Higher or Secondary Education Establishments,Greece,EL,EL,EL613
995373940,ESB35961051,ELITTORAL ESTUDIOS DE INGENIERIA COSTERA Y OCEANOGRAFICA SLNE,elittoral,EDIFICIO POLIVALENTE II OFICINAS 4 Y 19,Las Palmas De Gran Canaria,35017,ES,,"28.07458055,-15.45148206898348",Private for-profit entities,Spain,ES,ES,ES705
994857900,,PIRAEUS PORT AUTHORITY  SA,PPA SA,AKTI MIAOULI   10,PIRAEUS,185 38,EL,https://www.olp.gr,"37.936498382,23.628742464",Private for-profit entities,Greece,EL,EL,EL307
953476342,EL099965892,ORGANISMOS FYSIKOU PERIVALLONTOS KAI KLIMATIKIS ALLAGIS,NATURAL ENVIRONMENT AND CLIMATE CHANGE AGENCY,MESOGEION AVENUE 207,ATHENS,115 25,EL,,"37.9226935,23.750136050000002",Research Organisations,Greece,EL,EL,EL303
999997930,FR40180089013,CENTRE NATIONAL DE LA RECHERCHE SCIENTIFIQUE CNRS,CNRS,RUE MICHEL ANGE 3,Paris,75794,FR,http://www.cnrs.fr,"48.85341,2.3488",Research Organisations,France,FR,FR,FR101
999654356,EL090162593,EREVNITIKO PANEPISTIMIAKO INSTITOUTO SYSTIMATON EPIKOINONION KAI YPOLOGISTON,RESEARCH UNIVERSITY INSTITUTE OF COMMUNICATION AND COMPUTER SYSTEMS,PATISION 42,ATHINA,106 82,EL,http://www.iccs.gr,"37.988257282,23.730574512",Research Organisations,Greece,EL,EL,EL303
890735287,DK29189803,ESBJERG KOMMUNE,,TORVEGADE 74,Esbjerg,6700,DK,,"55.472298,8.453135",Public bodies,Denmark,DK,DK,DK032
999643492,TR6320050974,MIDDLE EAST TECHNICAL UNIVERSITY,METU,DUMLUPINAR BULVARI 1,Ankara,6800,TR,http://www.metu.edu.tr,"39.905992525,32.721576381",Higher or Secondary Education Establishments,Türkiye,TR,TR,TR510
998171129,RO3324060,INSTITUTUL NATIONAL DE CERCERTARE DEZVOLTARE PENTRU STIINTE BIOLOGICE RA,,SPLAIUL INDEPENDENTEI 296,BUCURESTI,60031,RO,,"44.446125691,26.046645468",Research Organisations,Romania,RO,RO,RO321
999584128,ATU14703506,AIT AUSTRIAN INSTITUTE OF TECHNOLOGY GMBH,AIT,GIEFINGGASSE 4,Wien,1210,AT,http://www.ait.ac.at/,"48.20832,16.36984",Research Organisations,Austria,AT,AT,AT130
972702033,ESA85788073,"AQUATEC SOLUCIONES MEDIOAMBIENTALES, S.A.",AQUA,PASEO DE LA ZONA FRANCA 48,Barcelona,8038,ES,,"41.353715398,2.1439604937",Private for-profit entities,Spain,ES,ES,ES511
998802502,EL099785242,ETHNIKO KENTRO EREVNAS KAI TECHNOLOGIKIS ANAPTYXIS,CENTRE FOR RESEARCH AND TECHNOLOGY HELLAS CERTH,CHARILAOU THERMI ROAD 6 KM,THERMI THESSALONIKI,570 01,EL,https://www.certh.gr,"40.562500732,23.002308346",Research Organisations,Greece,EL,EL,EL522
949821091,ESA66098435,"AIGUES DE BARCELONA, EMPRESA METROPOLITANA DE GESTIO DEL CICLE INTEGRAL DE L'AIGUA SA",AB,CL GENERAL BATET 1-7,Barcelona,8028,ES,,"41.38879,2.15899",Private for-profit entities,Spain,ES,ES,ES511
917167593,ATU45644600,VERBUND ENERGY4BUSINESS GMBH,VERBUND VEB,AM HOF 6A,Wien,1010,AT,,"48.2113066,16.3673437",Private for-profit entities,Austria,AT,AT,AT130
999976590,IT00876220633,UNIVERSITA DEGLI STUDI DI NAPOLI FEDERICO II,UNINA,"CORSO UMBERTO I, 40",Napoli,80138,IT,https://www.unina.it,"40.844864306,14.257090499",Higher or Secondary Education Establishments,Italy,IT,IT,ITF33
952853408,ESG82324971,FUNDACION PARA LA INVESTIGACION DEL CLIMA,FIC,TREMPS 11,Madrid,28040,ES,,"40.4165,-3.70256",Research Organisations,Spain,ES,ES,ES300
996435993,ESG64946387,FUNDACIO INSTITUT DE RECERCA EN ENERGIA DE CATALUNYA,IREC-CERCA,C/ JARDINS DE LES DONES DE NEGRE 1,Sant Adria De Besos,8930,ES,http://www.irec.cat,"41.414463913,2.221389533",Research Organisations,Spain,ES,ES,ES511
998850517,PT501389660,LABORATORIO NACIONAL DE ENGENHARIA CIVIL,LNEC,AV DO BRASIL  101,Lisboa,1700-066,PT,http://www.lnec.pt,"38.761392696,-9.140396011",Research Organisations,Portugal,PT,PT,PT1A0
885394564,EL998225768,PERIFEREIA NOTIOU AIGAIOU,SOUTH AEGEAN REGION,ELEFTHERIAS SQUARE 1,RODOS,851 31,EL,,"37.98308,23.72762",Public bodies,Greece,EL,EL,EL303
996151686,EL099795468,DRAXIS ENVIRONMENTAL SA,DRAXIS,THEMISTOKLI SOFOULI STR 54-56,THESSALONIKI,546 55,EL,https://www.draxis.gr,"40.592833511,22.949890617",Private for-profit entities,Greece,EL,EL,EL522
999976202,ESQ0818003F,UNIVERSITAT POLITECNICA DE CATALUNYA,UPC,CALLE JORDI GIRONA 31,BARCELONA,8034,ES,http://www.upc.edu,"41.389320088,2.1162276259",Higher or Secondary Education Establishments,Spain,ES,ES,ES511
998224285,ESG64386626,"CETAQUA, CENTRO TECNOLOGICO DEL AGUA, FUNDACION PRIVADA",CETAQUA,CARRETERA D'ESPLUGUES 75 LOCAL 1-2,Cornella de Llobregat,8940,ES,http://www.cetaqua.com,"41.358989267,2.0716825141",Research Organisations,Spain,ES,ES,ES511
937664954,ESP0800258F,AREA METROPOLITANA DE BARCELONA,AMB,CARRER 62 NUM 16-18,Barcelona,8040,ES,,"41.38879,2.15899",Public bodies,Spain,ES,ES,ES511
941584239,ESB85781052,SIMBIOTICA SL,SIMBIOTICA,CALLE PONZANO 69 4 PUERTA 7,Madrid,28005,ES,http://www.simbiotica.es,"40.4165,-3.70256",Private for-profit entities,Spain,ES,ES,ES300
954530344,NL851029279B01,STICHTING VU,,DE BOELELAAN 1105,Amsterdam,1081 HV,NL,http://www.vu.nl,"52.334591645,4.8664760705",Higher or Secondary Education Establishments,Netherlands,NL,NL,NL32B
999520302,NL800097476B01,STICHTING DELTARES,Deltares,BOUSSINESQWEG 1,Delft,2629 HV,NL,http://www.deltares.nl,"51.986372644,4.3822529374",Research Organisations,Netherlands,NL,NL,NL362
999984350,GB125506730,"THE CHANCELLOR, MASTERS AND SCHOLARS OF THE UNIVERSITY OF OXFORD",UOXF,WELLINGTON SQUARE UNIVERSITY OFFICES,Oxford,OX1 2JD,UK,http://www.ox.ac.uk,"51.75788,-1.2621",Higher or Secondary Education Establishments,United Kingdom,UK,GB,UKJ14
999923240,SI54162513,UNIVERZA V LJUBLJANI,UL,KONGRESNI TRG  12,Ljubljana,1000,SI,http://www.uni-lj.si,"46.049191214,14.504153465",Higher or Secondary Education Establishments,Slovenia,SI,SI,SI041
997710476,IT01503290098,CENTRO INTERNAZIONALE IN MONITORAGGIO AMBIENTALE - FONDAZIONE CIMA,FONDAZIONE CIMA,VIA ARMANDO MAGLIOTTO 2 CAMPUS UNIVERSITARIO,Savona,17100,IT,http://www.cimafoundation.org,"44.299477445,8.4508760835",Research Organisations,Italy,IT,IT,ITC32
993675955,BE0446189013,ASSOCIATION EUROPEENNE DES AGENCESDE DEVELOPPEMENT,,RUE DE LA LOI 155,Bruxelles / Brussel,1000,BE,http://www.eurada.org,"50.842786888,4.3804826794",Other,Belgium,BE,BE,BE100
999703438,ESS0811001G,DEPARTAMENT D'INTERIOR I SEGURETAT PUBLICA  - GENERALITAT DE CATALUNYA,ISP,CARRER DIPUTACIO 355,Barcelona,8009,ES,,"41.395526762,2.1737154118",Public bodies,Spain,ES,ES,ES511
998241357,,SISAMINISTERIO (SM),MINISTRY OF THE INTERIOR,KIRKKOKATU PO BOX 26 12,Helsinki,FI-00023,FI,http://www.intermin.fi,"60.170724965,24.955342172",Public bodies,Finland,FI,FI,FI1B1
986958026,PT508955645,INSTITUTO DE GEOGRAFIA E ORDENAMENTO DO TERRITORIO DA UNIVERSIDADE DELISBOA,IGOT UL,EDIFICIO IGOT RUA BRANCA EDMEE MARQUES,LISBOA,1600 276,PT,http://www.igot.ul.pt,"38.73247,-9.13372",Higher or Secondary Education Establishments,Portugal,PT,PT,PT1A0
956948457,,MESTO ZILINA,,NAMESTIE OBETI KOMUNIZMU 1,Zilina,011 31,SK,,"49.221652299,18.742573698",Public bodies,Slovakia,SK,SK,SK031
932749285,PT501294104,MUNICIPIO DE SETUBAL,CAMARA MUNICIPAL DE SETUBAL,PRACA DO BOCAGE,Setubal,2900-806,PT,,"38.52432875,-8.892627769970703",Public bodies,Portugal,PT,PT,PT1B0
951227688,PL7010366812,FUNDINGBOX ACCELERATOR SP ZOO,FBA,UL POSTEPU 15,Warszawa,02-676,PL,,"52.180472837,20.996954116",Other,Poland,PL,PL,PL911
986071446,LV50103237791,LATVIJAS VIDES GEOLOGIJAS UN METEOROLOGIJAS CENTRS SIA,LVGMC,LATGALES IELA 165,RIGA,LV-1019,LV,http://www.lvgmc.lv,"56.93605945,24.15668273290571",Private for-profit entities,Latvia,LV,LV,LV00A
999823524,,PELASTUSOPISTO,,Hulkontie 83,Kuopio,70821,FI,https://www.pelastusopisto.fi,"62.835718558,27.65240258",Higher or Secondary Education Establishments,Finland,FI,FI,FI1DB
999452596,,INTERNATIONALES INSTITUT FUER ANGEWANDTE SYSTEMANALYSE,IIASA,Schlossplatz  1,Laxenburg,2361,AT,http://www.iiasa.ac.at,"48.068340015,16.358178061",Research Organisations,Austria,AT,AT,AT127
999916741,,EUROPEAN CENTRE FOR MEDIUM-RANGE WEATHER FORECASTS,ECMWF,SHINFIELD PARK,READING,RG2 9AX,UK,http://www.ecmwf.int,"51.51089,-0.08689",Research Organisations,United Kingdom,UK,GB,UKJ11
999591306,FI02446647,ILMATIETEEN LAITOS,FMI,Erik Palmenin aukio  1,Helsinki,560,FI,http://www.fmi.fi,"60.203817347,24.960789487",Research Organisations,Finland,FI,FI,FI1B1
937270746,SK2023440848,KAJO SRO,KAJO,SLADKOVICOVA 228/8,Bytca,014 01,SK,,"49.22026522,18.562961416",Private for-profit entities,Slovakia,SK,SK,SK031
941129794,CY10330204S,DIKTYO THEMATIKON KENTRON TROODOUS(DITHEKET) LTD,,4B OLYMBOU STR,Platres,4820,CY,,"34.88945706758239,32.86522280234197",Other,Cyprus,CY,CY,CY000
882323059,ESF40188468,HORTAFERCAR S COOP,,CALLE CALVARIO BO CHATUN S/N,CUELLAR,40241,ES,,"41.313733502,-4.364200438",Private for-profit entities,Spain,ES,ES,ES416
887889113,EL998792831,DIMOS SITIAS,MUNICIPALITY OF SITIA,VAETHOLOMEOU 9,SITIA,723 00,EL,,"35.205716698,26.106963114",Public bodies,Greece,EL,EL,EL432
999654744,DK30113721,REGION HOVEDSTADEN,REGIONH,KONGENS VAENGE 2,Hillerod,3400,DK,https://www.regionh.dk/,"55.730680272,12.440709785",Public bodies,Denmark,DK,DK,DK012
943385141,IT04466640481,NEMO Nature and Environment Management Operators S.r.l,NEMO srl,VIALE GIUSEPPE MAZZINI 26,Firenze,50132,IT,,"43.774240601,11.272550426",Private for-profit entities,Italy,IT,IT,ITI14
907328786,,ÅLANDS LANDSKAPSREGERING/ALLMANNA FÖRVALTNINGEN,AALAND GOV,STRANDGATAN 37,Mariehamn,22111,FI,,"60.098005584,19.944962738",Public bodies,Finland,FI,FI,FI200
999994535,FI03134717,HELSINGIN YLIOPISTO,,FABIANINKATU 33,Helsinki,14,FI,http://www.helsinki.fi/university/,"60.169481,24.950862",Higher or Secondary Education Establishments,Finland,FI,FI,FI1B1
906147035,,DEMOS HELSINKI OY,DEMOS RESEARCH INSTITUTE,MECHELININKATU 3D,Helsinki,100,FI,,"60.169429416,24.922866907",Research Organisations,Finland,FI,FI,FI1B1
996410094,ESA31419773,ZABALA INNOVATION CONSULTING SA,ZABALA,PASEO SANTXIKI 3 BIS,MUTILVA ALTA NAVARRA,31192,ES,https://www.zabala.es,"40.41985,-3.70161",Private for-profit entities,Spain,ES,ES,ES300
998823842,IT01386030488,REGIONE TOSCANA,RT,Palazzo Strozzi Sacrati - Piazza del Duomo  10,Firenze,50122,IT,https://www.regione.toscana.it,"43.772800506,11.257887125",Public bodies,Italy,IT,IT,ITI14
997534324,FI21700292,FORUM VIRIUM HELSINKI OY,RADIO- JATELEVISIOTEKNIIKAN TUTKIMUS RTT,UNIONINKATU 24,Helsinki,130,FI,https://www.forumvirium.fi,"60.16952,24.93545",Other,Finland,FI,FI,FI1B1
877276828,ESA70948799,"Euskalmet - Agencia Vasca de Meteorología, S.A",EUSKALMET,"Portal de Foronda, 41",Vitoria-Gasteiz,1010,ES,,"42.864115994,-2.685901747",Private for-profit entities,Spain,ES,ES,ES211
896576142,,SIHTASUTUS PARNUMAA ARENDUSKESKUS,,UUS 4,Parnu,80010,EE,,"58.385400124,24.499052067",Other,Estonia,EE,EE,EE004
885641526,,PARNU LINN/ CITY OF PARNU,,SUUR-SEPA 16,Parnu linn,80098,EE,,"58.382366797,24.510423711",Public bodies,Estonia,EE,EE,EE004
999479368,PT503821012,SOCIEDADE PORTUGUESA DE INOVACAO CONSULTADORIA EMPRESARIAL E FOMENTO DA INOVACAO SA,SPI,AV MARECHAL GOMES DA COSTA 1376 PORTO CONCELHO FOZ DO DOURO,Porto,4150 356,PT,http://www.spi.pt,"41.14961,-8.61099",Private for-profit entities,Portugal,PT,PT,PT11A
932760440,FI26473754,TEKNOLOGIAN TUTKIMUSKESKUS VTT OY,VTT,TEKNIIKANTIE 21,Espoo,2150,FI,https://www.vtt.fi,"60.186421252,24.813287773",Research Organisations,Finland,FI,FI,FI1B1
999849811,FR69196402515,UNIVERSITE DE PAU ET DES PAYS DE L'ADOUR,,Avenue de l'Universite,Pau,64000,FR,http://www.univ-pau.fr,"43.311338412,-0.364524271",Higher or Secondary Education Establishments,France,FR,FR,FRI15
952727405,PT512069794,FUNDO REGIONAL DA CIENCIA E TECNOLOGIA,FRCT,LARGO DA MATRIZ 45-52,Ponta Delgada,9500-094,PT,,"37.73952,-25.66874",Public bodies,Portugal,PT,PT,PT200
900476900,FI02012961,UUDENMAAN LIITTO,HELSINKI-UUSIMAA REGIONAL COUNCIL,ESTERINPORTTI 2 B,Helsinki,240,FI,,"60.16952,24.93545",Public bodies,Finland,FI,FI,FI1B1
887039296,IT04460610480,IRIS DI BACCI MAURIZIO S.A.S. -STRATEGIE PER L'AMBIENTE,,VIA NAPOLI 43,SAN CASCIANO IN VAL DI PESA,50026,IT,,"43.6875748,11.1331206",Private for-profit entities,Italy,IT,IT,ITI14
999604110,ESG48975767,FUNDACION TECNALIA RESEARCH & INNOVATION,TECNALIA,PARQUE CIENTIFICO Y TECNOLOGICO DE GIPUZKOA MIKELETEGI PASEALEKUA 2,DONOSTIA/SAN SEBASTIAN,20009,ES,http://www.tecnalia.com,"43.286458595,-1.985466835",Research Organisations,Spain,ES,ES,ES212
999895789,IT01279680480,UNIVERSITA DEGLI STUDI DI FIRENZE,UNIFI,Piazza San Marco  4,Florence,50121,IT,http://www.unifi.it/,"43.777811794,11.259406428",Higher or Secondary Education Establishments,Italy,IT,IT,ITI14
885510770,ESS4711001J,"CONSEJERIA DE AGRICULTURA, GANADERIA Y DESARROLLO RURAL DE CASTILLA Y LEON",,RIGOBERTO CORTEJOSO 14,Valladolid,47014,ES,,"41.653110819,-4.738481727",Public bodies,Spain,ES,ES,ES418
999778225,ESS4833001C,"DEPARTAMENTO DE INDUSTRIA, TRANSICION ENERGETICA Y SOSTENIBILIDAD - GOBIERNO VASCO","INDUSTRIA, TRANTSIZIO ENERGETIKO ETA JASANGARRITASUN SAILA",SAMANIEGO 2,VITORIA-GASTEIZ,1008,ES,http://www.ejgv.euskadi.net/r53-2283/es/,"42.847962485,-2.676348973",Public bodies,Spain,ES,ES,ES211
999991043,DK29979812,KOBENHAVNS UNIVERSITET,UCPH,NORREGADE 10,KOBENHAVN,1165,DK,http://www.ku.dk,"55.67452,12.56442",Higher or Secondary Education Establishments,Denmark,DK,DK,DK011
999951467,IT03476550102,RINA CONSULTING SPA,RINA-C,VIA CECCHI 6,GENOVA,16129,IT,http://www.dappolonia.it,"41.90085,12.49035",Private for-profit entities,Italy,IT,IT,ITI43
882206174,ESB40141699,VIVEROS NAVALFRESA SL,VIVEROS NAVALFRESA SL,CAMINO CARBONERO SN,Navalmanzano,40280,ES,,"41.2151515,-4.2580424",Private for-profit entities,Spain,ES,ES,ES416
987834033,DK30773047,VIA UNIVERSITY COLLEGE,VIA UC,HEDEAGER 2,Aarhus N,8200,DK,,"56.192940388,10.181167456",Higher or Secondary Education Establishments,Denmark,DK,DK,DK042
906406607,FR2L200067106,COMMUNAUTE D'AGGLOMERATION DU PAYS BASQUE,,15 AVENUE MARECHAL FOCH,Bayonne,64100,FR,,"43.493858019,-1.482345025",Public bodies,France,FR,FR,FRI15
999884731,IT01118840501,SCUOLA SUPERIORE DI STUDI UNIVERSITARI E DI PERFEZIONAMENTO S ANNA,SSSA,PIAZZA MARTIRI DELLA LIBERTA 33,Pisa,56127,IT,http://www.santannapisa.it,"43.70853,10.4036",Higher or Secondary Education Establishments,Italy,IT,IT,ITI17
986210447,CY90004817U,ENERGEIAKO GRAFEIO KYPROU,CYPRUS ENERGY AGENCY CEA,LEFKONOS 2-12,LEFKOSIA,1011,CY,,"34.70982365,33.191860608718386",Other,Cyprus,CY,CY,CY000
999514385,ESG48939508,FUNDACION AZTI - AZTI FUNDAZIOA,AZTI,TXATXARRAMENDI UGARTEA Z/G,SUKARRIETA,48395,ES,http://www.azti.es,"43.3953415,-2.696367",Research Organisations,Spain,ES,ES,ES213
999929836,ESG47565478,FUNDACION CARTIF,CARTIF,PQ TECNOLOGICO BOECILLO 205,Boecillo,47151,ES,http://www.cartif.es,"41.5409,-4.6994",Research Organisations,Spain,ES,ES,ES418
998373665,DK29190658,REGION SJAELLAND,ZEALCO,ALLEEN 15,Soroe,4180,DK,,"55.438033331,11.559259124",Public bodies,Denmark,DK,DK,DK022
999960488,IT05724831002,ENGINEERING - INGEGNERIA INFORMATICA SPA,ENG,PIAZZALE DELL'AGRICOLTURA 24,Roma,144,IT,https://www.eng.it,"41.837137598,12.471024698",Private for-profit entities,Italy,IT,IT,ITI43
999522921,SE232100001601,REGION STOCKHOLM,RS,HANTVERKARGATAN 45,Stockholm,104 22,SE,http://www.sll.se,"59.328783201,18.040095027",Public bodies,Sweden,SE,SE,SE110
999448425,EE100539594,SIHTASUTUS STOCKHOLMI KESKKONNAINSTITUUDI TALLINNA KESKUS,STOCKHOLM ENVIRONMENT INSTITUTE TALLINN CENTRE,"POHJA-TALLINNA LINNAOSA, ERIKA TN 14",Tallinn,10416,EE,http://www.seit.ee,"59.43696,24.75353",Research Organisations,Estonia,EE,EE,EE001
913789374,BG176078294,RISK - SPEYS - TRANSFER,RST-TTO,"UL. AKAD.GEORGI BONCHEV, BL.1",SOFIA,1113,BG,,"42.6978634,23.3221789",Research Organisations,Bulgaria,BG,BG,BG411
966998336,BG000056814,OBSHTINA BURGAS,BURGAS MUNICIPALITY,UL. ALEKSANDROVSKA 26,Burgas,8000,BG,,"42.493083716,27.47233122",Public bodies,Bulgaria,BG,BG,BG341
915844901,EE100067066,EESTI KESKKONNAUURINGUTE KESKUS,EKUK,MARJA 4D,Tallinn,10617,EE,,"59.43696,24.75353",Private for-profit entities,Estonia,EE,EE,EE001
998175688,PT512017050,UNIVERSIDADE DOS ACORES,UNIVERSIDADE DOS ACORES,RUA DA MAE DE DEUS,PONTA DELGADA S MIGUEL ACORES,9501 801,PT,http://www.horta.uac.pt,"37.7394344,-25.6683618",Higher or Secondary Education Establishments,Portugal,PT,PT,PT200
915811533,BE0644855307,REVOLVE PLANET,REVOLVE,AVENUE PALMERSTON 3,Bruxelles / Brussel,1000,BE,,"50.846543825,4.3805835975",Other,Belgium,BE,BE,BE100
990681953,ESA01024223,SOCIEDAD PUBLICA DE GESTION AMBIENTAL IHOBE SA,,ALAMEDA DE URKIJO 36 6,Bilbao,48011,ES,http://www.ihobe,"43.26271,-2.92528",Private for-profit entities,Spain,ES,ES,ES213
960438420,FR79410034607,SUEZ EAU FRANCE,,ALTIPLANO 4 PLACE DE LA PYRAMIDE,PUTEAUX,92800,FR,,"48.888749005,2.2424340259",Private for-profit entities,France,FR,FR,FR105
999751744,EL094360380,ATHENS TECHNOLOGY CENTER ANONYMI VIOMICHANIKI EMPORIKI KAI TECHNIKI ETAIREIA EFARMOGON YPSILIS TECHNOLOGIAS,ATC A.E.,RIZAREIOU 10,ATHINA,152 33,EL,https://www.atc.gr,"38.030789806,23.797038004",Private for-profit entities,Greece,EL,EL,EL301
998830535,GB799904649,SEI OXFORD OFFICE LIMITED,,"OXFORD ECO CENTRE ROGER HOUSE, OSNEY MEAD","OXFORD, OXFORDSHIRE",OX2 0ES,UK,http://www.sei.se/oxford,"51.51089,-0.08689",Other,United Kingdom,UK,GB,UKJ14
999974650,CHE114927636TVA,UNIVERSITE DE GENEVE,UNIGE,RUE DU GENERAL DUFOUR 24,Geneve,1211,CH,http://www.unige.ch,"46.199635312,6.1422017338",Higher or Secondary Education Establishments,Switzerland,CH,CH,CH013
999514191,IT03929151003,AGENZIA PER LA PROMOZIONE DELLA RICERCA EUROPEA,APRE,VIA CAVOUR 71,Roma,184,IT,http://www.apre.it,"41.899070894,12.497710582",Research Organisations,Italy,IT,IT,ITI43
952410118,ESG99330094,FUNDACION IBERCIVIS,,CALLE MARIANO ESQUILLOR SN CAMPUS RIO EBRO EDIFICIO I+D BLOQUE 2 PLANTA 2,Zaragoza,50018,ES,,"41.666168,-0.8900207",Research Organisations,Spain,ES,ES,ES243
999450268,SE802014076301,STIFTELSEN THE STOCKHOLM ENVIRONMENT INSTITUTE,SEI,VIRKESVAGEN 1A,STOCKHOLM,120 30,SE,http://www.sei-international.org,"59.301458867,18.09060471",Research Organisations,Sweden,SE,SE,SE110
937663402,,VEREIN DER EUROPAISCHEN BURGEWISSENSCHAFTEN - ECSA EV,EUROPEAN CITIZEN SCIENCE ASSOCIATION,INVALIDENSTR. 43,Berlin,10115,DE,,"52.530037301,13.379431224",Research Organisations,Germany,DE,DE,DE300
999655520,ESS0800099D,BARCELONA SUPERCOMPUTING CENTER CENTRO NACIONAL DE SUPERCOMPUTACION,BSC CNS,CALLE JORDI GIRONA 31,BARCELONA,8034,ES,http://www.bsc.es,"41.389320088,2.1162276259",Research Organisations,Spain,ES,ES,ES511
999512930,DE136736020,RISA SICHERHEITSANALYSEN GMBH,RISA,XANTENER STRASSE 11,Berlin,10707,DE,http://www.risa.de,"52.52437,13.41053",Private for-profit entities,Germany,DE,DE,DE300
896926118,EL998437175,ODOS KENTRIKIS ELLADOS S.A,,10th km of National Road Lamia - Athens,Lamia,351 00,EL,,"38.801944373,22.541136417",Private for-profit entities,Greece,EL,EL,EL644
986311327,FI10728943,FINGRID OYJ,FGRID,LAKKISEPANTIE 21,Helsinki,101,FI,https://www.fingrid.fi,"60.21996785,24.942833523",Private for-profit entities,Finland,FI,FI,FI1B1
999907526,GB729856187,THE UNIVERSITY OF BIRMINGHAM,UoB,Edgbaston,Birmingham,B15 2TT,UK,http://www.bham.ac.uk,"52.453267198,-1.927895817",Higher or Secondary Education Establishments,United Kingdom,UK,GB,UKG31
999516131,IT00930861000,TECNIC CONSULTING ENGINEERS,TECNIC,VIA SABOTINO 31,ROMA,195,IT,https://www.tecnic-spa.it,"41.91672729,12.461188702",Private for-profit entities,Italy,IT,IT,ITI43
997352934,,THE UNIVERSITY OF HONG KONG,UHK,Pokfulam Road,Pokfulam,,HK,https://www.hku.hk,"22.2605244,114.1361846",Higher or Secondary Education Establishments,Hong Kong,HK,HK,HK
953676744,BE0422137070,BUREAU INTERNATIONAL DU BETON MANUFACTURE,BIBM,RUE D ARLON 55,Bruxelles / Brussel,1040,BE,https://www.bibm.eu,"50.842372361,4.3740115987",Other,Belgium,BE,BE,BE100
999993953,IT01131710376,ALMA MATER STUDIORUM - UNIVERSITA DI BOLOGNA,UNIBO,VIA ZAMBONI 33,Bologna,40126,IT,http://www.unibo.it,"44.496930011,11.352420911",Higher or Secondary Education Establishments,Italy,IT,IT,ITH55
999989782,NL001932706B01,RIJKSUNIVERSITEIT GRONINGEN,,Broerstraat  5,Groningen,9712CP,NL,http://www.rug.nl,"53.219247001,6.5631014325",Higher or Secondary Education Establishments,Netherlands,NL,NL,NL115
999974747,DE147794196,UNIVERSITY OF STUTTGART,USTUTT,KEPLERSTRASSE 7,Stuttgart,70174,DE,http://www.uni-stuttgart.de,"48.781548989,9.1747319741",Higher or Secondary Education Establishments,Germany,DE,DE,DE111
999985805,NL001798650B01,UNIVERSITEIT UTRECHT,UU,HEIDELBERGLAAN 8,Utrecht,3584 CS,NL,http://www.uu.nl,"52.085180488,5.1754507912",Higher or Secondary Education Establishments,Netherlands,NL,NL,NL350
996855421,IT00210240321,Comune di Trieste,,PIAZZA DELL UNITA D ITALIA  4,Trieste,34121,IT,http://www.retecivica.trieste.it,"45.649501502,13.768395788",Public bodies,Italy,IT,IT,ITH44
915868569,EL099457572,ENVIRONMENTAL RELIABILITY AND RISK ANALYSIS,ENVIRONMENTAL RELIABILITY AND RISK ANALYSIS,LEOFOROS SYGGROY 67 KAI ZAN MOREAS 40,ATHENS,117 45,EL,,"37.9841493,23.7279843",Private for-profit entities,Greece,EL,EL,EL303
950971414,,PERIFEREIA DYTIKHS MAKEDONIAS,REGION OF WESTERN MACEDONIA,ZEP Area,KOZANI,501 00,EL,https://www.pdm.gov.gr,"40.315540862,21.704994647",Public bodies,Greece,EL,EL,EL531
907509788,EL997006605,DIKTYO POLEON GIA TI VIOSIMI ANAPTYXI KAI KYKLIKI OIKONOMIA A.M.K.E.,,GOUNARI DIMITRIOU 25,GLYFADA,165 62,EL,,"37.98308,23.72762",Other,Greece,EL,EL,EL303
888396811,NL862003234B01,STICHTING INTERNATIONAL INSTITUTE FOR ENVIRONMENT AND DEVELOPMENT EUROPE,IIED Europe,PLANTAGE MIDDENLAAN 2G,AMSTERDAM,1018 DD,NL,,"52.367160829,4.9084968981",Research Organisations,Netherlands,NL,NL,NL32B
989552000,LT350214515,VIESOJI ISTAIGA VIESOSIOS POLITIKOSIR VADYBOS INSTITUTAS,PPMI,GEDIMINO PR 50/A ROTUNDO G 2,VILNIUS,LT-01110,LT,,"54.6870458,25.2829111",Research Organisations,Lithuania,LT,LT,LT011
997382713,BE0885520027,EUROPEAN REGIONS RESEARCH AND INNOVATION NETWORK,ERRIN,RUE DE LUXEMBOURG 3,Bruxelles / Brussel,1000,BE,https://www.errin.eu,"50.840245202,4.3669019008",Other,Belgium,BE,BE,BE100
948986115,FR33817759186,ETABLISSEMENT D'ENSEIGNEMENT SUPERIEUR CONSULAIRE HAUTES ETUDES COMMERCIALES DE PARIS,,RUE DE LA LIBERATION 1,Jouy-En-Josas,78350,FR,https://www.hec.fr,"48.757324996,2.1690140023",Higher or Secondary Education Establishments,France,FR,FR,FR103
998403541,GB869587641,PAUL WATKISS ASSOCIATES LTD,PWA,ISLIP ROAD 18,Oxford,OX2 7SN,UK,http://www.paulwatkiss.co.uk,"51.78431377,-1.264235734",Private for-profit entities,United Kingdom,UK,GB,UKJ14
878875582,NL860987541B01,STICHTING CLIMATE-KIC INTERNATIONAL FOUNDATION,Climate KIC,PLANTAGE MIDDENLAAN 45,Amsterdam,1018 DC,NL,,"52.365577236,4.9147685733",Other,Netherlands,NL,NL,NL32B
974802471,,STICHTING INTERNATIONAL RED CROSS RED CRESCENT CENTRE ON CLIMATE CHANGE AND DISASTER PREPAREDNESS,Climate Centre,ANNA VAN SAKSENLAAN 50,DEN HAAG,2593 HT,NL,http://www.climatecentre.org,"52.37291,4.89142",Other,Netherlands,NL,NL,NL32B
999677733,FR11485241368,LGI SUSTAINABLE INNOVATION,LGI,6 CITE DE L'AMEUBLEMENT,Paris,75011,FR,http://www.lgi-consulting.com,"48.85341,2.3488",Private for-profit entities,France,FR,FR,FR101
889463132,BE0869856903,REGIONS4 SUSTAINABLE DEVELOPMENT,,CHAUSSEE D'ALSEMBERG 999,Bruxelles / Brussel,1180,BE,,"50.796062388,4.3342853171",Other,Belgium,BE,BE,BE100
920286919,CHE116200025TVA,STIFTUNG GLOBAL INFRASTRUCTURE BASEL,GOBAL INFRASTRUCTURE BASEL FOUNDATION,ELISABETHENSTRASSE 28,BASEL,4051,CH,,"47.551476326,7.5908698643",Other,Switzerland,CH,CH,CH031
930725089,EL997687965,PERIFEREIA ANATOLIKIS MAKEDONIAS KAI THRAKIS,REGION OF EAST MACEDONIA AND THRACE,G. KAKOULIDOU 1,KOMOTINI,691 32,EL,,"41.115352242,25.398040194",Public bodies,Greece,EL,EL,EL513
993966082,FI02048198,TURUN KAUPUNKI,ABO STAD CITY OF TURKU,YLIOPISTONKATU 27 A,Turku,20100,FI,,"60.451347437,22.262726772",Public bodies,Finland,FI,FI,FI1C1
886553617,NO913379403MVA,ANDFJORD SALMON AS,,KVALNESVEIEN 69,DVERBERG,8485,NO,,"68.677934,16.587163",Private for-profit entities,Norway,NO,NO,NO071
999997736,DK31119103,AARHUS UNIVERSITET,AU,NORDRE RINGGADE 1,Aarhus C,8000,DK,http://www.au.dk,"56.171028417,10.199380829",Higher or Secondary Education Establishments,Denmark,DK,DK,DK042
999920718,LV90000068977,RIGAS TEHNISKA UNIVERSITATE,RTU,KIPSALAS IELA 6A,Riga,1048,LV,http://www.rtu.lv,"56.946,24.10589",Higher or Secondary Education Establishments,Latvia,LV,LV,LV00A
951433134,PT509402267,ASSOCIACAO BLC3-CAMPUS DE TECNOLOGIA E INOVACAO,BLC3,RUA NOSSA SENHORA DA CONCEICAO 2 LAGARES DA BEIRA,Oliveira Do Hospital,3405 155,PT,,"40.3618,-7.86014",Research Organisations,Portugal,PT,PT,PT192
889667511,NO911989417MVA,AUGMENTCITY AS,,BORGUNDVEGEN 340,Alesund,6009,NO,,"62.471094538,6.2335261732",Private for-profit entities,Norway,NO,NO,NO0A3
898469679,PT514504170,FASTTRACK VENTURES LDA,FASTTRACK,RUA DO CAIS DAS NAUS 1B E 1C PARQUE DAS NACOES,LISBOA,1990-305,PT,,"38.73247,-9.13372",Private for-profit entities,Portugal,PT,PT,PT1A0
886871292,EL090351183,PERIFEREIAKO TAMEIO ANAPTYXIS ANATOLIKIS MAKEDONIAS THRAKIS,REGIONAL DEVELOPMENT FUND EAST MACEDONIA THRACE,DIMITRIOY TSETINE 7,KOMOTINI,691 00,EL,,"41.117833,25.4041307",Other,Greece,EL,EL,EL513
891458131,,REGION NORMANDIE,,ABBAYE AUX DAMES PLACE REINE MATHILDE,Caen,14035,FR,,"49.18673,-0.35248",Public bodies,France,FR,FR,FRD11
881998109,NO987067357MVA,OSC AS,,BORGUNDVEGEN 340,Alesund,6009,NO,,"62.471094538,6.2335261732",Private for-profit entities,Norway,NO,NO,NO0A3
886540231,PT502106506,COMUNIDADE INTERMUNICIPAL DO MEDIO TEJO,COMUNIDADE INTERMUNICIPAL DO MEDIO TEJO,CONVENTO DE SAO FRANCISCO RUA GENERAL BERNARDO FARIA,Tomar,2300-535,PT,,"39.6008012,-8.4140631",Public bodies,Portugal,PT,PT,PT1D2
953461695,PT507487648,ITECONS INSTITUTO DE INVESTIGACAO E DESENVOLVIMENTO TECNOLOGICO PARA A CONSTRUCAO ENERGIA AMBIENTE E SUSTENTABILIDADE,ITeCons,RUA PEDRO HISPANO,Coimbra,3030 289,PT,,"40.190141949,-8.41376965",Research Organisations,Portugal,PT,PT,PT192
983970426,PT508993628,MEDIOTEJO 21 - AGENCIA REGIONAL DEENERGIA E AMBIENTE DA REGIAO DO MEDIO TEJO E PINHAL INTERIOR SUL,MédioTejo 21,R D ANTONIO PRIOR DO CRATO N 115,ABRANTES,2200-086,PT,,"39.4646547,-8.2106174",Other,Portugal,PT,PT,PT1D2
885391557,NO974790653MVA,VESTERALEN REGIONRAD,VESTERALEN REGIONRAD,RADHUSGATA 11,Sortland,8401,NO,,"68.695798716,15.416045187",Public bodies,Norway,NO,NO,NO071
953501562,PT507807090,ASSOCIACAO PARA UM CENTRO DE ESTUDOS EM DESENVOLVIMENTO SUSTENTAVEL,CEDES,AV AVENIDA MANUEL VIOLAS N 476,VILA NOVA DE GAIA,4410 137,PT,,"41.025477513,-8.619952495",Research Organisations,Portugal,PT,PT,PT11A
913040049,BE0657892602,STARTUP EUROPE REGIONS NETWORK,,AVENUE DES ARTS 24,Bruxelles / Brussel,1000,BE,,"50.84581154,4.3692145517",Other,Belgium,BE,BE,BE100
886632090,ESP1702600F,AJUNTAMENT DE BLANES,AJUNTAMENT DE BLANES,PASSEIG DE DINTRE  29,Blanes,17300,ES,,"41.674070773,2.7920379316",Public bodies,Spain,ES,ES,ES512
879792038,,VESTERALEN INTERKOMMUNALE POLITISKE RAD,VESTERALSRADET,RADHUSGATA 11,SORTLAND,8400,NO,,"68.695798716,15.416045187",Public bodies,Norway,NO,NO,NO071
879924928,,CONSEJERIA DE GESTION FORESTAL Y MUNDO RURAL,,"EDIFICIO MERIDA III  MILENIO, MODULO 1, 4A PLANTA, AV VALHONDO SN",MERIDA,6800,ES,,"38.9158586,-6.3456061",Public bodies,Spain,ES,ES,ES431
995943233,SE232100008101,BLEKINGE LANS LANDSTING,BLEKINGE  LAN COUNTY COUNCIL OF BLEKINGE,Friskvägen  Byggn 2,Karlskrona,37185,SE,,"56.181803767,15.602864781",Public bodies,Sweden,SE,SE,SE221
894000307,,OFFICE FRANCAIS DE LA BIODIVERSITE,,12 COURS LOUIS LUMIERE,Vincennes,94300,FR,,"48.843400017,2.4293539871",Public bodies,France,FR,FR,FR107
999987939,,FONDATION EUROPEENNE DE LA SCIENCE,,QUAI LEZAY MARNESIA 1,Strasbourg Cedex,67080,FR,http://www.esf.org,"48.58489299,7.754661975",Other,France,FR,FR,FRF11
995992024,ESG60667813,FUNDACIO PER A LA UNIVERSITAT OBERTA DE CATALUNYA,FUOC UNIVERSITAT OBERTA DE CATALUNYA UOC,RAMBLA POBLENOU 154,BARCELONA,8018,ES,https://www.uoc.edu,"41.5827536,2.2353701",Higher or Secondary Education Establishments,Spain,ES,ES,ES511
951026025,ESG06630644,FUNDACION FUNDECYT - PARQUE CIENTIFICO Y TECNOLOGICO DE EXTREMADURA,FUNDECYT PCTEX,AVENIDA DE ELVAS CAMPUS UNIVERSITARIO EDIFICIO PARQUE CIENTIFICO TECNOLOGICO,Badajoz,6071,ES,,"38.87789,-6.97061",Research Organisations,Spain,ES,ES,ES431
999858832,ESQ0618001B,UNIVERSIDAD DE EXTREMADURA,UEx,AVENIDA DE ELVAS SN,Badajoz,6006,ES,http://www.unex.es,"38.87789,-6.97061",Higher or Secondary Education Establishments,Spain,ES,ES,ES431
999659109,EL090028889,DIMOKRITIO PANEPISTIMIO THRAKIS,DEMOCRITUS UNIVERSITY OF THRACE (DUTH),PANEPISTIMIOUPOLI RECTORATE BUILDING,KOMOTINI,691 00,EL,http://www.duth.gr,"37.98308,23.72762",Higher or Secondary Education Establishments,Greece,EL,EL,EL303
920867270,ESS0611007I,"CONSEJERIA DE AGRICULTURA, GANADERIA Y MEDIO NATURAL - JUNTA DE EXTREMADURA",,AVENIDA DE PORTUGAL S/N,Merida,6800,ES,,"38.906807769,-6.361331754",Public bodies,Spain,ES,ES,ES431
910945140,NO919303808MVA,SINTEF AS,SINTEF,STRINDVEGEN 4,Trondheim,7034,NO,http://www.sintef.no,"63.413454184,10.40894073",Research Organisations,Norway,NO,NO,NO060
999523503,IT01105250722,REGIONE PUGLIA,,VIA GENTILE 52,Bari,70126,IT,https://www.regione.puglia.it,"41.108553783,16.912903309",Public bodies,Italy,IT,IT,ITF47
934887262,FI02446292,LUONNONVARAKESKUS,LUKE,LATOKARTANONKAARI 9,Helsinki,790,FI,http://www.luke.fi,"60.229014815,25.019107081",Research Organisations,Finland,FI,FI,FI1B1
997381452,DK29190925,REGION MIDTJYLLAND,,SKOTTENBORG 26,VIBORG,8800,DK,,"56.453537,9.401334",Public bodies,Denmark,DK,DK,DK041
891931006,PT509761534,Comunidade Intermunicipal do Baixo Alentejo,CIMBAL,"Praceta Rainha D. Leonor, n.º 1",Beja,7801-953,PT,,"38.009607218,-7.862486223",Public bodies,Portugal,PT,PT,PT1C2
999589172,SE202100401101,BLEKINGE TEKNISKA HOGSKOLA,BTH,CAMPUS GRASVIK,Karlskrona,371 79,SE,https://www.bth.se,"56.16156,15.58661",Higher or Secondary Education Establishments,Sweden,SE,SE,SE221
948193431,FI25281603,TURUN AMMATTIKORKEAKOULU OY,Turku UAS,JOUKAHAISENKATU 3A,Turku,20520,FI,http://www.turkuamk.fi,"60.45148,22.26869",Higher or Secondary Education Establishments,Finland,FI,FI,FI1C1
998006229,DK37295728,NIRAS AS,NIRAS AS,SORTEMOSEVEJ 19,ALLEROED,3450,DK,https://www.niras.com,"55.67452,12.56442",Private for-profit entities,Denmark,DK,DK,DK011
998376284,UA020710915533,ODESKIY NACIONALNIY UNIVERSITET IMENI I.I. MECHNIKOVA,ONU ODESSA I.I.MECHNKOV NATIONAL UNIVERSITY,DVORYANSKAYA STR 2,Odessa,65026,UA,http://www.onu.edu.ua,"46.48572,30.74383",Higher or Secondary Education Establishments,Ukraine,UA,UA,UA
997474572,ESP0827900B,AJUNTAMENT DE TERRASSA,AYUNTAMIENTO DE TERRASSA,RAVAL DE MONTSERRAT 14,TERRASSA,8221,ES,,"41.5637478,2.0082664",Public bodies,Spain,ES,ES,ES511
889350709,FR49902758804,ACCENT SUD - ASSOCIATION POUR LA COOPERATION CULTURELLE ET L'ECONOMIE NUMERIQUE TRANSREGIONALE AVEC L'EUROPE DU SUD,ACCENT SUD,COURS DU MARECHAL GALLIENI 166,Talence,33400,FR,,"44.820804989,-0.595359039",Other,France,FR,FR,FRI12
998268905,ESB64206659,Hydrometeorological Innovative Solutions,HYDS,"CALLE JORDI GIRONA  1-3, Edif ParcUC K2M S204B",Barcelona,8034,ES,https://www.hyds.es,"41.387600918,2.1136480114",Private for-profit entities,Spain,ES,ES,ES511
907047195,ESG67172205,ASSOCIACIO REVOLVE MEDITERRANEO,,CARRER ALABA 100,Barcelona,8018,ES,,"41.398050846,2.1919675088",Other,Spain,ES,ES,ES511
940719872,,ZENTRUM FUR SOZIALE INNOVATION GMBH,Zentrum fuer Soziale Innovation GmbH,LINKE WIENZEILE 246,Wien,1150,AT,http://www.zsi.at,"48.18415977,16.331040476",Research Organisations,Austria,AT,AT,AT130
950162434,IT06848450729,TECNOPOLIS PARCO SCIENTIFICO E TECNOLOGICO SCARL,TECNOPOLIS PST,STRADA PROV LE PER CASAMASSIMA KM 3 PARCO TECNOPOLIS,Valenzano,70010,IT,,"41.04376,16.88491",Research Organisations,Italy,IT,IT,ITF47
949379741,PT600028348,UNIVERSIDADE POLITECNICA DE PORTALEGRE,UNIVERSIDADE POLITECNICA DE PORTALEGRE,PRACA DO MUNICIPIO,PORTALEGRE,7300-110,PT,,"39.291157591,-7.432930061",Higher or Secondary Education Establishments,Portugal,PT,PT,PT1C3
999928478,PT504041266,"INOVA+ - INNOVATION SERVICES, SA",INOVA+,RUA DR AFONSO CORDEIRO 567,Matosinhos,4450-309,PT,http://www.inovamais.pt,"41.18207,-8.68908",Private for-profit entities,Portugal,PT,PT,PT11A
955664468,,COMISSAO DE COORDENACAO E DESENVOLVIMENTO REGIONAL DO CENTRO,,RUA BERNARDIM RIBEIRO 80,Coimbra,3000-069,PT,,"40.210072236,-8.408967953",Public bodies,Portugal,PT,PT,PT192
950866460,FI09223059,VARSINAIS-SUOMEN LIITTO,VARSINAIS-SUOMI MAAKUNTA EGENTLIGA FINLANDS FORBUND REGIONAL COUNCIL OF SOUTHWESTFINLAND,LINNANKATU 52 B,Turku,20100,FI,https://www.varsinais-suomi.fi,"60.440610879,22.243790539",Public bodies,Finland,FI,FI,FI1C1
894788238,EL801272460,ENORA INNOVATION ETAIREIA PSIFIAKON TEXNOLOGION KAI ERGON KAINOTOMIAS IDIOTIKI KEFALAIOUXIKI ETAIREIA,ENORA INNOVATION IKE,PLOUTONOS 25,ELEUSIS,192 00,EL,,"38.0361984,23.8243734",Private for-profit entities,Greece,EL,EL,EL306
896590692,PT515095664,FORESTWISE ASSOCIACAO PARA O LABORATORIO COLABORATIVO PARA A GESTAO INTEGRADA DA FLORESTA E DO FOGO,,UNIVERSIDADE DE TRAS OS MONTES E AL PRADOS FOLHADELA,Vila Real,5000-103,PT,,"41.30062,-7.74413",Research Organisations,Portugal,PT,PT,PT11D
948933735,FR94130018310,CENTRE D ETUDES ET D EXPERTISE SUR LES RISQUES L ENVIRONNEMENT LA MOBILITE ET L AMENAGEMENT,CEREMA,2 RUE ANTOINE CHARIAL,LYON,69426,FR,http://www.cerema.fr,"45.758411007,4.8633620259",Public bodies,France,FR,FR,FRK26
999991334,BE0419052173,KATHOLIEKE UNIVERSITEIT LEUVEN,KU Leuven,OUDE MARKT 13,Leuven,3000,BE,http://www.kuleuven.be,"50.87959,4.70093",Higher or Secondary Education Establishments,Belgium,BE,BE,BE242
936214707,NO985888299MVA,STIFTELSEN MUSEUM NORD,FOUNDATION MUSEUM NORD,SKOLEGATA 1,Melbu,8445,NO,,"68.50246,14.79962",Other,Norway,NO,NO,NO071
999903064,FI02458963,TURUN YLIOPISTO,UNIVERSITY OF TURKU,YLIOPISTONMAKI,Turku,20014,FI,http://www.utu.fi,"60.45148,22.26869",Higher or Secondary Education Establishments,Finland,FI,FI,FI1C1
929602993,,COMUNIDADE INTERMUNICIPAL DA REGIAO DE COIMBRA,CIM-RC,RUA DO BRASIL 131,COIMBRA,3030-175,PT,,"40.201304059,-8.416980408",Public bodies,Portugal,PT,PT,PT192
998927923,,INSTITUT FUR HOHERE STUDIEN - INSTITUTE FOR ADVANCED STUDIES,IHS,JOSEFSTADTER STRASSE 39,Wien,1080,AT,http://www.ihs.ac.at,"48.209700602,16.347828087",Higher or Secondary Education Establishments,Austria,AT,AT,AT130
916436601,LT236153417,UZDAROJI AKCINE BENDROVE ID VILNIUS,ID Vilnius,LVIVO G. 25-102,VILNIUS,LT-09320,LT,,"54.7225416,25.3899088",Private for-profit entities,Lithuania,LT,LT,LT011
994801543,,ZALA BRIVIBA BIEDRIBA,GREEN LIBERTY,LAPU IELA 17-3,Riga,1002,LV,http://www.zb-zeme.lv,"56.9493977,24.1051846",Other,Latvia,LV,LV,LV00A
937126604,,VsI Laimikis.lt,Laimikis.LT,Kalvarijų 176-54,Vilnius,LT-08205,LT,,"54.7125621,25.28574827941248",Higher or Secondary Education Establishments,Lithuania,LT,LT,LT011
952891432,GB132500367,TECHNOVATIVE SOLUTIONS LTD,,UNITS 1 & 4 FIRST FLOOR RUTHERFORD HOUSE MANCHESTER SCIENCE PARK PENCROFT WAY,MANCHESTER,M15 6JJ,UK,,"53.4791301,-2.2441009",Private for-profit entities,United Kingdom,UK,GB,UKD33
937861670,LV90011524360,"""RIGA MUNICIPAL AGENCY """"RIGA ENERGY AGENCY""""""",Riga Energy Agency (REA),Tornu street 4,Riga,LV-1050,LV,,"56.951544241,24.107881973",Public bodies,Latvia,LV,LV,LV00A
998325941,IT06458931000,DEEP BLUE SRL,DEEP BLUE,VIA DANIELE MANIN 53,ROMA,185,IT,http://www.dblue.it,"41.899168585,12.499339102",Private for-profit entities,Italy,IT,IT,ITI43
999902094,BE0449012406,VRIJE UNIVERSITEIT BRUSSEL,VUB,PLEINLAAN 2,Bruxelles / Brussel,1050,BE,http://www.vub.ac.be,"50.823004968,4.3926172445",Higher or Secondary Education Establishments,Belgium,BE,BE,BE100
986593888,RO21223668,EUROPEAN INTEGRATED PROJECT,EIP,BULEVARD ION MIHALACHE 327 BL 12 SC B ET 6 AP 59 SECTOR 1,Bucuresti,11186,RO,,"44.42802,26.09665",Private for-profit entities,Romania,RO,RO,RO321
945145400,DE206445387,IFOK GMBH,IFOK GmbH,BERLINER RING 89,Bensheim,64625,DE,,"49.68369,8.61839",Private for-profit entities,Germany,DE,DE,DE715
885271471,,Gemeinde Edermünde,Gemeinde Edermünde,Brückenhofstr. 4,Edermunde,34295,DE,,"51.21244715,9.421153552446555",Public bodies,Germany,DE,DE,DE735
999647857,LT119502413,VILNIAUS GEDIMINO TECHNIKOS UNIVERSITETAS,VILNIUS TECH,SAULETEKIO AL 11,Vilnius,LT-10223,LT,https://www.vgtu.lt,"54.68916,25.2798",Higher or Secondary Education Establishments,Lithuania,LT,LT,LT011
938047328,ESF85927481,CAMBIAMO SOCIEDAD COOPERATIVA MADRILENA,,CALLE DUQUE DE FERNAN NUNEZ 2 PISO 1,Madrid,28012,ES,,"40.4165,-3.70256",Other,Spain,ES,ES,ES300
919818312,ESS0811001G,DEPARTAMENT DE LA PRESIDENCIA - GENERALITAT DE CATALUNYA,,PLAÇA SANT JAUME 4 - PALAU DE LA GENERALITAT,Barcelona,8002,ES,,"41.3828401,2.1767417",Public bodies,Spain,ES,ES,ES511
999840693,EL090166310,PANEPISTIMIO AIGAIOU,UNIVERSITY OF THE AEGEAN,LOFOS PANEPISTIMIOU,Mytilini,811 00,EL,http://www.aegean.gr,"39.107893,26.555374",Higher or Secondary Education Establishments,Greece,EL,EL,EL411
885301056,,Pilieciu mokslo asociacija,,Kriviu g. 5-143,Vilnius,LT-01204,LT,,"54.8038609,25.3232263",Other,Lithuania,LT,LT,LT011
999992304,,JRC -JOINT RESEARCH CENTRE- EUROPEAN COMMISSION,JRC,Rue de la Loi 200,Bruxelles / Brussel,1049,BE,http://www.jrc.ec.europa.eu,"50.843482167,4.3825603856",Research Organisations,Belgium,BE,BE,BE100
891896474,ESG95991659,ASOCIACION PARA EL DESARROLLO DE LADEMOCRACIA DELIBERATIVA Y PARTICIPATIVA,DELIBERATIVA,CALLE ARCHEAGA 2-5 IZQUIERDA,Bilbao,48003,ES,,"43.27374935,-2.9648272851730884",Other,Spain,ES,ES,ES213
930696183,ESP0500000E,DIPUTACION DE AVILA,COUNTY COUNCIL OF AVILA,CALLE CANTEROS S/N,AVILA,5001,ES,,"40.41985,-3.70161",Public bodies,Spain,ES,ES,ES300
937658649,CZ00262978,STATUTARNI MESTO LIBEREC,,NAM DR E BENESE 1/1,LIBEREC,460 01,CZ,,"50.7704038,15.0596112",Public bodies,Czechia,CZ,CZ,CZ051
867662770,IT14325870963,AMBIENTE ITALIA SRL,,VIA CARLO POERIO 39,MILANO,20129,IT,,"45.471784284,9.2100509672",Private for-profit entities,Italy,IT,IT,ITC4C
992674042,PT501306099,MUNICIPIO DO PORTO,CAMARA MUNICIPALDO PORTO,PRACA DO GENERAL HUMBERTO DELGADO,Porto,4049 001,PT,,"41.14961,-8.61099",Public bodies,Portugal,PT,PT,PT11A
995380051,,EUROMETROPOLE DE STRASBOURG,,1 PARC DE L'ETOILE,Strasbourg,67076,FR,,"48.572802958,7.7542455105",Public bodies,France,FR,FR,FRF11
984134259,SI12709590,MESTNA OBCINA MARIBOR,MO MARIBOR,ULICA HEROJA STANETA 1,Maribor,2000,SI,https://www.maribor.si,"46.562536935,15.649785956",Public bodies,Slovenia,SI,SI,SI032
996500401,IT00761890177,COMUNE DI BRESCIA,CBS,Piazza Loggia 1,Brescia,25121,IT,,"45.539629128,10.220253722",Public bodies,Italy,IT,IT,ITC47
909584812,PT507886550,ADEPORTO - AGÊNCIA DE ENERGIA DO PORTO,ADEPORTO,RUA GONCALO CRISTOVAO 347 SALA 218,PORTO,4000-270,PT,,"41.14961,-8.61099",Other,Portugal,PT,PT,PT11A
888059445,,"AGENCE DU CLIMAT, LE GUICHET DES SOLUTIONS",,2 AV DE LA FORET NOIRE,Strasbourg,67000,FR,,"48.5860024,7.7636215",Other,France,FR,FR,FRF11
912703168,,FORUM PER LA FINANZA SOSTENIBILE ENTE DEL TERZO SETTORE,,VIA AMPERE ANDREA MARIA 61/A,Milano,20131,IT,,"45.483856781,9.2262861269",Other,Italy,IT,IT,ITC4C
885317352,IT02490920978,SUSTAINADVISORY S.R.L.,,"VIA FILIPPO BRUNELLESCHI, 30",Prato,59100,IT,,"43.87081098,11.11322302",Private for-profit entities,Italy,IT,IT,ITI15
998322449,IT11560560150,AMBIT 1995 S.R.L. in liquidazione,,VIA POERIO 39,MILANO,20129,IT,,"41.90085,12.49035",Private for-profit entities,Italy,IT,IT,ITI43
951807845,BE0207201797,STAD GENK,CITY OF GENK,STADSPLEIN 1,Genk,3600,BE,,"50.965276626,5.4948618195",Public bodies,Belgium,BE,BE,BE224
919991845,FR0K393769252,PARIS EUROPLACE,POLE DE COMPETITIVITE FINANCE INNOVATION,28 PLACE DE LA BOURSE,Paris,75002,FR,,"48.869404997,2.3418549645",Other,France,FR,FR,FR101
902859220,FR50443685029,RAMBOLL FRANCE SAS,,155 RUE LOUIS DE BROGLIE IMMEUBLE LE CEZANNE,Aix-En-Provence,13100,FR,,"43.488703938,5.3568453401",Private for-profit entities,France,FR,FR,FRL04
997911169,CZ61503240,ENVIROS SRO,ENVIROS,DYKOVA 53/10,PRAHA 10,101 00,CZ,,"50.07429,14.4346",Private for-profit entities,Czechia,CZ,CZ,CZ010
928116856,IT00636460164,COMUNE DI BERGAMO,COMUNE DI BERGAMO,PIAZZA MATTEOTTI 27,Bergamo,24122,IT,,"45.694457714,9.6684129116",Public bodies,Italy,IT,IT,ITC46
885227336,IT15240741007,ICCREA BANCA S.P.A. ISTITUTO CENTRALE DEL CREDITO COOPERATIVO,ICCREA BANCA S.P.A.,VIA LUCREZIA ROMANA 41/47,Roma,178,IT,,"41.832995094,12.577904525",Private for-profit entities,Italy,IT,IT,ITI43
984462119,RO23434556,Agentia Locala a Energiei Alba,ALEA,TRANDAFIRILOR 16 BIROU 13,Alba Iulia,510113,RO,,"46.069781485,23.583079615",Other,Romania,RO,RO,RO121
948053945,BE0406479092,EMBUILD VZW,EMBUILD,KUNSTLAAN 20,Bruxelles / Brussel,1000,BE,,"50.846213284,4.3693974448",Other,Belgium,BE,BE,BE100
999575107,BE0316380841,VLAAMSE GEWEST,VL O,AVENUE DU PORT 88,Bruxelles / Brussel,1000,BE,,"50.866036527,4.3500079235",Public bodies,Belgium,BE,BE,BE100
888171771,,FONDUL ROMAN PENTRU EFICIENTA ENERGIEI,,JOHANN STRAUSS 2A ET 6 SECTOR 2,BUCURESTI,20312,RO,,"44.4361414,26.1027202",Other,Romania,RO,RO,RO321
889989551,DK41243163,FONDEN WORLD CLIMATE FOUNDATION,,TOLDBODGADE 55B,Copenhagen,1253,DK,,"55.6825053,12.593202212423511",Other,Denmark,DK,DK,DK011
884880852,IT01029710280,BANCA POPOLARE ETICA SOCIETA COOPERATIVA PER AZIONI,BANCA ETICA BPE,VIA TOMMASEO NICCOLO 7,PADOVA,35131,IT,,"45.416250781,11.878627991",Private for-profit entities,Italy,IT,IT,ITH36
998946644,SI31306543,ENERGETSKO PODNEBNA AGENCIJA ZA PODRAVJE,ENERGAP,SMETANOVA 31,Maribor,2000,SI,,"46.55472,15.64667",Research Organisations,Slovenia,SI,SI,SI032
952991536,,MUNICIPALITY OF ALBA IULIA,AIM,CALEA MOTILOR 5 A,Alba Iulia,510134,RO,,"46.06667,23.58333",Public bodies,Romania,RO,RO,RO121
885070778,,PLINIVS,,VIA INCORONATA 27,NAPLES,80133,IT,,"45.1855502,9.1588073",Research Organisations,Italy,IT,IT,ITF33
883836065,HR79276999206,JAVNA USTANOVA AGENCIJA ZA UPRAVLJANJE ZASTICENIM PRIRODNIM VRIJEDNOSTIMA NA PODRUCJU OSJENSKO-BARANJSKE ZUPANIJE,,ZUPANIJSKA ULICA 4/III,Osijek,31000,HR,,"45.559689500000005,18.675918440045585",Public bodies,Croatia,HR,HR,HR025
929489794,EL997947718,PERIFEREIA STEREAS ELLADAS,PERIFEREIA,YPSILANDI 1,LAMIA,351 31,EL,,"38.90215402,22.431799733",Public bodies,Greece,EL,EL,EL644
882863737,HR10383308860,OSJECKO BARANJSKA ZUPANIJA,OSIJEK BARANJA COUNTY,TRG ANTE STARCEVICA 2,OSIJEK,31000,HR,,"45.561007700000005,18.677203952504552",Public bodies,Croatia,HR,HR,HR025
983974306,,FREDERICK RESEARCH CENTER,FRC,"Diagorou, ERA HOUSE (11th Floor) 2",Lefkosia,1097,CY,http://research.frederick.ac.cy/,"35.1694723,33.3587067",Research Organisations,Cyprus,CY,CY,CY000
999822069,,CONSEJERÍA DE SOSTENIBILIDAD Y MEDIO AMBIENTE,,"AV. MANUEL SIUROT, 50",Sevilla,41071,ES,,"37.360536119,-5.981282415",Public bodies,Spain,ES,ES,ES618
883214004,CY10244958W,ANAPTIXIAKI ETERIA KINOTITON PERIOCHIS TROODOYS LTD,TROODOS DEVELOPMENT COMPANY LTD,ARCHBISHOP MAKARIOS III,Galata - Nicosia,2827,CY,,"35.11168092973064,33.38267683465508",Other,Cyprus,CY,CY,CY000
999876486,HR57029260362,SVEUCILISTE U ZAGREBU FAKULTET ELEKTROTEHNIKE I RACUNARSTVA,UNIZG-FER,UNSKA 3,ZAGREB,10000,HR,http://www.fer.unizg.hr,"45.8010282,15.9708835",Higher or Secondary Education Establishments,Croatia,HR,HR,HR050
947977218,ESG93217743,FUNDACION CENTRO ANDALUZ DE INVESTIGACIONES DEL AGUA,,CALLE PERIODISTA FEDERICO ALBA 7,TORREMOLINOS (MALAGA),29620,ES,,"36.6114255,-4.528941",Other,Spain,ES,ES,ES617
998122338,IT02711070827,Regione Sicilia,,Piazza Indipendenza 21,Palermo,90129,IT,,"38.109871302,13.352109489",Research Organisations,Italy,IT,IT,ITG12
999516907,ESG50556091,FUNDACION CIRCE CENTRO DE INVESTIGACION DE RECURSOS Y CONSUMOS ENERGETICOS,CIRCE,"PARQUE EMPRESARIAL DINAMIZA, AVDA. DE RANILLAS, 3D",Zaragoza,50018,ES,http://www.fcirce.es,"41.65606,-0.87734",Research Organisations,Spain,ES,ES,ES243
902128228,EL800844512,YDRASPIS EE,HYDRASPIS,VAIOU TZELLA 32,KARDITSA,431 00,EL,,"39.363381108,21.918997831",Private for-profit entities,Greece,EL,EL,EL611
986368945,,CONSEIL REGIONAL PROVENCE ALPES COTE D'AZUR,,Place Jules Guesdes 27,Marseille,13002,FR,http://www.regionpaca.fr,"43.3015142,5.375033455793841",Public bodies,France,FR,FR,FRL04
936789432,PT509364390,CIMAC - COMUNIDADE INTERMUNICIPAL DO ALENTEJO CENTRAL,,RUA 24 DE JULHO 1,EVORA,7000 673,PT,,"38.5677923,-7.909230035497835",Public bodies,Portugal,PT,PT,PT
953068069,IT01498800885,SVI.MED. - CENTRO EUROMEDITERRANEO PER LO SVILUPPO SOSTENIBILE - ETS,SVI.MED.,VIA VINCENZO LOREFICE N.2,RAGUSA RG,97100,IT,,"36.91561815,14.645084751193414",Other,Italy,IT,IT,ITG18
891712756,EL996897528,CORE KENTRO KAINOTOMIAS AMKE,CORE IC,DELAGRAMMATIKA 5,HALKIDA,341 00,EL,,"38.47053374,23.602706402",Research Organisations,Greece,EL,EL,EL642
887040848,EL997817101,PERIFEREIA VOREIOU AIGAIOU,REGION OF NORTH AEGEAN,P KOUNTOURIOTI 1,LESVOS,811 32,EL,,"39.2074811,26.1342123",Public bodies,Greece,EL,EL,EL
999874061,IT02772010878,UNIVERSITA DEGLI STUDI DI CATANIA,UNICT,PIAZZA UNIVERSITA 2,Catania,95131,IT,http://www.unict.it,"37.49223,15.07041",Higher or Secondary Education Establishments,Italy,IT,IT,ITG17
999993468,GB649926678,IMPERIAL COLLEGE OF SCIENCE TECHNOLOGY AND MEDICINE,,SOUTH KENSINGTON CAMPUS EXHIBITION ROAD,London,SW7 2AZ,UK,http://www.imperial.ac.uk,"51.500504604,-0.178218708",Higher or Secondary Education Establishments,United Kingdom,UK,GB,UKI32
999837977,ESG58020124,FUNDACIO UNIVERSITARIA BALMES,UVIC-UCC,CARRER PEROT ROCAGUINARDA 17,VIC BARCELONA,8500,ES,https://www.uvic.cat,"40.41985,-3.70161",Higher or Secondary Education Establishments,Spain,ES,ES,ES300
943996241,ESG28795961,SOCIEDAD ESPANOLA DE ORNITOLOGIA SEO,,CALLE MELQUIADES BIENCINTO 34,Madrid,28053,ES,,"40.395772662,-3.670367004",Research Organisations,Spain,ES,ES,ES300
887709275,IT03869800361,ALEA SRL,,VIA MONTE SABOTINO 75,MODENA,41124,IT,,"44.6581667,10.8843326",Private for-profit entities,Italy,IT,IT,ITH54
955902409,,UNITE TECHNIQUE DU SEMIDE GEIE,TECHNICAL UNIT OT THE EURO-MEDITERRANEAN INFORMATION SYSTEM ON THE KNOW HOW IN THE WATER SECTOR,PLACE SOPHIE LAFFITTE OFFICE INTERNATIONAL DE L'EAU,Valbonne,6902,FR,http://www.semide.net,"43.615137025,7.054576589",Other,France,FR,FR,FRL03
885307264,CY10413735K,T.L. GARDENS OF THE FUTURE,,AREOS STREET 49,NICOSIA,1015,CY,,"35.118877749999996,33.25481342175094",Other,Cyprus,CY,CY,CY000
937439429,TR3020486075,DOGA DERNEGI,,ORHANLI MAH 7102 SOKAK DISKAPINO 1,IZMIR,35460,TR,,"38.9597594,34.9249653",Other,Türkiye,TR,TR,TR310
897440703,ESS5011001D,DEPARTAMENTO DE MEDIO AMBIENTE Y TURISMO - GOBIERNO DE ARAGON,,PLAZA SAN PEDRO NOLASCO 7,Zaragoza,50071,ES,,"41.65272895,-0.8769063497176873",Public bodies,Spain,ES,ES,ES243
886275421,TR4830034173,IZDOGA IZMIR BUYUKSEHIR BELEDIYESI CEVRE KORUNMASI IYILESTIRILMESI MUSAVIRLIK VE PROJE HIZMETLERI TICARET VE SANAYI ANONIM SIRKETI,IZMIR METROPOLITAN MUNICIPALITY IZDOGA COMPANY,YENIDOGAN MAHALLESI 1139 SK. NO:5 KONAK,IZMIR,35180,TR,,"38.9597594,34.9249653",Private for-profit entities,Türkiye,TR,TR,TR310
968797880,TR4840008254,IZMIR BUYUKSEHIR BELEDIYESI,IBB,MIMAR SINAN MAH 9 EYLUL MEYDANI NR.9 1/KONAK,IZMIR,35251,TR,https://www.izmir.bel.tr,"38.425053492,27.142878923",Public bodies,Türkiye,TR,TR,TR310
887760879,ATU38034202,KARNTNER BETRIEBSANSIEDLUNGS- UND BETEILIGUNGSGESELLSCHAFT M.B.H.,BABEG,VOELKERMARKTER RING 21 - 23,KLAGENFURT AM WOERTHERSEE,9020,AT,,"48.20832,16.36984",Private for-profit entities,Austria,AT,AT,AT130
998269196,PT501201920,UNIVERSIDADE DE EVORA,UNIVERSIDADE DE EVORA,LARGO DOS COLEGIAIS 2,Uniao das Freguesias de Evora,7000 803,PT,http://www.uevora.pt,"38.573079598,-7.905451057",Higher or Secondary Education Establishments,Portugal,PT,PT,PT1C4
943824454,ESA30054209,EMPRESA MUNICIPAL DE AGUAS Y SANEAMIENTO DE MURCIA SA,EMUASA,PLAZA CIRCULAR 9,MURCIA,30008,ES,,"37.9929043,-1.1301125",Private for-profit entities,Spain,ES,ES,ES620
999869308,,IZMIR INSTITUTE OF TECHNOLOGY,,GULBAHCE URLA,İzmir,35430,TR,http://www.iztech.edu.tr,"38.3315852,26.6458897",Higher or Secondary Education Establishments,Türkiye,TR,TR,TR310
912450871,EL115675273,ELEFTHERIOU ANTONIOS,MARINE CONSERVATION GREECE,ANO MERA LIA BEACH,MYKONOS,846 00,EL,,"37.445032,25.436729",Private for-profit entities,Greece,EL,EL,EL422
940242632,MT22629723,ENERGY AND WATER AGENCY,,"PINTO BUSINESS CENTRE, MILL STREET",Qormi,QRM 3104,MT,http://www.sewcu.gov.mt,"35.87601,14.472",Public bodies,Malta,MT,MT,MT001
951726462,EL999600718,MESOGEIAKO INSTITOUTO GIA TI FYSI KAI TON ANTHROPO - ASTIKI MI KERDOSKOPIKI ETAIREIA,MEDITERRANEAN INSTITUTE FOR NATURE AND ANTHROPOS,LEOFOROS VASILEOS KONSTANTINOU 5-7,ATHINA,106 74,EL,,"37.970607196,23.740549508",Research Organisations,Greece,EL,EL,EL303
950650926,HR15317120721,IRENA - ISTARSKA REGIONALNA ENERGETSKA AGENCIJA ZA ENERGETSKE DJELATNOSTI DOO,IRENA - ISTRIAN REGIONAL ENERGY AGENCY LTD,RUDARSKA 1,Labin,52220,HR,,"45.0791144,14.1563337",Private for-profit entities,Croatia,HR,HR,HR036
954154469,ESV73274961,ASOCIACION EMPRESARIAL DE INVESTIGACION CENTRO TECNOLOGICO DE LA CONSTRUCCION REGION DE MURCIA,CTCON,"CALLE SOL NUM 16,
POLIGONO INDUSTRIAL LA ESTRELLA NAVE 2",Molina De Segura,30500,ES,,"38.089622007,-1.221698346",Research Organisations,Spain,ES,ES,ES620
891434657,TR4840008262,IZMIR SU VE KANALIZASYON IDARESI GENEL MUDURLUGU,ISZU WATER AND SEWERAGE ADMINISTRATION,CUMHURIYET BULVARI NO 16 KONAK,İzmir,35250,TR,,"38.419774905,27.129652615",Public bodies,Türkiye,TR,TR,TR310
999509341,ESQ5095008H,INSTITUTO TECNOLOGICO DE ARAGON,ITA,MARIA DE LUNA 8,Zaragoza,50018,ES,https://www.ita.es,"41.65606,-0.87734",Research Organisations,Spain,ES,ES,ES243
983820173,ESP3003000A,AYUNTAMIENTO DE MURCIA,,GLORIETA DE ESPANA 1,Murcia,30004,ES,,"37.983341732,-1.130018277",Public bodies,Spain,ES,ES,ES620
997848022,CY10137255O,EBOS TECHNOLOGIES LIMITED,eBOS,"MESAORIAS 3&1, EBOS TOWER 2, Flat/Office 101",NICOSIA,2322,CY,http://www.ebos.com.cy,"35.18916202,33.386261963",Private for-profit entities,Cyprus,CY,CY,CY000
896567509,EL801280970,LIBRA AI TECHNOLOGIES PRIVATE IDIOTIKI KEFALAIOUCHIKI ETAIREIA,LIBRA AI TECHONOLOGIES PRIVATE COMPANY,LEOFOROS SYGROU 106,ATHENS,117 41,EL,,"37.895182950000006,23.748464786756056",Private for-profit entities,Greece,EL,EL,EL303
877936816,IT00249350901,COMUNE DI ALGHERO,,PIAZZA PORTA TERRA 9,ALGHERO,7041,IT,,"40.5588807,8.3152883",Public bodies,Italy,IT,IT,ITG2D
998880005,ESQ5850011G,CENTRO DE INVESTIGACION ECOLOGICA Y APLICACIONES FORESTALES,CREAF - CERCA,UNIVERSITAT AUTONOMA DE BARCELONA EDIFICI C,BELLATERRA,8193,ES,http://www.creaf.uab.es/,"40.41985,-3.70161",Research Organisations,Spain,ES,ES,ES300
998638087,ESB92464619,"BIOAZUL, SL",BIOAZUL,"AVENIDA MANUEL AGUSTIN HEREDIA NUMERO 18, 1-4",MALAGA,29001,ES,http://www.bioazul.com,"40.41985,-3.70161",Private for-profit entities,Spain,ES,ES,ES300
966696472,FR69441801651,PROTISVALOR MEDITERRANEE SAS,PVM,BOULEVARD CHARLES LIVON 58,Marseille,13007,FR,,"43.292154015,5.3591339967",Private for-profit entities,France,FR,FR,FRL04
999749610,GB223518191,BRUNEL UNIVERSITY LONDON,,KINGSTON LANE,UXBRIDGE,UB8 3PH,UK,http://www.brunel.ac.uk,"51.51089,-0.08689",Higher or Secondary Education Establishments,United Kingdom,UK,GB,UKI74
885001423,,MOREAU LAURE,EMPAN,,,,FR,,"46.603354,1.8883335",Private for-profit entities,France,FR,FR,
955518483,FR84130015332,UNIVERSITE D'AIX MARSEILLE,AMU,BOULEVARD CHARLES LIVON 58 LE PHARO,Marseille,13284,FR,,"43.292121134,5.35915993",Higher or Secondary Education Establishments,France,FR,FR,FRL04
999866689,IT00382520427,UNIVERSITA POLITECNICA DELLE MARCHE,UNIVPM,PIAZZA ROMA 22,Ancona,60121,IT,http://www.univpm.it,"43.617178907,13.512793003",Higher or Secondary Education Establishments,Italy,IT,IT,ITI32
894895326,EL801192670,GKONELAS K. - PATELIS M. O.E.,ReonHydor,EL. VENIZELOU 24 (GIANNOULI),LARISSA,415 00,EL,,"39.6383092,22.4160706",Private for-profit entities,Greece,EL,EL,EL612
912255319,EL094061318,ELVALHALCOR ELLINIKI VIOMIHANIA HALKOU KAI ALOUMINIOU ANONYMOS ETAIREIA,ELVALHALCOR HELLENIC COPPER AND ALUMINIUM INDUSTRY SA,MESOGEION AVE 2-4 ATHENS TOWER 2ND BUILDING,Athina,115 27,EL,,"37.9846969,23.7602295",Private for-profit entities,Greece,EL,EL,EL303
941259677,CY60074439A,DIMOS LEFKOSIAS,MUNICIPALITY OF NICOSIA,ELEFTHERIAS SQUARE,Lefkosia,1500,CY,,"35.174343371,33.360330278",Public bodies,Cyprus,CY,CY,CY000
989813803,IT04932610480,IRIDRA SRL,IRIDRA,Via la Marmora 51,Firenze,50121,IT,http://www.iridra.com,"43.781919891,11.262450568",Private for-profit entities,Italy,IT,IT,ITI14
902449880,ATU74086437,ALCHEMIA-NOVA RESEARCH & INNOVATION GEMEINNUTZIGE GMBH,,SPITTELAUER LANDE 45,WIEN,1090,AT,,"48.233710983,16.360238416",Research Organisations,Austria,AT,AT,AT130
952406432,IT00137020871,COMUNE DI CATANIA,MUNICIPALITY OF CATANIA,PIAZZA DUOMO 3,Catania,95100,IT,,"45.29664665,12.034016276732675",Public bodies,Italy,IT,IT,ITG17
885086977,DK43525530,ODENSE FJORD SAMARBEJDET,,C/O VANDCENTER SYD VANDAERKSVEJ 7,ODENSE,5000,DK,,"55.385109549999996,10.3528549062516",Other,Denmark,DK,DK,DK031
899261102,IT03786281208,ART-ER-SOCIETA CONSORTILE PER AZIONI,ART-ER,VIA PIERO GOBETTI 101,BOLOGNA BO,40129,IT,,"41.90085,12.49035",Other,Italy,IT,IT,ITI43
959248327,IT03236780403,GECOSISTEMA SRL,,PIAZZA MALATESTA 21,Rimini,47900,IT,http://www.gecosistema.eu,"44.059868133,12.56401546",Private for-profit entities,Italy,IT,IT,ITH59
885104146,IT00337870406,ROMAGNA ACQUE-SOCIETA DELLE FONTI SPA,,PIAZZA ORSI MANGELLI 10,FORLI,47122,IT,,"44.2243991,12.048984868698916",Private for-profit entities,Italy,IT,IT,ITH58
883926178,ATU78680526,"GEOSPHERE AUSTRIA - BUNDESANSTALT FUR GEOLOGIE, GEOPHYSIK, KLIMATOLOGIE UND METEOROLOGIE",GEOSPHERE AUSTRIA,HOHE WARTE 38,Wien,1190,AT,,"48.24880977,16.35531195",Research Organisations,Austria,AT,AT,AT130
999550954,RO11293615,AGENTIA PENTRU DEZVOLTARE REGIONALA CENTRU,THE REGIONAL DEVELOPMENT AGENCY ADR CENTRU RDA CENTRU,STRADA DECEBAL 11,Alba Iulia,510093,RO,https://www.adrcentru.ro,"46.069499263,23.57771557",Other,Romania,RO,RO,RO121
989531727,HR61817894937,GRAD ZAGREB,CITY OF ZAGREB,TRG STJEPANA RADICA 1,Zagreb,10 000,HR,,"45.81444,15.97798",Public bodies,Croatia,HR,HR,HR050
996147806,IT01727860221,DEDA NEXT SRL,,VIA DI SPINI 50,Trento,38121,IT,,"46.117714781,11.104260418",Private for-profit entities,Italy,IT,IT,ITH20
996312415,,AMT DER NIEDEROSTERREICHISCHEN LANDESREGIERUNG,,LANDHAUSPLATZ 1,St Polten,3109,AT,,"48.201441703,15.633259274",Public bodies,Austria,AT,AT,AT123
999602073,DK29190909,REGION SYDDANMARK,REGION OF SOUTHERN DENMARK,DAMHAVEN 12,Vejle,7100,DK,https://www.regionsyddanmark.dk,"55.70927,9.5357",Public bodies,Denmark,DK,DK,DK032
999482375,IT02086690373,REGIONE EMILIA ROMAGNA,,VIALE ALDO MORO 52,Bologna,40127,IT,http://www.regione.emilia-romagna.it,"44.508582281,11.363452585",Public bodies,Italy,IT,IT,ITH55
925738901,IT02018520359,ENTE PARCO NAZIONALE DELL'APPENNINO TOSCO-EMILIANO,ENTE PARCO NAZIONALE DELL'APPENNINO TOSCO-EMILIANO,VIA COMUNALE 23,SASSALBO DI FIVIZZANO,54013,IT,,"41.90085,12.49035",Public bodies,Italy,IT,IT,ITI43
885141976,,NIEDEROSTERREICHISCHE AGRARBEZIRKSBEHORDE,LOWER AUSTRIA AGRICULTURAL DISTRICT AUTHORITY,LANDHAUSPLATZ 1,ST. POLTEN,3109,AT,,"48.2007809,15.633549803952413",Public bodies,Austria,AT,AT,AT123
887275879,DK17414003,VANDCENTER SYD AS,,VANDVAERKSVEJ 7,Odense,5000,DK,,"55.393224766,10.373069705",Other,Denmark,DK,DK,DK031
960804401,HR20042466298,KRAPINSKO-ZAGORSKA ZUPANIJA,,Magistratska  1,Krapina,49000,HR,,"46.164148807,15.869302217",Public bodies,Croatia,HR,HR,HR064
950583317,ATU75610028,NIEDEROSTERREICHISCHE ENERGIE- UNDUMWELTAGENTUR GMBH,,GRENZGASSE 10,SANKT POLTEN,3100,AT,,"48.206352493,15.625551779",Other,Austria,AT,AT,AT123
969778453,DK35209115,ODENSE KOMMUNE,,FLAKHAVEN 2,Odense C,5000,DK,,"55.396021472,10.38857765",Public bodies,Denmark,DK,DK,DK031
940021472,SI55581218,ZNANSTVENO-RAZISKOVALNO SREDISCE BISTRA PTUJ,SCIENTIFIC RESEARCH CENTRE BISTRA PTUJ,SLOVENSKI TRG 6,Ptuj,2250,SI,,"46.420199604,15.87008735",Research Organisations,Slovenia,SI,SI,SI032
993964045,SE212000112401,MALMO KOMMUN,MALMO STAD CITY OF MALMO,AUGUST PALM PLATS 1,Malmo,200 42,SE,https://www.malmo.se,"55.598028314,13.00732602",Public bodies,Sweden,SE,SE,SE224
999637866,SE212000113201,LUNDS KOMMUN,LUND,PO BOX 41,Lund,221 00,SE,,"55.7105103,13.2005005",Public bodies,Sweden,SE,SE,SE224
994189958,,CONSORZIO DI BONIFICA DI SECONDO GRADO PER IL CANALE EMILIANO ROMAGNOLO,CER,VIA ERNESTO MASI 8,Bologna,40137,IT,http://www.consorziocer.it,"44.485618507,11.365874871",Research Organisations,Italy,IT,IT,ITH55
951527224,SE556641295201,SUSTAINABLE BUSINESS HUB SCANDINAVIA AB,SBHUB,NORDENSKIOLDSGATAN 24,Malmo,211 19,SE,,"55.611977016,12.994843774",Private for-profit entities,Sweden,SE,SE,SE224
999887350,SE202100281701,SVERIGES LANTBRUKSUNIVERSITET,SWEDISH UNIVERSITY OF AGRICULTURAL SCIENCES,ALMAS ALLE 8,Uppsala,750 07,SE,http://www.slu.se,"59.815271585,17.66138086",Higher or Secondary Education Establishments,Sweden,SE,SE,SE121
916533310,HR19370100881,MINISTARSTVO GOSPODARSTVA,Ministry of Economy,Ulica grada Vukovara 78,Zagreb,10000,HR,,"45.799750511,15.976033097",Public bodies,Croatia,HR,HR,HR050
867440155,IT01488410513,"Parco Nazionale delle Foreste Casentinesi, Monte Falterona e Campigna",,via Guido Brocchi 7,Pratovecchio,52015,IT,,"43.788650732,11.720872849",Public bodies,Italy,IT,IT,ITI18
999870278,BG000455464,AGRAREN UNIVERSITET - PLOVDIV,AGRICULTURAL UNIVERSITY PLOVDIV,MENDELEEV STREET 12,Plovdiv,4000,BG,https://www.au-plovdiv.bg,"42.133838723,24.764910839",Higher or Secondary Education Establishments,Bulgaria,BG,BG,BG421
989041683,,AUTORITA' DI BACINO DISTRETTUALE DEL FIUME PO,PO RIVER BASIN DISTRICT AUTHORITY,STRADA GARIBALDI 75,Parma,43121,IT,,"44.808163403,10.330048329",Public bodies,Italy,IT,IT,ITH52
934666102,SE212000115701,HELSINGBORGS KOMMUN,HELSINGBORGS STAD,RADHUSET,Helsingborg,251 89,SE,,"56.04673,12.69437",Public bodies,Sweden,SE,SE,SE224
903042065,HR12225295469,Javna ustanova za upravljanje zasticenim dijelovima prirode Krapinsko-zagorske zupanije,,Radoboj 8,Radoboj,49232,HR,,"46.165775566,15.920730473",Public bodies,Croatia,HR,HR,HR064
999904616,DK29283958,SYDDANSK UNIVERSITET,SDU,CAMPUSVEJ 55,Odense M,5230,DK,http://www.sdu.dk,"55.368643704,10.428177449",Higher or Secondary Education Establishments,Denmark,DK,DK,DK031
999534561,HR76023745044,SVEUCILISTE U ZAGREBU AGRONOMSKI FAKULTET,,SVETOSIMUNSKA CESTA 25,Zagreb,10000,HR,https://www.agr.hr,"45.826410915,16.030637005",Higher or Secondary Education Establishments,Croatia,HR,HR,HR050
886318101,,ZAGORSKA RAZVOJNA AGENCIJA,ZAGORJE DEVELOPMENT AGENCY,FRANA GALOVICA 1B,KRAPINA,49000,HR,,"46.15877915,15.873934392",Public bodies,Croatia,HR,HR,HR064
890814245,HR95032181708,"GDI DRUSTVO S OGRANICENOM ODGOVORNOSCU ZA PROIZVODNJU, TRGOVINU I USLUGE",GDi d.o.o.,ULICA MATKA BASTIJANA 52A,ZAGREB,10000,HR,,"45.801018799999994,15.931470293533085",Private for-profit entities,Croatia,HR,HR,HR050
999454633,IT04290860370,"AGENZIA REGIONALE PER LA PREVENZIONE, L'AMBIENTE E L'ENERGIA DELL'EMILIA-ROMAGNA",ARPAE,VIA PO 5,Bologna,40139,IT,http://www.arpae.it/,"44.479248889,11.380570862",Public bodies,Italy,IT,IT,ITH55
919927825,ATU73856017,NATUR IM GARTEN GMBH,,AM WASSERPARK 1,Tulln,3430,AT,,"48.328482312,16.03648112",Other,Austria,AT,AT,AT126
998165794,SE232100025501,REGION SKANE,,RADHUS SKANE,KRISTIANSTAD,291 89,SE,http://www.skane.se,"56.031190276,14.152637736",Public bodies,Sweden,SE,SE,SE224
996700415,,ECOPLUS.NIEDEROSTERREICHS WIRTSCHAFTSAGENTUR GMBH,ECOPLUS,"NIEDEROSTERREICHRING, HAUS A 2",St Polten,3100,AT,https://www.ecoplus.at,"48.19841395,15.632894074",Other,Austria,AT,AT,AT123
999547365,NL806511618B01,STICHTING WAGENINGEN RESEARCH,WR,DROEVENDAALSESTEEG 4,Wageningen,6708 PB,NL,https://www.wur.nl/en/research-results/research-institutes/food-safety-research.htm,"51.986328765,5.667931021",Research Organisations,Netherlands,NL,NL,NL221
999865137,PL5250007425,SZKOLA GLOWNA GOSPODARSTWA WIEJSKIEGO,SGGW WARSAW UNIVERSITY OF LIFE SCIENCES,UL. NOWOURSYNOWSKA 166,WARSZAWA,02 787,PL,http://www.sggw.waw.pl,"52.22254,21.01218",Higher or Secondary Education Establishments,Poland,PL,PL,PL911
972382418,EL090247275,PAGKOSMIO TAMEIO GIA TIN FYSI (W.W.F.) -ELLAS,WWF GREECE,CHARILAOU TRIKOUPI 119-121,Athens,114 73,EL,,"37.98697018,23.740978159",Other,Greece,EL,EL,EL303
997494069,FR83314901729,OFFICE INTERNATIONAL DE L'EAU,OIEAU,RUE DE MADRID 22,PARIS,75008,FR,https://www.oieau.org,"48.878154992,2.3189960058",Other,France,FR,FR,FR101
999995602,IT00742430283,UNIVERSITA DEGLI STUDI DI PADOVA,UNIPD,VIA 8 FEBBRAIO 2,Padova,35122,IT,http://www.unipd.it,"45.40797,11.88586",Higher or Secondary Education Establishments,Italy,IT,IT,ITH36
897953251,GB336940192,UK CENTRE FOR ECOLOGY & HYDROLOGY,,MACLEAN BUILDING BENSON LANE CROWMARSH GIFFORD,OXFORD,OX10 8BB,UK,,"51.51089,-0.08689",Research Organisations,United Kingdom,UK,GB,UKJ14
920448812,SI77436466,MINISTRSTVO ZA OKOLJE IN PROSTOR AGENCIJA REPUBLIKE SLOVENIJE ZA OKOLJE,ARSO,VOJKOVA CESTA 1B,Ljubljana,1000,SI,,"46.065102958,14.513472717",Public bodies,Slovenia,SI,SI,SI041
950498442,IT04570440281,ETIFOR SRL SOCIETA BENEFIT,,PIAZZA ALCIDE DE GASPERI 41,Padova,35131,IT,,"45.415434384,11.878090627",Private for-profit entities,Italy,IT,IT,ITH36
999981828,DE811245527,GOTTFRIED WILHELM LEIBNIZ UNIVERSITAET HANNOVER,LUH,WELFENGARTEN 1,Hannover,30167,DE,http://www.uni-hannover.de,"52.382246997,9.7177669824",Higher or Secondary Education Establishments,Germany,DE,DE,DE929
883225159,IT01861400388,ENTE DI GESTIONE PER I PARCHI E LA BIODIVERSITA' -  DELTA DEL PO,ENTE BIODIVERSITA' DELTA PO,VIA MAZZINI 200,Comacchio,44022,IT,,"44.69900975,12.174311408",Public bodies,Italy,IT,IT,ITH56
999983962,DE121689807,RHEINISCH-WESTFAELISCHE TECHNISCHE HOCHSCHULE AACHEN,RWTH AACHEN,TEMPLERGRABEN 55,Aachen,52062,DE,http://www.rwth-aachen.de,"50.77764039,6.0779365925",Higher or Secondary Education Establishments,Germany,DE,DE,DEA2D
885041096,CZ06342477,SPRAVA NARODNIHO PARKU CESKE SVYCARSKO,MANAGEMENT OF THE CZECH SWISS NATIONAL PARK,PRAZSKA 457/52,Krasna Lipa,407 46,CZ,,"50.90658784,14.511334828",Public bodies,Czechia,CZ,CZ,CZ042
997538786,SK2021734902,AGENTURA NA PODPORU REGIONALNEHO ROZVOJA KOSICE NO,AGENCY FOR THE SUPPORT OF REGIONAL DEVELOPMENT KOSICE,STROJARENSKA 3,Kosice,040 01,SK,https://www.arr.sk,"48.728255592,21.255049259",Other,Slovakia,SK,SK,SK042
885450921,DE122393798,KREIS EUSKIRCHEN,COUNTY OF EUSKIRCHEN,JULICHER RING 32,EUSKIRCHEN,53879,DE,,"50.6702437,6.784012",Public bodies,Germany,DE,DE,DEA28
999848453,DE811258273,TECHNISCHE UNIVERSITAT DORTMUND,TUDO,AUGUST SCHMIDT STRASSE 4,Dortmund,44227,DE,http://www.tu-dortmund.de,"51.48443,7.4139999726",Higher or Secondary Education Establishments,Germany,DE,DE,DEA52
882236729,ATU37264900,AMT DER BURGENLANDISCHEN LANDESREGIERUNG,,EUROPAPLATZ 1,Eisenstadt,7000,AT,,"47.84565,16.52327",Public bodies,Austria,AT,AT,AT112
973510431,CZ44555601,UNIVERZITA JANA EVANGELISTY PURKYNE V USTI NAD LABEM,UJEP,PASTEUROVA 3544/1,Usti Nad Labem,400 96,CZ,https://www.ujep.cz,"50.665183622,14.025338336",Higher or Secondary Education Establishments,Czechia,CZ,CZ,CZ042
943732110,SK2020928404,OBCIANSKE ZDRUZENIE MVO L'UDIA A VODA KOSICE,PEOPLE AND WATER MVO LAV,CERMELSKA CESTA 24,Kosice,040 01,SK,,"48.739934014,21.242780667",Other,Slovakia,SK,SK,SK042
999987357,ATU16285008,UNIVERSITAET FUER BODENKULTUR WIEN,BOKU,GREGOR MENDEL STRASSE 33,Wien,1180,AT,http://www.boku.ac.at,"48.23656615,16.3376662",Higher or Secondary Education Establishments,Austria,AT,AT,AT130
905413036,,DEN INSTITUTE,DEN - Design Entrepreneurship Institute,AVENUE DES FRERES LEGRAIN 78,Woluwe-Saint-Lambert,1150,BE,,"50.8546826,4.3199726",Other,Belgium,BE,BE,BE100
997539368,,KOSICKY SAMOSPRAVNY KRAJ,KOSICE SELF-GOVERNING REGION,NAMESTIE MARATONU MIERU 1,Kosice,042 66,SK,http://www.kosice.regionet.sk,"48.727553817,21.254348867",Public bodies,Slovakia,SK,SK,SK042
885098908,,ADMINISTRATIA BAZINALA DE APA BANAT,BANAT RIVER BASIN ADMINISTRATION ADMINISTRATION DU BASSIN D EAU BANAT,"BD. 16 DECEMBRIE 1989, NR. 2",TIMISOARA,300173,RO,,"45.7441077,21.225392593327093",Public bodies,Romania,RO,RO,RO424
996409512,ATU37632905,"BUNDESMINISTERIUM FUR LAND- UND FORSTWIRTSCHAFT, KLIMA- UND UMWELTSCHUTZ, REGIONEN UND WASSERWIRTSCHAFT","FEDERAL MINISTRY AGRICULTURE FORESTRY, CLIMATE ENVIRONMENTAL PROTECTION, REGIONS WATER MANAGEMENT",STUBENRING  1,Wien,1012,AT,http://www.lebensministerium.at,"48.209913125,16.382950189",Public bodies,Austria,AT,AT,AT130
997385720,,AMT DER STEIERMARK LANDESREGIERUNG,,LANDHAUSGASSE 7,Graz,8010,AT,,"47.06667,15.45",Public bodies,Austria,AT,AT,AT221
885055258,,MESTO KRASNA LIPA,,"MASARYKOVA, 246/6",KRASNA LIPA,40746,CZ,,"50.9129326,14.5098188",Public bodies,Czechia,CZ,CZ,CZ
999856795,RO4269282,UNIVERSITATEA POLITEHNICA TIMISOARA,UPT,PIATA VICTORIEI 2,TIMISOARA,300006,RO,http://www.upt.ro/,"44.43719,26.08592",Higher or Secondary Education Establishments,Romania,RO,RO,RO321
999645238,BE0244195916,VLAAMSE INSTELLING VOOR TECHNOLOGISCH ONDERZOEK N.V.,VITO,BOERETANG 200,Mol,2400,BE,http://www.vito.be,"51.218972025,5.0934492914",Research Organisations,Belgium,BE,BE,BE213
941752728,ESG39655170,FUNDACION INSTITUTO DE HIDRAULICA AMBIENTAL DE CANTABRIA,FIHAC,CALLE ISABEL TORRES 15 PARQUE CIENTIFICO Y TECNOLOGICO DE SANTA,Santander,39011,ES,,"43.451260293,-3.876742171",Research Organisations,Spain,ES,ES,ES130
957386218,BE0417474241,"INAGRO, PROVINCIAAL EXTERN VERZELFSTANDIGD AGENTSCHAP IN PRIVAATRECHTELIJKE VORM VZW","INAGRO, PROVINCIAAL EVAP",IEPERSEWEG 87,RUMBEKE-BEITEM,8800,BE,http://www.inagro.be,"50.84773,4.35718",Research Organisations,Belgium,BE,BE,BE100
948946636,NL001032823B02,PROVINCIE FRYSLAN,FRIESLAND,TWEEBAKSMARKT 52,Leeuwarden,8911 KZ,NL,,"53.20139,5.80859",Public bodies,Netherlands,NL,NL,NL127
883229912,PT508779472,COMUNIDADE INTERMUNICIPAL DO CAVADO,CIM CAVADO,RUA DO CARMO N29,Braga,4700-309,PT,,"41.5532106,-8.425880228",Public bodies,Portugal,PT,PT,PT112
989900036,ESP3907500G,AYUNTAMIENTO DE SANTANDER,,PLAZA DEL AYUNTAMIENTO 1,Santander,39001,ES,http://www.santander.es,"43.462148231,-3.809994172",Public bodies,Spain,ES,ES,ES130
954725702,BE0236506685,VLAAMSE LANDMAATSCHAPPIJ,,KONING ALBERT II-LAAN 15,Bruxelles / Brussel,1210,BE,,"50.858513392,4.3569997718",Private for-profit entities,Belgium,BE,BE,BE100
889260305,,ETABLISSEMENT PUBLIC GARONNE GASCOGNE ET AFFLUENTS PYRENEENS,EP GARONNE,10 CHEMIN DU RAISIN,TOULOUSE,31050,FR,,"43.616243989,1.4489139716",Public bodies,France,FR,FR,FRJ23
918145741,ESG39734868,ASOCIACION RED CAMBERA,CAMBERA,BARRIO LA NOGALERA 87,Ruente,39513,ES,,"43.25963,-4.265683",Other,Spain,ES,ES,ES130
934771541,BE0207725696,PROVINCIEBESTUUR WEST-VLAANDEREN,PROVINCIEBESTUUR WEST-VLAANDEREN,KONING LEOPOLD III LAAN 41,Sint-Andries/Brugge,8200,BE,,"51.195926024,3.1839297913",Public bodies,Belgium,BE,BE,BE251
898499652,,INSTITUT DE L'INNOVATION DURABLE -SUSTAINABLE INNOVATION INSTITUTE,,14 RUE ANDRE DEL SARTE,Paris,75018,FR,,"48.885846016,2.3459969658",Other,France,FR,FR,FR101
991798035,FR25130006356,INSTITUT POLYTECHNIQUE DE BORDEAUX,Bordeaux INP,AV DU DOCTEUR ALBERT SCHWEITZER 1,Talence,33402,FR,,"44.807540641,-0.605803121",Higher or Secondary Education Establishments,France,FR,FR,FRI12
884984351,,SYNDICAT MIXTE DU PARC NATUREL REGIONAL DU MARAIS POITEVIN,PNR MARAIS POITEVIN,RUE DE L EGLISE 2,COULON,79510,FR,,"48.6274471,1.3307946",Public bodies,France,FR,FR,FRI33
896462167,DK40119477,FORENINGEN KLIMATORIUM,,HAVNEN 8,Lemvig,7620,DK,,"56.553919873,8.3095545267",Research Organisations,Denmark,DK,DK,DK041
996484008,FR32408024719,ATOS FRANCE,ATOS france,QUAI VOLTAIRE 80 IMMEUBLE RIVER OUEST,Bezons,95870,FR,,"48.9241978,2.2224504",Private for-profit entities,France,FR,FR,FR108
999894916,PT501413197,UNIVERSIDADE DO PORTO,U PORTO,PRACA GOMES TEIXEIRA,Porto,4099-002,PT,http://www.up.pt,"41.14961,-8.61099",Higher or Secondary Education Establishments,Portugal,PT,PT,PT11A
921821168,,REGION NOUVELLE-AQUITAINE,,14 RUE FRANCOIS DE SOURDIS,Bordeaux,33077,FR,,"44.836538995,-0.589205968",Public bodies,France,FR,FR,FRI12
999880075,ESQ3918001C,UNIVERSIDAD DE CANTABRIA,,AVENIDA DE LOS CASTROS SN,SANTANDER,39005,ES,http://www.unican.es,"43.4623102,-3.8101066",Higher or Secondary Education Establishments,Spain,ES,ES,ES130
911734429,ESB39582549,OFICINA DE PROYECTOS EUROPEOS DEL GOBIERNO DE CANTABRIA,OPE CANTABRIA,CALLE HERNAN CORTES 9,Santander,39003,ES,,"43.462627072,-3.804259591",Private for-profit entities,Spain,ES,ES,ES130
892327154,FR47843458209,MEOSS,,39 CHEMIN DES RAMASSIERS,COLOMIERS,31770,FR,,"43.599350012,1.3556600182",Private for-profit entities,France,FR,FR,FRJ23
999904034,DK29102384,AALBORG UNIVERSITET,AAU,FREDRIK BAJERS VEJ 7K,Aalborg,9220,DK,http://www.aau.dk,"57.048,9.9187",Higher or Secondary Education Establishments,Denmark,DK,DK,DK050
909875521,FR90130023385,SORBONNE UNIVERSITE,,21 RUE DE L'ECOLE DE MEDECINE,Paris,75006,FR,http://www.sorbonne-universite.fr,"48.85341,2.3488",Higher or Secondary Education Establishments,France,FR,FR,FR101
891813733,,ACCLIMATERRA - COMITE SCIENTIFIQUE REGIONAL SUR LE CHANGEMENT CLIMATIQUE,,1 ALLEE FERNAND DAGUIN,PESSAC,33600,FR,,"44.80531875,-0.6063237696935164",Other,France,FR,FR,FRI12
952204478,BE0447243442,EUROPEAN ASSOCIATION OF REMOTE SENSING COMPANIES,EARSC,RUE DE LA LOI 26,BRUXELLES,1040,BE,,"50.845640926,4.3693768253",Other,Belgium,BE,BE,BE100
938737483,FR68800815367,TERRANIS SAS,TERRANIS,10 AVENUE DE L'EUROPE,RAMONVILLE SAINT ANGE,31520,FR,,"48.85869,2.33452",Private for-profit entities,France,FR,FR,FR101
999507401,DE135131669,HELMHOLTZ-ZENTRUM HEREON GMBH,HEREON,MAX PLANCK STRASSE 1,Geesthacht,21502,DE,http://www.hzg.de,"53.43575,10.3779",Research Organisations,Germany,DE,DE,DEF06
999964271,FR06484284526,AEROSPACE VALLEY,,3 RUE TARFAYA CS 64403,Toulouse,31400,FR,http://www.aerospace-valley.com,"43.60426,1.44367",Other,France,FR,FR,FRJ23
892524646,CZ07836686,ASITIS SRO,ASITIS,VAZNEHO 99/10 RECKOVICE,BRNO,621 00,CZ,,"49.2486467,16.5809427",Private for-profit entities,Czechia,CZ,CZ,CZ064
990744033,EL095471169,TERRA SPATIUM AE PROIONTON KAI YPIRESION GEOPLIROFORIKIS KAI DIASTIMATOS,TERRA SPATIUM GEOINFORMATION ANDSPACE PRODUCTS AND SERVICES SA,IOANNOU METAXA 90,KOROPI,194 00,EL,,"37.871524556,23.858606188",Private for-profit entities,Greece,EL,EL,EL305
998143193,DE256502509,HAFENCITY UNIVERSITAT HAMBURG,HCU,HENNING-VOSCHERAU-PLATZ 1,Hamburg,20457,DE,,"53.55073,9.99302",Higher or Secondary Education Establishments,Germany,DE,DE,DE600
929371163,BG201054202,TAKT-IKI,,ACAD. GEORGY BONCHEV STR. BL.1,Sofia,1113,BG,,"42.673967198,23.369380731",Private for-profit entities,Bulgaria,BG,BG,BG411
929362239,NL852003912B01,STICHTING CLIMATE ADAPTATION SERVICES,,BUSSUMMERGRINDWEG 1J,Bussum,1406 NZ,NL,,"52.2635434,5.1629973",Other,Netherlands,NL,NL,NL327
885319195,FI26029346,TYRSKY-KONSULTOINTI OY,TYRSKY-KONSULTOINTI,C/O KATI BERNINGER ULVILANTIE 19B B 51,HELSINKI,350,FI,,"60.1674098,24.9425769",Private for-profit entities,Finland,FI,FI,FI1B1
941622457,,SUSTAINABLE FINANCE OBSERVATORY,SUSTAINABLE FINANCE OBSERVATORY,15 RUE DES HALLES,Paris,75001,FR,,"48.860147017,2.346209028",Other,France,FR,FR,FR101
883425561,FR29493363378,AXA CLIMATE,AXA Climate,14 BOULEVARD POISSONNIERE,PARIS,75009,FR,,"48.871100991,2.3464869719",Private for-profit entities,France,FR,FR,FR101
949718562,IT12600821008,AMIGO SRL,AMIGO SRL,VIA FLAMINIA 48,Roma,196,IT,,"41.9858852,12.4926112",Private for-profit entities,Italy,IT,IT,ITI43
999879881,IT04376620151,POLITECNICO DI MILANO,POLIMI,PIAZZA LEONARDO DA VINCI 32,Milano,20133,IT,http://www.polimi.it,"45.47786041,9.2270969922",Higher or Secondary Education Establishments,Italy,IT,IT,ITC4C
885290289,FI08697906,LähiTapiola Palvelut Oy,LähiTapiola Palvelut Oy,Revontulenkuja 1,Espoo,2100,FI,,"60.170508049999995,24.803361001270552",Private for-profit entities,Finland,FI,FI,FI1B1
942602060,CHE114523664,International Institute for Sustainable Development - Europe,IISD - Europe,Chemin de Balexert 9,Vernier,1219,CH,,"46.2141029,6.111334",Research Organisations,Switzerland,CH,CH,CH013
941221265,,BIRZU RAJONO SAVIVALDYBES ADMINISTRACIJA,,VYTAUTO G 38,Birzai,41143,LT,,"56.19553333,24.755184671",Public bodies,Lithuania,LT,LT,LT025
930610629,EL997591353,DIMOS CHALKIDEON,MUNICIPALITY OF CHALKIDA,FARMAKIDOU 15,CHALKIDA,341 00,EL,,"38.4624412,23.5947651",Public bodies,Greece,EL,EL,EL642
920747766,NL856676585B01,FIELD FACTORS BV,FIELD FACTORS,VAN DER BURGHWEG 1,Delft,2628 CS,NL,,"51.997608753,4.3785568533",Private for-profit entities,Netherlands,NL,NL,NL362
885509218,,FONDS NATURE 2050,FONDS NATURE 2050,AVENUE DE CLICHY 141,Paris,75017,FR,,"48.89090701,2.319378975",Other,France,FR,FR,FR101
999514773,BE0440691388,AQUAFIN NV,Aquafin NV,DIJKSTRAAT 8,Aartselaar,2630,BE,,"51.13412,4.38678",Private for-profit entities,Belgium,BE,BE,BE211
975471965,BE0224771467,VLAAMSE MAATSCHAPPIJ VOOR WATERVOORZIENING,De Watergroep,VOORUITGANGSTRAAT 189,Bruxelles / Brussel,1030,BE,http://www.vmw.be,"50.84773,4.35718",Private for-profit entities,Belgium,BE,BE,BE100
885264875,,ETABLISSEMENT PUBLIC TERRITORIAL DU BASSIN DE LA VIENNE,,PARC ESTER TECHNOPOLE 20 RUE ATLANTIS,LIMOGES,87280,FR,,"45.7764934,1.459820287801802",Public bodies,France,FR,FR,FRI23
883394715,,SECTORUL 4 AL MUNICIPIULUI BUCURESTI,,BLD GEORGE COSBUC 6-16,BUCURESTI,40532,RO,,"44.4212211,26.089013671316145",Public bodies,Romania,RO,RO,RO321
873319713,,ASSOCIATION POUR LA RENATURATION DES TERRITOIRES,,141 AVENUE DE CLICHY,Paris,75017,FR,,"48.89090701,2.319378975",Other,France,FR,FR,FR101
999766100,IS92790,MATIS OHF,,VINLANDSLEID 12,Reykjavik,113,IS,http://www.matis.is,"64.130260163,-21.76697061",Research Organisations,Iceland,IS,IS,IS001
887693852,ESA76624345,CANARAGUA CONCESIONES SA,,AVDA MANUEL HERMOSO ROJAS 4 1 - OFI,Tenerife,38003,ES,,"28.455386542,-16.25624163",Private for-profit entities,Spain,ES,ES,ES709
941019602,IS111240,AUSTURBRU SES,EAST-BRIDGE,TJARNARBRAUT 39E,EGILSSTADIR,700,IS,,"64.9841821,-18.1059013",Other,Iceland,IS,IS,IS002
937459605,ESB86757994,I-CATALIST SL,ICATALIST,CALLE BORNI 20,Las Rozas De Madrid,28232,ES,,"40.49292,-3.87371",Private for-profit entities,Spain,ES,ES,ES300
929081133,GB803797608,CONSERVATION EDUCATION AND RESEARCH TRUST,Earthwatch,102-104 ST ALDATES,OXFORD,OX1 1BT,UK,,"51.7520131,-1.2578498",Research Organisations,United Kingdom,UK,GB,UKJ14
998948293,IT00708670278,UNIVERSITA IUAV DI VENEZIA,IUAV,SANTA CROCE TOLENTINI 191,Venezia,30135,IT,https://www.iuav.it/homepage/,"45.4379454,12.3227508",Higher or Secondary Education Establishments,Italy,IT,IT,ITH35
883398692,BE0459259762,ADVIESBUREAU INZAKE GRONDWATERTECHNIEKEN,AGT,PRINS BOUDEWIJNLAAN 7,Kontich,2550,BE,,"51.140885098,4.4375513511",Private for-profit entities,Belgium,BE,BE,BE211
885149445,,SYNDICAT D AMENAGEMENT DU BASSIN DE LA VIENNE,,38 AVENUE DU PRESIDENT WILSON,AIXE SUR VIENNE,87700,FR,,"45.7968112,1.1370057",Public bodies,France,FR,FR,FRI23
964360324,RO4824749,BUSINESS DEVELOPMENT GROUP SRL,BDG,STRADA PLANTELOR 80 AP 2,Bucuresti,23973,RO,,"44.43815992,26.12239512",Private for-profit entities,Romania,RO,RO,RO321
883215653,ESP3802300H,AYUNTAMIENTO DE SAN CRISTOBAL DE LA LAGUNA,,"CALLE OBISPO REY REDONDO, 1",San Cristobal De La Laguna,38201,ES,,"28.487350106,-16.31411968",Public bodies,Spain,ES,ES,ES709
929744807,ESF66119330,WATER ENVIRONMENT AND BEYOND (WE&B) SCCL,,AVINGUDA DE RIUS I TAULET 29 3 2A,SANT CUGAT DEL VALLES,8172,ES,,"41.472205544,2.0802983465",Other,Spain,ES,ES,ES511
999933328,LV90000041898,LATVIJAS BIOZINATNU UN TEHNOLOGIJU UNIVERSITATE,LBTU,LIELA IELA 2,Jelgava,LV-3001,LV,https://www.llu.lv,"56.65541278,23.733257",Higher or Secondary Education Establishments,Latvia,LV,LV,LV009
901323613,RO34113543,ASOCIATIA PARCUL NATURAL BUCURESTI,BUCHAREST NATURE PARK ASSOCIATION,"SECTOR 5 STR Petre Herescu, 11, ap 3",BUCHAREST,50586,RO,,"44.961159300000006,25.896799860166027",Other,Romania,RO,RO,RO321
999846707,ESQ0718001A,UNIVERSITAT DE LES ILLES BALEARS,UNIVERSIDAD DE LAS ISLAS BALEARES,CARRETERA DE VALLDEMOSSA KM 7.5,PALMA DE MALLORCA,7122,ES,http://www.uib.es,"40.41985,-3.70161",Higher or Secondary Education Establishments,Spain,ES,ES,ES300
885143237,,SYNDICAT MIXTE D'AMENAGEMENT ET DE GESTION DU PARC NATUREL REGIONAL DE MILLEVACHES EN LIMOUSIN,,MAISON DU PARC 7 ROUTE D'AUBUSSON,MILLEVACHES,19290,FR,,"45.642445,2.095275929089965",Public bodies,France,FR,FR,FRI21
874156726,,GREENFISH HF,GREENFISH,Grandagarði 16,Reykjavik,101,IS,,"64.154558258,-21.94409635",Private for-profit entities,Iceland,IS,IS,IS001
926527414,IT04130470273,CONSORZIO DI BONIFICA ACQUE RISORGIVE,,VIA ROVERETO 12,Venezia,30132,IT,,"45.426658368,12.362051419",Public bodies,Italy,IT,IT,ITH35
906559770,ESV76257757,ENTIDAD PUBLICA EMPRESARIAL CONSEJO INSULAR DE LA ENERGIA DE GRAN CANARIA,CIEGC,"Carretera del Dragonal, 31 (GC-310, P.K.2,1)",LAS PALMAS,35017,ES,,"28.075759748,-15.46224819",Public bodies,Spain,ES,ES,ES705
999976105,BE0325777171,UNIVERSITE DE LIEGE,ULIEGE,PLACE DU 20 AOUT  7,LIEGE,4000,BE,http://www.ulg.ac.be,"50.84773,4.35718",Higher or Secondary Education Establishments,Belgium,BE,BE,BE100
973346404,ESG42164020,FUNDACION CENTRO DE SERVICIOS Y PROMOCION FORESTAL Y DE SU INDUSTRIA DE CASTILLA Y LEON,CESEFOR,POLIGONO INDUSTRIAL LAS CASAS CALLE C PARCELA 4,Soria,40005,ES,http://www.cesefor.com,"41.766925706,-2.467744529",Research Organisations,Spain,ES,ES,ES416
991816077,FI10462161,LAUREA-AMMATTIKORKEAKOULU OY,LAUREA UNIVERSITY OF APPLIED SCIENCES,RATATIE 22,Vantaa,1300,FI,http://www.laurea.fi,"60.29414,25.04099",Higher or Secondary Education Establishments,Finland,FI,FI,FI1B1
984556306,BE0824793473,EUROPEAN NETWORK OF LIVING LABS IVZW,ENoLL  IVZW,KUNSTLAAN 6,Sint-Joost-ten-Node,1210,BE,http://www.openlivinglabs.eu,"50.848401087,4.3697591239",Other,Belgium,BE,BE,BE100
999986096,BE0248015142,UNIVERSITEIT GENT,UGent,SINT PIETERSNIEUWSTRAAT 25,Gent,9000,BE,http://www.ugent.be,"51.05,3.71667",Higher or Secondary Education Establishments,Belgium,BE,BE,BE234
940595421,ESG27745397,FUNDACION PARA LA PESCA Y MARISQUEO FUNDAMAR,,PUERTO PESQUERO S/N EDIF RAMIRO GOR,Vigo,36202,ES,,"42.2382818,-8.7259738",Other,Spain,ES,ES,ES114
957958033,ESB83147454,CONTACTICA SL,CTA,"CALLE EMBAJADORES, 187, 4º",MADRID,28045,ES,http://www.contactica.es,"40.4573216,-3.5618523593554",Private for-profit entities,Spain,ES,ES,ES300
886959465,IT09957421218,GREEN GROWTH GENERATION,GREEN GROWTH GENERATION,VIA LECCE 52,Nola,80035,IT,,"40.3802257,18.2888889",Other,Italy,IT,IT,ITF33
960782479,PT501559094,UNIVERSIDADE NOVA DE LISBOA,UNL,CAMPUS DE CAMPOLIDE,Lisboa,1099-085,PT,,"38.732840128,-9.160498374",Higher or Secondary Education Establishments,Portugal,PT,PT,PT1A0
932044386,PT505476843,"C4G - CONSULTING AND TRAINING NETWORK, LDA",,"AV DA REPUBLICA, NO 24-A, R/C D",Queluz,2745-206,PT,,"38.753035981,-9.256716962",Private for-profit entities,Portugal,PT,PT,PT1A0
883749541,ESB87328076,INVIABLE LIFE CYCLE THINKING SL,INVIABLE LIFE CYCLE THINKING,CALLE EIRADO 7,BERAN,32425,ES,,"42.3620548,-8.1563244",Private for-profit entities,Spain,ES,ES,ES113
936158738,PT506215695,MUNICIPIO DO FUNDAO,,PRACA DO MUNICIPIO,FUNDAO,6230-338,PT,,"40.138134708,-7.500212347",Public bodies,Portugal,PT,PT,PT196
891782596,NO925994952MVA,CLIMATE RISK ADVISORY AS,,CRA CO MIA EBELTOFT FJELLKLANGVEIEN 7,Oslo,1166,NO,,"59.9133301,10.7389701",Private for-profit entities,Norway,NO,NO,NO081
885005206,,Statsforvalteren i Trondelag,,Strandveien 38,Steinkjer,7713,NO,,"64.0722438,11.2201159",Public bodies,Norway,NO,NO,NO060
885005109,BG121718407,DZI GENERAL INSURANCE JSC,DZI GENERAL INSURANCE JSC,Vitosha 89B,Sofia,1463,BG,,"42.6978634,23.3221789",Private for-profit entities,Bulgaria,BG,BG,BG411
891492663,,BEHAVIOR SMART OOD,Behavior Smart,2 LATINKA STR UNIT 2,Sofia,1113,BG,,"42.6978634,23.3221789",Private for-profit entities,Bulgaria,BG,BG,BG411
885194938,HR26187994862,CROATIA OSIGURANJE,CROATIA OSIGURANJE,ULICA VATROSLAVA JAGIĆA 33,Zagreb,10000,HR,,"45.808802099999994,15.960604960687403",Private for-profit entities,Croatia,HR,HR,HR050
938862225,BG000215630,MUNICIPALITY OF GABROVO,MoG,VAZRAZHDANE SQ 3,Gabrovo,5300,BG,,"42.87163959,25.315438204",Public bodies,Bulgaria,BG,BG,BG322
885015003,DE193269465,eingetragener Verein,Gesamtverband der Deutschen Versicherungswirtschaft e. V.,Wilhelmstrassse 43/43 G,Berlin,10117,DE,,"52.5104708,13.384256",Other,Germany,DE,DE,DE300
952926061,HR56204655363,Zadar County,,Božidar Petranovića 8,Zadar,23 000,HR,,"44.117214849999996,15.221068942258931",Public bodies,Croatia,HR,HR,HR033
999994632,DE141507065,HELMHOLTZ-ZENTRUM FUR UMWELTFORSCHUNG GMBH - UFZ,,PERMOSERSTRASSE 15,Leipzig,4318,DE,http://www.ufz.de,"51.33962,12.37129",Research Organisations,Germany,DE,DE,DED51
920168870,DE228451809,GENILLARD & CO GMBH,,ISMANINGER STRASSE 102,MUNCHEN,81675,DE,,"48.1461389,11.6037343",Private for-profit entities,Germany,DE,DE,DE300
885202310,DE129273568,Allianz Agrar AG,Allianz Agrar AG,Königinstr. 19,München,80539,DE,,"48.1470187,11.5845569",Private for-profit entities,Germany,DE,DE,DE212
912219914,DE141509926,Verbraucherzentrale Sachsen e.V.,VZS,Katharinenstraße 17,Leipzig,4109,DE,,"51.342434,12.3748483",Other,Germany,DE,DE,DED51
885152743,,Kommunal Landspensjonskasse gjensidig forsikringsselskap,KLP,Dronning Eufemias gate 10,Oslo,191,NO,,,Private for-profit entities,Norway,NO,NO,NO081
885046916,,Gjensidige Insurance ASA,,Schweigaards gate 21,Oslo,106,NO,,"59.910012,10.763144",Private for-profit entities,Norway,NO,NO,NO081
885638034,NO927192322MVA,MITIGRATE AS,,GAUSTADALLEEN 21,Oslo,349,NO,,"59.942286,10.716744",Private for-profit entities,Norway,NO,NO,NO081
998253579,ESG95532826,ASOCIACION BC3 BASQUE CENTRE FOR CLIMATE CHANGE - KLIMA ALDAKETA IKERGAI,BC3,EDIFICIO 1 PLANTA 1 PARQUE CIENTIFICO DE UPV/EHU BARRIO SARRIENA,Leioa,48940,ES,,"43.32686,-2.98884",Research Organisations,Spain,ES,ES,ES213
988262094,,HOCHSCHULE WEIHENSTEPHAN-TRIESDORF,HSWT,Am Hofgarten   4,Freising,85354,DE,http://www.hswt.de,"48.395611005,11.730754036",Higher or Secondary Education Establishments,Germany,DE,DE,DE21B
885046819,,Landesamt für Umweltschutz Sachsen-Anhalt,Landesamt für Umweltschutz Sachsen-Anhalt,Reideburger Straße 47,Halle (Saale),6116,DE,,"51.4838923,12.0049189",Public bodies,Germany,DE,DE,DEE02
876672324,EL090165491,Hellenic Association of Insurance Companies,Hellenic Association of Insurance Companies,Xenofontos 10,Athens,105 57,EL,,"37.9742002,23.7340662",Other,Greece,EL,EL,EL303
891569390,,EMPOWER INSIGHT (FRANCE),,15 RUE DES BONS AMIS,AVIGNON,84000,FR,,"43.9507269,4.8449731",Private for-profit entities,France,FR,FR,FRL06
939773346,EL090093860,ANAPTYXIAKOS SYNDESMOS DYTIKIS ATHINAS,ASDA ASSOCIATION FOR THE DEVELOPMENT OF WEST ATHENS,ARKADIAS 37,PERISTERI,121 32,EL,,"38.0128111,23.6955137",Public bodies,Greece,EL,EL,EL302
998914634,ESS4611001A,Generalitat Valenciana,COMUNITAT VALENCIANA,CALLE CABALLEROS -(PALAU DE LA GENERALITAT) 2,Valencia,46001,ES,,"39.476580387,-0.37643278",Public bodies,Spain,ES,ES,ES523
884881725,EL094003849,Ethniki AEEGA,,Leof. Andrea Syggrou 103-105,Athina,117 45,EL,,,Private for-profit entities,Greece,EL,EL,EL303
913299718,ESS4611001A,CONSELLERIA DE AGRICULTURA GANADERIA Y PESCA,"Conselleria de Agricultura, Desarrollo Rural, Emergencia Climática y Transición Ecológica.",CALLE DE LA DEMOCRACIA 77 CIUDAD ADMINISTRATIVA 9 DE OCTUBRE,VALENCIA,46018,ES,,"39.6819591,-0.7654406",Public bodies,Spain,ES,ES,ES523
915594544,DE249815216,BBV Landsiedlung GmbH,BBV Landsiedlung GmbH,Karolinenplatz 2,München,80333,DE,,"48.144071499999995,11.569165289341827",Private for-profit entities,Germany,DE,DE,DE212
921018008,FR03388202533,CAISSE CENTRALE DE REASSURANCE,,157 BOULEVARD HAUSSMANN,Paris,75008,FR,,"48.8749108,2.3097616",Private for-profit entities,France,FR,FR,FR101
879901842,,KLP Skadeforsikring AS,,Dronning Eufemias gate 10,Oslo,191,NO,,"59.908265,10.75718",Private for-profit entities,Norway,NO,NO,NO081
900146227,BE0700470058,META,,AVENUE DES ARTS 6,SINT-JOOST-TEN-NODE,1210,BE,,"50.84773,4.35718",Private for-profit entities,Belgium,BE,BE,BE100
882875280,PL8133765154,PODKARPACKIE CENTRUM INNOWACJI SPOLKA Z OGRANICZONA ODPOWIEDZIALNOSCIA,PCI SPZOO,UL TEOFILA ALEKSANDRA LENARTOWICZA 4,Rzeszow,35-051,PL,,"50.031061839,21.99983584",Other,Poland,PL,PL,PL823
999979888,ATU37675002,TECHNISCHE UNIVERSITAET WIEN,TU WIEN,KARLSPLATZ 13,Wien,1040,AT,http://www.tuwien.ac.at,"48.199012921,16.369926639",Higher or Secondary Education Establishments,Austria,AT,AT,AT130
882801657,ATU74574436,ENERGIEAGENTUR TIROL GMBH,ENERGIEAGENTUR TIROL,BÜRGERSTRASSE 1-3,INNSBRUCK,6020,AT,,"47.265673167,11.389897238",Other,Austria,AT,AT,AT332
999842051,IT00211830328,UNIVERSITA DEGLI STUDI DI TRIESTE,UNITS,PIAZZALE EUROPA 1,Trieste,34127,IT,http://www.units.it,"45.658707389,13.79334863",Higher or Secondary Education Establishments,Italy,IT,IT,ITH44
884857378,,INSTITUTUL DE CERCETARE - DEZVOLTARE PENTRU MONTANOLOGIE CRISTIAN - SIBIU,,STR XIII NR 147,Cristian,557085,RO,,"45.788400103,24.044364049",Research Organisations,Romania,RO,RO,RO126
884973487,FI24278867,FINNISH LAPLAND TOURIST BOARD,LPTB,VALTATIE 82,Kittila,99100,FI,,"67.663964642,24.89845562",Other,Finland,FI,FI,FI1D7
893313062,ATU36970505,AMT DER TIROLER LANDESREGIERUNG,,EDUARD-WALLNOFER-PLATZ 3,Innsbruck,6020,AT,,"47.264187432,11.396143516",Public bodies,Austria,AT,AT,AT332
950751224,,KLIMABUNDNIS TIROL,,MULLERSTRASSE 7,Innsbruck,6020,AT,,"47.26266,11.39454",Other,Austria,AT,AT,AT332
951660114,IT07275971005,UNIONE NAZIONALE COMUNI COMUNITA ENTI MONTANI,,VIA PALESTRO 30,Roma,184,IT,,"41.906000591,12.503126214",Private for-profit entities,Italy,IT,IT,ITI43
896192119,HR65000300727,URBANEX DOO ZA GRADEVINARSTVO,,BOKTULJIN PUT 26,Split,22000,HR,,"43.5204266,16.459238",Private for-profit entities,Croatia,HR,HR,HR035
915240688,FI09370737,REGIONAL COUNCIL OF LAPLAND,REGIONAL COUNCIL OF LAPLAND,HALLITUSKATU 20 B,Rovaniemi,96100,FI,,"66.49819312,25.720360906",Public bodies,Finland,FI,FI,FI1D7
997361082,,Euromontana,,rue de la baume  11,Paris,75008,FR,https://www.euromontana.org,"48.874572985,2.3116800293",Other,France,FR,FR,FR101
998208086,ATU53064302,STANDORTAGENTUR TIROL GMBH,STANDORTAGENTUR TIROL GMBH,ING ETZEL STRASSE 17,Innsbruck,6020,AT,http://www.zukunftsstiftung.at/,"47.26266,11.39454",Other,Austria,AT,AT,AT332
885145274,CHE220881612TVA,apptitude SA,apptitude SA,EPFL Innovation Park,Lausanne,1015,CH,,"46.516,6.63282",Private for-profit entities,Switzerland,CH,CH,CH011
930109915,ATU69345602,GFG GENOSSENSCHAFT FUR GEMEINWOHL EG,,SPITTELAUER LANDE 45,WIEN,1090,AT,,"48.233710983,16.360238416",Private for-profit entities,Austria,AT,AT,AT130
885766462,PL8133315014,PODKARPACKIE WOJEWODZTWO,,AL. LUKASZ CIEPLINSKI 4,Rzeszow,35-010,PL,,"50.040740846,21.99801026",Public bodies,Poland,PL,PL,PL823
999735157,IT00646820555,META GROUP SRL,META,VIALE UMBERTO TUPINI 116,ROMA,144,IT,http://www.meta-group.com,"41.90085,12.49035",Private for-profit entities,Italy,IT,IT,ITI43
999861936,IT02099550010,UNIVERSITA DEGLI STUDI DI TORINO,UNITO,VIA GIUSEPPE VERDI 8,Torino,10124,IT,http://www.unito.it,"45.06963419,7.689080037",Higher or Secondary Education Establishments,Italy,IT,IT,ITC11
887810834,HR08444936466,ZAVOD ZA PROSTORNO UREDENJE PRIMORSKO-GORANSKE ZUPANIJE,Institute for Physical Planning of Primorje-Gorski Kotar County,SPLITSKA 2,RIJEKA,51000,HR,,"43.3780871,16.6027886",Public bodies,Croatia,HR,HR,HR031
999815376,,APPLIED RESEARCH AND COMMUNICATIONS FUND,ARC Fund,ALEXANDER ZHENDOV STREET 5,Sofia,1113,BG,http://www.arcfund.net,"42.69751,23.32415",Research Organisations,Bulgaria,BG,BG,BG411
895718662,,REGIONAL INNOVATION CENTER AMBITIOUS GABROVO,,7 RAIKO DASKALOV ST,Gabrovo,5300,BG,,"41.8,25.26667",Other,Bulgaria,BG,BG,BG425
999973971,CHE116075613TVA,ECOLE POLYTECHNIQUE FEDERALE DE LAUSANNE,EPFL,BATIMENT CE 3316 STATION 1,Lausanne,1015,CH,http://www.epfl.ch,"46.516,6.63282",Higher or Secondary Education Establishments,Switzerland,CH,CH,CH011
950466238,,FEDERATION EUROPEENNE DE FINANCES ET BANQUES ETHIQUES ET ALTERNATIVES,FEBEA,RUE DES ALEXIENS 16B,BRUXELLES,1000,BE,,"50.8465565,4.351697",Other,Belgium,BE,BE,BE100
956192439,BG000210319,TECHNICAL UNIVERSITY - GABROVO,TECHNICAL UNIVERSITY - GABROVO,UL. HADJI DIMITAR 4,Gabrovo,5300,BG,https://www.tugab.bg,"41.8,25.26667",Higher or Secondary Education Establishments,Bulgaria,BG,BG,BG425
983174347,IT00526040324,REGIONE AUTONOMA FRIULI-VENEZIA GIULIA,REGIONE FVG,PIAZZA UNITA D ITALIA 1,Trieste,34121,IT,,"45.650152692,13.766938426",Public bodies,Italy,IT,IT,ITH44
916073433,,ROHEALTH - CLUSTERUL PENTRU SANATATE SI BIOECONOMIE,ROHEALTH - HEALTH AND BIOECONOMY CLUSTER,CALEA GRIVITEI NO. 6 ET. 4,Bucuresti,10731,RO,,"44.42802,26.09665",Other,Romania,RO,RO,RO321
885097162,CHE109398637,Fondation pour le développement durable des régions de montagne,,"Route de la Piscine 10, Bâtiment C",Sion,1950,CH,,"46.224609151,7.3535701387",Public bodies,Switzerland,CH,CH,CH012
999977754,IT00518460019,POLITECNICO DI TORINO,POLITO,CORSO DUCA DEGLI ABRUZZI 24,Torino,10129,IT,https://www.polito.it,"45.062451402,7.6623603737",Higher or Secondary Education Establishments,Italy,IT,IT,ITC11
999995796,IT03064870151,UNIVERSITA DEGLI STUDI DI MILANO,UMIL,Via Festa Del Perdono  7,Milano,20122,IT,http://www.unimi.it,"45.460355182,9.1939872174",Higher or Secondary Education Establishments,Italy,IT,IT,ITC4C
885074367,IT01281950020,COUTENZA CANALI CAVOUR,,VIA DUOMO 2,VERCELLI,13100,IT,,"45.3267387,8.4250093",Other,Italy,IT,IT,ITC12
885683915,,SOCIAL FINANCE ASSOCIATION - ASOCIATIA PENTRU FINANTARE SOCIALA,,BAZINELOR STREET NO.5,"URICANI, MIROSLAVA, IASI COUNTY",707316,RO,,"44.961159300000006,25.896799860166027",Other,Romania,RO,RO,RO213
885087850,,COMUNA RAU SADULUI,,"PRINCIPALA, 247",RAU SADULUI,557205,RO,,"45.39900025,24.298996306884625",Public bodies,Romania,RO,RO,RO126
884967958,FI91294664,UTSJOEN KUNTA,MUNICIPALITY OF UTSJOKI,LUOSSA 1A,Utsjoki,99980,FI,,"69.908162765,27.028847741",Public bodies,Finland,FI,FI,FI1D7
884979986,FI01906621,ENONTEKION KUNTA,MUNICIPALITY OF ENONTEKIO,OUNASTIE 165,ENONTEKIO,99400,FI,,"68.38515749999999,23.643969755927692",Public bodies,Finland,FI,FI,FI1D7
892660252,CHE355084746,BlueArk Entremont,BlueArk Entremont,Place de Curala 5,Val de Bagnes,1937,CH,,"46.078621962,7.2145980164",Public bodies,Switzerland,CH,CH,CH012
999869114,ATU57495437,UNIVERSITAET INNSBRUCK,UIBK,INNRAIN 52,Innsbruck,6020,AT,http://www.uibk.ac.at,"47.263750903,11.3860279",Higher or Secondary Education Establishments,Austria,AT,AT,AT332
885077665,,CONSORZIO DEL PESIO,,VIA  COTTOLENGO 13,MONDOVI,12084,IT,,"44.3903181,7.8227668",Other,Italy,IT,IT,ITC16
999476943,,REGIONE PIEMONTE,,PIAZZA PIEMONTE 1,TORINO,10127,IT,http://www.regione.piemonte.it,"45.024655431,7.6635734028",Public bodies,Italy,IT,IT,ITC11
909232605,CHE114965335,Canton de Valais,,Avenue de la gare 35,Sion,1950,CH,,"46.232234126,7.3568703455",Public bodies,Switzerland,CH,CH,CH012
883848578,RO23261030,HOLLAND FARMING AGRO SRL,HOLLAND FARMING AGRO,SR LISTER JOSEPH STREET NR. 67 ETAJ 1 AP 2,BUCHAREST,50542,RO,,"44.961159300000006,25.896799860166027",Private for-profit entities,Romania,RO,RO,RO321
892350725,ESG85631729,CENTRO IBERICO DE RESTAURACION FLUVIAL,IBERIAN CENTRE FOR RIVER RESTORATION,CALLE PEDRO CERBUNA S/N,Zaragoza,50009,ES,,"41.6514685,-0.8776717",Other,Spain,ES,ES,ES243
999895013,EE100030417,TARTU ULIKOOL,UNIVERSITY OF TARTU,ULIKOOLI 18,Tartu,51005,EE,http://www.ut.ee,"58.3807628,26.7194208",Higher or Secondary Education Establishments,Estonia,EE,EE,EE008
928620965,,WETLANDS INTERNATIONAL - EUROPEAN ASSOCIATION,,HORAPARK 9,Ede,6717 LZ,NL,,"52.03333,5.65833",Other,Netherlands,NL,NL,NL221
889371079,NL810279587B01,STROMING BV,,TOERNOOIVELD 300,Nijmegen,6525 EC,NL,,"51.824671944,5.8701344607",Private for-profit entities,Netherlands,NL,NL,NL226
941263848,PT503091707,SOCIEDADE PORTUGUESA PARA O ESTUDO DAS AVES,SPEA,AVENIDA ALMIRANTE GAGO COUTINHO 46A,LISBOA,1700-031,PT,,"38.7438629,-9.1324787",Other,Portugal,PT,PT,PT1A0
950599031,,DEUTSCHE UMWELTHILFE EV,ENVIRONMENTAL ACTION GERMANY,FRITZ REICHLE RING 4,Radolfzell,78315,DE,,"47.75163125,8.955182182728375",Other,Germany,DE,DE,DE138
998303631,BG175370801,PENSOFT PUBLISHERS,PENSOFT,UL. GEO MILEV 13A,Sofia,1111,BG,http://www.pensoft.net,"42.686092291,23.355740441",Private for-profit entities,Bulgaria,BG,BG,BG411
951719381,DE114422489,OHB DIGITAL SERVICES GMBH,OHB DS,KONRAD ZUSE STRASSE 8,Bremen,28359,DE,,"53.101463742,8.8504745021",Private for-profit entities,Germany,DE,DE,DE501
920781328,,YPOURGEIO NAFTILIAS KAI NISIOTIKIS POLITIKIS,MINISTRY OF SHIPPING AND ISULAR POLICY,"AKTI VASILEIADI, GATE E1-E2",Piraeus,185 10,EL,http://www.hcg.gr,"37.944720776,23.632941142",Public bodies,Greece,EL,EL,EL307
885707292,FI26305558,HELSINGIN SATAMA OY,PORT OF HELSINKI HELSINGFORS HAMN,OLYMPIARANTA 3,Helsinki,141,FI,,"60.161567899999994,24.957635472018136",Private for-profit entities,Finland,FI,FI,FI1B1
968991589,LT100005517118,UAB METIS BALTIC,METBALTIC,JOGAILOS G 4,Vilnius,1116,LT,https://www.metisbaltic.lt,"54.686375351,25.278923868",Private for-profit entities,Lithuania,LT,LT,LT011
888556570,FI26521824,RAUMAN SATAMA OY,PORT OF RAUME LTD,HAKUNINTIE 19,Rauma,26100,FI,,"61.1315419,21.439175215376455",Private for-profit entities,Finland,FI,FI,FI196
952793365,FR10233500016,REGION BRETAGNE,,283 AV GAL GEORGES PATTON CS 21101,RENNES CEDEX 7,35711,FR,,"48.85869,2.33452",Public bodies,France,FR,FR,FR101
999577532,EL999355106,HELLENIC CENTRE FOR MARINE RESEARCH,,LEOFOROS ATHENS SOUNIO 46 7KM,ATTIKIA ANAVISSOS,190 13,EL,http://www.hcmr.gr,"38.9953683,21.9877132",Research Organisations,Greece,EL,EL,EL305
885093379,FI26279812,RAAHEN SATAMA OY,PORT OF RAAHE LTD,SOVIONKATU 12-14,Raahe,92100,FI,,"64.6848984,24.4812152",Private for-profit entities,Finland,FI,FI,FI1D9
885718059,RO22889762,DRAKOPOULOS SI ASOCIATII,,STR LUNEI 5,BUCURESTI,30167,RO,,"44.4374986,26.1155641",Private for-profit entities,Romania,RO,RO,RO321
961026337,EL997579388,KRITI,PERIFEREIA,Plateia Eleftherias,Heraklion,712 01,EL,,"35.337252738,25.136170072",Public bodies,Greece,EL,EL,EL431
877187879,ESG44565000,Fundacion Malagaport,,"Calle Muelle Haredia, s/n",Malaga,29001,ES,,"36.4857206,-4.9543622",Other,Spain,ES,ES,ES617
923635068,BE0898367280,RESEAU DES REGIONS EUROPEENNES UTILISATRICES DES TECHNOLOGIES SPATIALES - NEREUS,NETWORK OF EUROPEAN REGIONS USING SPACE TECHNOLOGIES,RUE MONTOYER 21,Bruxelles / Brussel,1000,BE,,"50.841257777,4.3690747416",Other,Belgium,BE,BE,BE100
884922465,EL801915771,WEB2CLIMATE IKE,,ELEFTHERIOU VENIZELOU 14,AGIA PARASKEVI ATTIKI,153 41,EL,,"35.1555851,24.7153264",Private for-profit entities,Greece,EL,EL,EL301
949987737,CHE474755435MWST,RESILIENCE GUARD GMBH,RESILIENCE GUARD,TURMSTRASSE 18,Steinhausen,6312,CH,,"47.1951,8.48581",Private for-profit entities,Switzerland,CH,CH,CH066
943294737,EL997798512,GEOSYSTEMS HELLAS IT KAI EFARMOGESGEOPLIROFORIAKON SYSTIMATON ANONIMIETAIREIA,,IMITTOU 225,ATHINA,116 32,EL,,"38.2653828,21.7618384",Private for-profit entities,Greece,EL,EL,EL303
892369640,PT600086402,SECRETARIA REGIONAL DO MAR E DAS PESCAS,,"RUA CONSUL DABNEY COLONIA ALEMA, APARTADO 9",Horta,9900-014,PT,,"38.533234615,-28.63040395",Public bodies,Portugal,PT,PT,PT200
913776473,PL9512244313,CREOTECH INSTRUMENTS SPOLKA AKCYJNA,,UL. JANA PAWLA II 66,PIASECZNO,05-500,PL,,"52.074824144,21.0096615",Private for-profit entities,Poland,PL,PL,PL913
938217272,DE270861830,CDP WORLDWIDE (EUROPE) GEMEINNUTZIGE GMBH,CDP WW Europe,POTSDAMER PLATZ KEMPERPLATZ1,Berlin,10785,DE,,"52.52437,13.41053",Other,Germany,DE,DE,DE300
912518383,DE311161649,IN2 DIGITAL INNOVATIONS GMBH,,AUF DEM HASENBANK 23A,LINDAU BODENSEE,88131,DE,,"52.5177,13.38949",Private for-profit entities,Germany,DE,DE,DE300
924021419,EL090016497,HERAKLION PORT AUTHORITY AE,,PORT OF HERAKLION,HERAKLION,711 10,EL,,"35.2890665,25.1225254",Private for-profit entities,Greece,EL,EL,EL431
983310438,ESP2906700F,AYUNTAMIENTO DE MALAGA,,AVENIDA CERVANTES 4,MALAGA,29016,ES,,"40.41985,-3.70161",Public bodies,Spain,ES,ES,ES300
902624480,PT514835117,ASSOCIACAO PARA O DESENVOLVIMENTO DO ATLANTIC INTERNATIONAL RESEARCH CENTRE,AD AIR CENTRE,PARQUE DE CIENCIA E TECNOLOGIA DA ILHA TERCEIRA TERINOV TERRA CHA,Terra Cha,9700-702,PT,,"38.7123926,-27.24768485",Research Organisations,Portugal,PT,PT,PT200
999862518,ESQ4118001I,UNIVERSIDAD DE SEVILLA,USE,CALLE S. FERNANDO 4,Sevilla,41004,ES,http://www.us.es,"37.403682506,-5.986260868",Higher or Secondary Education Establishments,Spain,ES,ES,ES618
986762086,PT504152980,UNIVERSIDADE POLITECNICA DE CASTELO BRANCO,UPCB,AVENIDA PEDRO ALVARES CABRAL 12,CASTELO BRANCO,6000-084,PT,,"39.82159499,-7.498670606",Higher or Secondary Education Establishments,Portugal,PT,PT,PT195
964126457,IT03072820925,REGIONE AUTONOMA DELLA SARDEGNA*RAS,RAS,VIALE TRENTO 69,Cagliari,9123,IT,,"39.23054,9.11917",Public bodies,Italy,IT,IT,ITG2F
892417461,,BWB CONNECT CLG,,76 BAGGOT STREET LOWER,Dublin,D02 EK81,IE,,"53.334631484,-6.246810316",Other,Ireland,IE,IE,IE061
996539201,,Splitsko-dalmatinska županija,,Domovinskog rata  2,Split,21000,HR,,"43.513025378,16.443542799",Public bodies,Croatia,HR,HR,HR035
903199690,EL800621887,DYNAMIC VISION P C,,MERLIN 8 KOLONAKI,ATHENS,106 71,EL,,"37.976794298,23.738674896",Private for-profit entities,Greece,EL,EL,EL303
884967085,PT513025766,COMUNIDADE INTERMUNICIPAL DAS BEIRAS E SERRA DA ESTRELA,,PRACA LUIS DE CAMOES 45,GUARDA,6300-725,PT,,"40.538912516,-7.268614193",Public bodies,Portugal,PT,PT,PT196
951450206,IT02694380920,CITTA RICERCHE TERRITORIO INNOVAZIONE AMBIENTE SRL,CRITERIA,VIA CUGIA 14,Cagliari,9129,IT,,"39.21584398,9.1289137253",Private for-profit entities,Italy,IT,IT,ITG2F
999979500,IT02118311006,CONSIGLIO NAZIONALE DELLE RICERCHE,CNR,PIAZZALE ALDO MORO 7,Roma,185,IT,http://www.cnr.it,"41.900756621,12.512511598",Research Organisations,Italy,IT,IT,ITI43
928046531,IT00603710955,FONDAZIONE IMC CENTRO MARINO INTERNAZIONALE ONLUS,INTERNATIONAL MARINE CENTRE,TORREGRANDE LOC TA SA MARDINI,ORISTANO,9010,IT,,"40.02656765,8.679641647435716",Research Organisations,Italy,IT,IT,ITG2H
899786163,CY10396180Z,CMMI CYPRUS MARINE AND MARITIME INSTITUTE,,ATHINON 38 DEMOTIKO MEGARO,Larnaca,6300,CY,,"34.92291,33.6233",Research Organisations,Cyprus,CY,CY,CY000
999810526,HR17644269011,UDRUGA ZA PRIRODU OKOLIS I ODRZIVI RAZVOJ SUNCE,ASSOCIATION FOR NATURE ENVIRONMENT AND SUSTAINABLE DEVELOPMENT SUNCE,OBALA HRVATSKOG NARODNOG PREPORODA 7,Split,21000,HR,,"43.50891,16.43915",Other,Croatia,HR,HR,HR035
938280322,EL997732707,DIMOS PANGAIOU,MUNICIPALITY OF PAGGAIO,FRIXOU PAPAHRISTIDI 137 A,ELEFTHEROUPOLI KAVALAS,641 00,EL,,"37.976693,23.6435388",Public bodies,Greece,EL,EL,EL515
926252322,IT00248030769,PROVINCIA DI POTENZA,,PIAZZA MARIO PAGANO,Potenza,85100,IT,,"40.638546774,15.802426123",Public bodies,Italy,IT,IT,ITF51
969050177,EL997936415,EUROPEAN PUBLIC LAW ORGANIZATION,EPLO,ACHAIOU   16,ATHINA,106 75,EL,https://www.eplo.eu,"37.979097645,23.743375802",Research Organisations,Greece,EL,EL,EL303
891563570,ESA46299988,VALENCIANA D'ESTRATÈGIES I RECURSOS PER A LA SOSTENIBILITAT AMBIENTAL SA,VAERSA,AVGDA DE LES CORTS VALENCIANES 20 PUERTA 2,VALENCIA,46018,ES,,"39.6819591,-0.7654406",Other,Spain,ES,ES,ES523
952387323,ESB97098214,MEDI XXI GABINET DE SOLUCIONS AMBIENTALS SL,,C SEBASTIAN HERNANDEZ 4,CARCAIXENT,46740,ES,,"39.1182231,-0.4456481",Private for-profit entities,Spain,ES,ES,ES523
934645635,HR83615500218,"UNIVERSITY OF SPLIT, FACULTY OF CIVIL ENGINEERING, ARCHITECTURE AND GEODESY",UNIST-FGAG,MATICE HRVATSKE 15,Split,21000,HR,,"43.511077465,16.464973985",Higher or Secondary Education Establishments,Croatia,HR,HR,HR035
998130389,HR27788012253,Priority Actions Programme Regional Activity Centre,PAP/RAC,Kraj sv. Ivana  11,Split,21000,HR,https://www.pap-thecoastcentre.org,"43.508277784,16.439999182",Public bodies,Croatia,HR,HR,HR035
999603043,NL803595943B01,STICHTING NATURALIS BIODIVERSITY CENTER,NATURALIS,DARWINWEG 2,Leiden,2333 CR,NL,http://www.naturalis.nl,"52.164899806,4.4733663204",Research Organisations,Netherlands,NL,NL,NL363
896290865,CHE371753244TVA,DREES & SOMMER SCHWEIZ AG,,AEMTLERSTRASSE 201,ZURICH,8003,CH,,"47.37718085,8.507904026172682",Private for-profit entities,Switzerland,CH,CH,CH040
951517330,PL5130177923,FUNDACJA SENDZIMIRA,,WIARUSA 11/3,Zielonki,32 087,PL,,"50.101145324,19.915332794",Research Organisations,Poland,PL,PL,PL213
885036634,IT15451631004,Toretei Srl,Toretei Srl,"Via Tommaso Salvini, 25",Roma,197,IT,,"41.9287259,12.4930476",Private for-profit entities,Italy,IT,IT,ITI43
893633841,DE329621830,CREATIVE CLIMATE CITIES GmbH,CREATIVE CLIMATE CITIES,Hardenbergstrasse 32,Berlin,10623,DE,,"52.508050898,13.329194539",Private for-profit entities,Germany,DE,DE,DE300
917748332,BA200295100005,GRAD SARAJEVO,CITY OF SARAJEVO,HAMDIJE KRESEVLJAKOVICA 3,Sarajevo,71000,BA,,"43.84864,18.35644",Public bodies,Bosnia and Herzegovina,BA,BA,BA0
994575630,PL5252248481,MIASTO STOLECZNE WARSZAWA,CITY OF WARSAW,PLAC BANKOWY 3/5,Warszawa,00-950,PL,http://www.um.warszawa.pl,"52.243049737,21.000575433",Public bodies,Poland,PL,PL,PL911
941718002,BE0440441960,INTERNATIONAL FEDERATION OF LANDSCAPE ARCHITECTURE - EUROPE,IFLA EUROPE,RUE GENERAL TOMBEUR 81 W23,Etterbeek,1040,BE,,"50.834597224,4.3954403533",Other,Belgium,BE,BE,BE100
891899675,EL801437314,DESIGN CLIPS IDIOTIKI KEFALAIOUCHIKI ETAIREIA,DESIGN CLIPS PRIVATE COMPANY,Nikiforou Ouranou 15 & Minotavrou,THESSALONIKI,546 27,EL,,"40.64417711,22.913024995",Private for-profit entities,Greece,EL,EL,EL522
998702204,IT01199250158,COMUNE DI MILANO,MIL,PIAZZA DELLA SCALA 2,Milano,20121,IT,https://www.comune.milano.it,"45.466778109,9.1903986732",Public bodies,Italy,IT,IT,ITC4C
952525936,,STADT MANNHEIM,,RATHAUS E 5,Mannheim,68159,DE,http://www.mannheim.de,"49.489670995,8.4634648919",Public bodies,Germany,DE,DE,DE126
937383072,DK29189900,VEJLE KOMMUNE,VEJLE KOMMUNE,SKOLEGADE 1,Vejle,7100,DK,,"55.63813115,9.699756477744808",Public bodies,Denmark,DK,DK,DK032
995624006,BE0470447426,"UICN, BUREAU DE REPRESENTATION AUPRES DE L'UNION EUROPEENNE AISBL",IUCNEUROPEAN UNION REPRESENTATIVE OFFICE,BOULEVARD LOUIS SCHMIDT 64,Bruxelles / Brussel,1040,BE,http://www.iucn.org/about/union/secretariat/offices/europe/,"50.829727129,4.4023072274",Other,Belgium,BE,BE,BE100
965342449,EL998082845,DIMOS THESSALONIKIS,MUNICIPALITY OF THESSALONIKI,VASILEOS GEORGIOU 1A,THESSALONIKI,546 36,EL,,"40.619719141,22.954180794",Public bodies,Greece,EL,EL,EL522
999923531,IT12621570154,UNIVERSITA' DEGLI STUDI DI MILANO-BICOCCA,UNIMIB,PIAZZA DELL'ATENEO NUOVO 1,Milano,20126,IT,http://www.unimib.it,"45.518267511,9.2138276013",Higher or Secondary Education Establishments,Italy,IT,IT,ITC4C
999986484,ESQ0818002H,UNIVERSITAT AUTONOMA DE BARCELONA,UAB,EDIF A CAMPUS DE LA UAB BELLATERRA  	CERDANYOLA V,Cerdanyola Del Valles,8193,ES,http://www.uab.es,"41.503296964,2.1011412681",Higher or Secondary Education Establishments,Spain,ES,ES,ES511
957388352,,GEMEENTE DEN HAAG,,SPUI 70,Den Haag,2511 BT,NL,http://www.denhaag.nl,"52.077591639,4.3166394831",Public bodies,Netherlands,NL,NL,NL361
915444388,BA201084520004,"UDRUZENJE CENTAR ZA ENERGIJU, OKOLINU I RESURSE - CENER 21","CENTER FOR ENERGY, ENVIRONMENT AND RESOURCES - CENER 21",PODGAJ 8,Sarajevo,71000,BA,,"43.8751374,18.40203682841668",Other,Bosnia and Herzegovina,BA,BA,BA
999896371,IT00575560560,UNIVERSITA DEGLI STUDI DELLA TUSCIA,UNITUS,VIA S MARIA IN GRADI 4,Viterbo,1100,IT,http://www.unitus.it/,"42.41937,12.1056",Higher or Secondary Education Establishments,Italy,IT,IT,ITI41
898858067,,ASOCIATIA INSTITUTUL DE DEZVOLTARE LOCALA THINK GLOBAL ACT LOCAL,INSTITUTE FOR LOCAL DEVELOPMENT THINK GLOBAL ACT LOCAL,STR TIMISOAREI 2 A,Resita,320026,RO,,"45.322463773,21.86772466",Other,Romania,RO,RO,RO422
998214876,BE0407784040,VIAVERDA,,SCHAESSESTRAAT 18,Destelbergen,9070,BE,,"51.05952,3.79899",Research Organisations,Belgium,BE,BE,BE234
996312318,FR32385365713,INETUM,,7 rue Touzet Gaillard,SAINT OUEN SUR SEINE,93400,FR,,"48.902328987,2.3212619695",Private for-profit entities,France,FR,FR,FR106
965891857,,PRIMARIA SECTORULUI 2 BUCURESTI,,STR. CHIRISTIGIILOR 11-13,Bucuresti,21088,RO,,"44.449029886,26.130963939",Public bodies,Romania,RO,RO,RO321
999512736,IT01057861005,ROMA CAPITALE,ROMA CAPITALE,PIAZZA DEL CAMPIDOGLIO N. 1,ROMA,186,IT,https://www.comune.roma.it,"41.90085,12.49035",Public bodies,Italy,IT,IT,ITI43
996793729,RO13726642,UNIVERSITATEA TEHNICA DE CONSTRUCTII BUCURESTI,UTCB TECHNICAL UNIVERSITY OF CIVIL ENGINEERING BUCHAREST,LACUL TEI 122-124 SECTOR 2,Bucuresti,20396,RO,http://www.utcb.ro/,"44.42802,26.09665",Higher or Secondary Education Establishments,Romania,RO,RO,RO321
986125669,IE8F53787S,OVE ARUP & PARTNERS IRELAND LIMITED,,RINGSEND ROAD 50,Dublin,4,IE,,"53.33306,-6.24889",Private for-profit entities,Ireland,IE,IE,IE061
883921619,RO44674446,ASOCIATIA CLIMATO SFERA,,STR PUTUL LUI ZAMFIR 60 ET 4 AP 7 SECTOR 1,BUCURESTI,11684,RO,,"44.4361414,26.1027202",Other,Romania,RO,RO,RO321
880859717,,ADMINISTRATIA DOMENIULUI PUBLIC SECTOR 2,,SOSEAUA ELECTRONICII 44 SECTOR 2,BUCURESTI,23254,RO,,"44.4497237,26.1413215",Public bodies,Romania,RO,RO,RO321
895824489,PT506614913,MUNICIPIO DE VILA FRANCA DE XIRA,MUNICIPALITY OF VILA FRANCA DE XIRA,PRACA AFONSO DE ALBUQUERQUE 2,VILA FRANCA DE XIRA,2600 273,PT,,"38.9542683,-8.9896495",Public bodies,Portugal,PT,PT,PT
997628123,ESP0801900B,AJUNTAMENT DE BARCELONA,,PLAÇA DE SANT JAUME SN,Barcelona,8002,ES,http://www.bcn.cat,"41.382680206,2.1767266101",Public bodies,Spain,ES,ES,ES511
884283914,RO31922710,NHOOD SERVICES ROMANIA SRL,,BD IANCU DE HUNEDOARA 48 CRYSTAL TOWER 1 ET 14,BUCURESTI,11745,RO,,"44.4361414,26.1027202",Private for-profit entities,Romania,RO,RO,RO321
999851557,SI67593321,MESTNA OBCINA LJUBLJANA,MUNICIPALITY OF LJUBLJANA,MESTNI TRG 1,Ljubljana,1001,SI,https://www.ljubljana.si,"46.05108,14.50513",Public bodies,Slovenia,SI,SI,SI041
898831295,,STICHTING PLACEMAKING EUROPE,Placemaking Europe,OVERHOEKSPLEIN 2 UNIT 208,Amsterdam,1031 KS,NL,,"52.3727598,4.8936041",Research Organisations,Netherlands,NL,NL,NL32B
882082790,PT514367040,GLORIOUS MARATHON S.A.,,"RUA ARTILHARIA 1 51 - PATEO BAGATEL EDIFICIO 3 ESCRITORIO 3, 4, 5 E 6",LISBOA,1250-038,PT,,"38.6272781,-8.929688654264213",Private for-profit entities,Portugal,PT,PT,PT1A0
954983722,PT509830072,IST-ID ASSOCIACAO DO INSTITUTO SUPERIOR TECNICO PARA A INVESTIGACAO E O DESENVOLVIMENTO,IST ID,AVENIDA ANTONIO JOSE DE ALMEIDA 12,LISBOA,1000-043,PT,http://www.ist-id.pt,"38.7322262,-9.1365491",Research Organisations,Portugal,PT,PT,PT1A0
998945771,BE0207451227,STAD GENT,GENT,BOTERMARKT  1,Gent,9000,BE,,"51.054480821,3.7252850662",Public bodies,Belgium,BE,BE,BE234
999893752,,UNIVERSITA DEGLI STUDI DI PAVIA,UNIPV,STRADA NUOVA  65,Pavia,27100,IT,http://www.unipv.eu,"45.201910597,9.1397464132",Higher or Secondary Education Establishments,Italy,IT,IT,ITC48
882083081,PT516160125,"NHOOD SERVICES PORTUGAL, S.A.",,"RUA ARTILHARIA 1, N 51, PATEO BAGATELA ESCRITORIO 3, 4, 5 E 6",LISBOA,1250-038,PT,,"38.724047193,-9.155157133",Private for-profit entities,Portugal,PT,PT,PT1A0
891703056,ESP5801910J,INSTITUT MUNICIPAL D URBANISME,,"CALLE BOLIVIA, NUM 250",BARCELONA,8020,ES,,"41.41105935,2.2020852203",Public bodies,Spain,ES,ES,ES511
898575215,,FORENINGEN C40 CITIES CLIMATE LEADERSHIP DENMARK,,RADHUSSTRAEDE 6 2,Kbenhavn K,1466,DK,,"55.676712802,12.57412722",Other,Denmark,DK,DK,DK011
968028476,FR40197500028,INST ADMINISTRATION ENTREPRISES PARIS,,8 BIS RUE DE LA CROIX JARRY,Paris,75013,FR,,"48.827296998,2.3818000138",Higher or Secondary Education Establishments,France,FR,FR,FR101
894283547,IT01703890150,COMUNE DI SEGRATE,,VIA I MAGGIO,Segrate,20090,IT,,"45.488901685,9.2917356471",Public bodies,Italy,IT,IT,ITC4C
950601553,ESA28855260,INETUM ESPAÑA S.A.,INETUM ES,MARIA DE PORTUGAL 9 11 EDIFICIO 1,Madrid,28050,ES,,"40.49969171,-3.660463702",Private for-profit entities,Spain,ES,ES,ES300
998498504,FR72217500016,VILLE DE PARIS,VILLE DE PARIS,PLACE DE L HOTEL DE VILLE 4,Paris,75004,FR,http://www.paris.fr,"48.85341,2.3488",Public bodies,France,FR,FR,FR101
905282474,EE102086346,DIGIOTOUCH OU,,NARVA MNT 5,Tallinn,10117,EE,,"59.43795816,24.758550341",Private for-profit entities,Estonia,EE,EE,EE001
902868726,,STOWARZYSZENIE INICJATYWA MIASTO,,JAŚKOWA DOLINA 4/8,Gdańsk,80-252,PL,,"54.3768834,18.608348664684648",Research Organisations,Poland,PL,PL,PL633
966466485,RO14920794,MUNICIPIUL CLUJ-NAPOCA,MUNICIPALITYOF CLUJ-NAPOCA UAT CLUJ-NAPOCA,MOTILOR STRADA 1 3,Cluj Napoca,400001,RO,,"46.768678072,23.584983662",Public bodies,Romania,RO,RO,RO113
889113738,,ASOCIATIA CLUSTER DE EDUCATIE C-EDU,,ALEEA BAISOARA 2A,CLUJ-NAPOCA,400445,RO,,"46.7644452,23.62465334866989",Other,Romania,RO,RO,RO113
882028470,NO826384352MVA,FORENINGEN PADRIV TRONDHEIM,PADRIV TRONDHEIM,PROFESSOR BROCHS GATE  2,TRONDHEIM,7030,NO,,"63.415409975,10.397158289",Other,Norway,NO,NO,NO060
939158754,EL094410584,ANAPTYXIAKI MEIZONOS ASTIKIS THESSALONIKIS AE - ANAPTYXIAKOS ORGANISMOS TOPIKIS AUTODIOIKISIS,,V. GEORGIOU A 1,THESSALONIKI,546 40,EL,,"37.98308,23.72762",Other,Greece,EL,EL,EL303
998526052,ESG20082509,ASOCIACION DE INDUSTRIAS DE CONOCIMIENTO Y TECNOLOGIA - GAIA - EUSKALHERRIKO EZAGUTZA ETA TEKNOLOGIA INDUSTRIEN ELKARTEA,GAIA,JUAN FERMIN GILISAGASTI 2 PLANTA 01 OFFICINA 115,SAN SEBASTIAN,20018,ES,http://www.gaia.es,"43.3224219,-1.9838889",Other,Spain,ES,ES,ES212
996380024,EE100670291,TARTU LINN,TARTU CITY,RAEKODA,Tartu,51003,EE,https://www.tartu.ee,"58.380246165,26.722466166",Public bodies,Estonia,EE,EE,EE008
898834205,NL001876512B38,BORSBOOM-VAN BEURDEN JUDITH ANNA MARIA,LOCALITY,ROZENSTRAAT 8,Driebergen-Rijsenburg,3971 CN,NL,,"52.5001698,5.7480821",Private for-profit entities,Netherlands,NL,NL,NL350
954810286,RS106867229,CENTAR ZA PROMOCIJU NAUKE,CENTER FOR THE PROMOTION OF SCIENCE,KRALJA PETRA 46a,BEOGRAD,11000,RS,https://www.cpn.rs,"44.8015878,20.4681661376471",Public bodies,Serbia,RS,RS,RS110
998824327,NO942110464MVA,TRONDHEIM KOMMUNE,TRONDHEIM,MUNKEGATA  1,Trondheim,7004,NO,,"63.428052232,10.396791999",Public bodies,Norway,NO,NO,NO060
946358773,BE0478584538,JUNIOR ACHIEVEMENT EUROPE,JA EUROPE,RUE VICTOR OUDART 7,Bruxelles / Brussel,1030,BE,,"50.849256963,4.3924560605",Other,Belgium,BE,BE,BE100
911297735,IT12063750017,ORTI GENERALI SRL - IMPRESA SOCIALE,ORTI GENERALI SRL,VIA PANETTI 1,Torino,10127,IT,,"45.204524703,7.7802829388",Other,Italy,IT,IT,ITC11
986156418,PL5830011969,GMINA MIASTA GDANSKA,MIASTO GDANSK,NOWE OGRODY 8/12,Gdansk,80-803,PL,,"54.351467399,18.640843042",Public bodies,Poland,PL,PL,PL633
999529323,EE100560275,BALTI UURINGUTE INSTITUUT,INSTITUTE OF BALTIC STUDIES,LAI 30,Tartu,51005,EE,https://www.ibs.ee,"58.383873654,26.719163659",Research Organisations,Estonia,EE,EE,EE008
986538792,IT00514490010,COMUNE DI TORINO,CITTA DI TORINO,PIAZZA PALAZZO DI CITTA 1,Torino,10122,IT,http://www.comune.torino.it,"45.073107483,7.6810530236",Public bodies,Italy,IT,IT,ITC11
993619889,NL001902763B03,GEMEENTE EINDHOVEN,EINDHOVEN,STADHUISPLEIN 10,Eindhoven,5600 RB,NL,,"51.434894042,5.4795818615",Public bodies,Netherlands,NL,NL,NL414
886292978,BE0785296459,TH!NK EUROPE,TH!NK EUROPE,OPHEMSTRAAT 140,Oud-Heverlee,3050,BE,,"50.833785395,4.6498842559",Private for-profit entities,Belgium,BE,BE,BE242
928399029,RS108326015,CENTRE FOR EXPERIMENTS IN URBAN STUDIES  - CEUS,CEUS,Dalmatinska 70/III/5,Belgrade,11000,RS,,"44.80401,20.46513",Research Organisations,Serbia,RS,RS,RS110
949852422,ESF95730867,ESKILARA S KOOP TXIKIA,ESKILARA,PASEO DE URIBITARTE 3 3,BIZKAIA,48001,ES,,"43.264892728,-2.927277188",Other,Spain,ES,ES,ES213
952129982,BE0835518408,TH!NK E,TH!NK E,OPHEMSTRAAT 140,Oud-Heverlee,3050,BE,,"50.833785395,4.6498842559",Private for-profit entities,Belgium,BE,BE,BE242
916573856,IT11904960017,FONDAZIONE LINKS - LEADING INNOVATION & KNOWLEDGE FOR SOCIETY,FONDAZIONE LINKS,VIA PIER CARLO BOGGIO 61,Torino,10138,IT,,"45.065149285,7.656750785",Research Organisations,Italy,IT,IT,ITC11
939608446,RS100065430,GRAD BEOGRAD,,DRAGOSLAVA JOVANOVICA 2,BEOGRAD,11000,RS,,"44.81609,20.43821",Public bodies,Serbia,RS,RS,RS110
913606820,IT10467230016,FONDAZIONE DELLA COMUNITA DI MIRAFIORI ENTE FILANTROPICO E.T.S.,FONDAZIONE MIRAFIORI ENTE FILANTROPICO E.T.S.,VIA PANETTI 1,Torino,10127,IT,,"45.204524703,7.7802829388",Other,Italy,IT,IT,ITC11
882157189,NO926918141MVA,NYHAVNA EIENDOM AS,,POSTBOKS 1234 TORGARD,TRONDHEIM,7462,NO,,"63.3236265,10.3721324",Private for-profit entities,Norway,NO,NO,NO060
897354858,ESP9805503A,GERNIKA-LUMOKO KULTUR ETXEA,CASA DE CULTURA DE GERNIKA-LUMO,FORU PLAZA 2,Gernika-Lumo,48300,ES,,"43.3151313,-2.6787387",Public bodies,Spain,ES,ES,ES213
999588784,PL5840203593,POLITECHNIKA GDANSKA,GDANSK UNIVERSITY OF TECHNOLOGY,UL. G NARUTOWICZA 11/12,GDANSK,80-233,PL,http://www.pg.gda.pl,"54.3482259,18.6542888",Higher or Secondary Education Establishments,Poland,PL,PL,PL633
999842536,EE100224841,TALLINNA TEHNIKAÜLIKOOL,TALLINN UNIVERSITY OF TECHNOLOGY,EHITAJATE TEE 5,Tallinn,12616,EE,http://www.ttu.ee,"59.394759843,24.669232278",Higher or Secondary Education Establishments,Estonia,EE,EE,EE001
916314381,NO871375992MVA,ROSENDAL INTERNASJONALE TEATER,,INNHERREDSVEIEN 73,Trondheim,7068,NO,,"63.436487277,10.432463451",Other,Norway,NO,NO,NO060
988679582,DE244331692,KLIMA-BUNDNIS DER EUROPAISCHEN STADTE MIT INDIGENEN VOLKERN DER REGENWALDER / ALIANZA DEL CLIMA EV,CLIMATE ALLIANCE,ESCHBORNER LANDSTR 42-50,FRANKFURT AM MAIN,60489,DE,https://www.climatealliance.org,"50.12779865,8.603126899682168",Other,Germany,DE,DE,DE712
986128482,EE100210813,TALLINNA LINN,,VABADUSE VALJAK 7,Tallinn,10146,EE,https://www.tallinn.ee,"59.432419608,24.744022658",Public bodies,Estonia,EE,EE,EE001
949621465,FI25536004,KAJAANIN AMMATTIKORKEAKOULU OY,KAJAANI UNIVERSITY OF APPLIED SCIENCES LTD,KETUNPOLKU 3,Kajaani,87100,FI,,"64.22728,27.72846",Higher or Secondary Education Establishments,Finland,FI,FI,FI1D8
996125981,EL999422018,TELESTO TECHNOLOGIES PLIROFORIKIS KAI EPIKOINONION EPE,TELESTO INFORMATION AND COMMUNICATION TECHNOLOGIES,ODOS IMITOU 62,ATHINA,155 61,EL,https://www.telesto.gr,"37.99756172,23.797092318",Private for-profit entities,Greece,EL,EL,EL303
915589694,CZ66362717,"SPRAVA INFORMACNICH TECHNOLOGII MESTA PLZNE, PRISPEVKOVA ORGANIZACE",SITMP,DOMINIKANSKA 4,Plzen,301 00,CZ,,"49.748624144,13.37727104",Public bodies,Czechia,CZ,CZ,CZ032
983764495,EL094437210,DIADIKASIA BUSINESS CONSULTING SYMVOULOI EPICHEIRISEON AE,DIADIKASIA BUSINESS CONSULTANTS SA,KIFISSIAS AVE 296 & NAVARINOU 40 HALANDRI,ATHINA,152 32,EL,https://www.diadikasia.gr,"38.022109716,23.789650362",Private for-profit entities,Greece,EL,EL,EL301
999984059,DE129515865,FRAUNHOFER GESELLSCHAFT ZUR FORDERUNG DER ANGEWANDTEN FORSCHUNG EV,Fraunhofer,HANSASTRASSE 27C,Munchen,80686,DE,https://www.fraunhofer.de,"48.132741991,11.53014802",Research Organisations,Germany,DE,DE,DE212
997420543,,THE LISBON COUNCIL FOR ECONOMIC COMPETITIVENESS ASBL,THE LISBON COUNCIL,RUE DE LA LOI 155 RESIDENCE PALACE IPC,Bruxelles / Brussel,1040,BE,,"50.8423,4.3797",Other,Belgium,BE,BE,BE100
996097754,IT00162210348,COMUNE DI PARMA,,STRADA REPUBBLICA 1,Parma,43121,IT,,"44.801288482,10.328464485",Public bodies,Italy,IT,IT,ITH52
916943523,EL800663995,EXUS SOFTWARE MONOPROSOPI ETAIRIA PERIORISMENIS EVTHINIS,EXUS SOFTWARESINGLE MEMBER LIMITED LIABILITY COMPANY,THEANOUS 15,Athina,118 54,EL,,"37.974100815,23.710132168",Private for-profit entities,Greece,EL,EL,EL303
902877359,DK37785539,FORENINGEN BLOXHUB,BLOXHUB,BRYGHUSPLADSEN 8,Kobenhavn,1473,DK,,"55.67210397,12.578911945",Other,Denmark,DK,DK,DK011
897764683,NL860169960B01,DARK MATTER LABORATORIES BV,,DAALWIJKDREEF 47,Amsterdam,1103 AD,NL,,"52.323960332,4.9586439808",Private for-profit entities,Netherlands,NL,NL,NL32B
951250192,FI02149589,KAJAANIN KAUPUNKI,,POHJOLANKATU 13,Kajaani,87100,FI,,"64.223879363,27.73316733",Public bodies,Finland,FI,FI,FI1D8
916261322,CHE116334341MWST,SOUTH POLE AG,SPG,TECHNOPARKSTRASSE 1,Zurich,8005,CH,,"47.389841884,8.5155997279",Private for-profit entities,Switzerland,CH,CH,CH040
957184458,RO29280537,URBASOFIA SRL,URBASOFIA,SOSEAUA COLENTINA 11 BLOC R26 SCARA 1 ETAJ 3 AP 16 CAMERA NR 1,Bucuresti,21154,RO,,"44.453634505,26.127119579",Private for-profit entities,Romania,RO,RO,RO321
997513178,ESP2807900B,AYUNTAMIENTO DE MADRID,,CALLE MONTALBAN 1,Madrid,28014,ES,http://www.madrid.es,"40.4165,-3.70256",Public bodies,Spain,ES,ES,ES300
992597994,,AARHUS KOMMUNE,AAKS,RADHUSPLADSEN 2,Arhus C,8100,DK,,"56.152630558,10.203206246",Public bodies,Denmark,DK,DK,DK042
917148969,ESG84420470,BASURAMA ASOCIACION,,AVENIDA DAROCA 49 CALLEJON,Madrid,28017,ES,,"40.4167047,-3.7035825",Other,Spain,ES,ES,ES300
888540468,EL996899417,ANAPLASI DIMOSION CHORON ANONYMI ETAIREIA,ANAPLASSIS S.A.,ANGELOU PYRRI & EVINOU 5,ATHINA,115 27,EL,,"37.9839412,23.7283052",Private for-profit entities,Greece,EL,EL,EL303
899334143,IT01973900838,MUNICIPIA SPA,,VIA ANDRIANO OLIVETTI 7,Trento,38122,IT,,"46.061921397,11.115336265",Private for-profit entities,Italy,IT,IT,ITH20
993960068,BE0207521503,STAD LEUVEN,LEUVEN,PROFESSOR VAN OVERSTRAETENPLEIN  1,Leuven,3000,BE,,"50.87959,4.70093",Public bodies,Belgium,BE,BE,BE242
910401164,IT08702381214,LATITUDO 40 SRL,,VIA UGO NIUTTA 36,NAPOLI,80128,IT,,"40.852928618,14.230508299",Private for-profit entities,Italy,IT,IT,ITF33
999974844,ESQ2818015F,UNIVERSIDAD POLITECNICA DE MADRID,UPM,CALLE RAMIRO DE MAEZTU 7 EDIFICIO RECTORADO,Madrid,28040,ES,http://www.upm.es,"40.4165,-3.70256",Higher or Secondary Education Establishments,Spain,ES,ES,ES300
897329153,ESB88013750,"TRAZA CONSULTORÍA, S.L.L.",Traza,"PASEO DE LAS ACACIAS 3, 1 ° A",MADRID,28005,ES,,"40.4044735,-3.7036388874251784",Private for-profit entities,Spain,ES,ES,ES300
951389969,DE244937391,virtualcitySYSTEMS GmbH,virtualcitySYSTEMS,Tauentzienstraße 7 b/c,Berlin,10789,DE,,"52.503496633,13.339138829",Private for-profit entities,Germany,DE,DE,DE300
914842115,BE0686623804,OPEN & AGILE SMART CITIES,OASC,LUXEMBURGSTRAAT 19,BRUXELLES,1000,BE,,"50.8206885,4.3923879",Other,Belgium,BE,BE,BE100
913909751,IE3469709UH,IES R&D,IES R&D,"CASTLEFORBES HOUSE, CASTLEFORBES ROAD",Dublin 1,,IE,,"53.348750883,-6.231583499",Private for-profit entities,Ireland,IE,IE,IE061
999852236,SE202100309601,LINKOPINGS UNIVERSITET,LIU,CAMPUS VALLA,Linkoping,581 83,SE,http://www.liu.se,"58.398095,15.5765436",Higher or Secondary Education Establishments,Sweden,SE,SE,SE123
986290763,IE0005426M,CORK CITY COUNCIL,,CITY HALL,Cork,T12,IE,,"51.897060784,-8.465793286",Public bodies,Ireland,IE,IE,IE053
907143613,ESG60489937,PLAN ESTRATEGIC METROPOLITA DE BARCELONA,,CARRER CONCEPCIO ARENAL 165,Barcelona,8027,ES,,"41.427260731,2.1841211255",Other,Spain,ES,ES,ES511
948982817,,FJOLBRAUTASKOLINN I BREIDHOLTI,,AUSTURBERG 5,Reykjavik,111,IS,,"64.10575625,-21.818358386377835",Higher or Secondary Education Establishments,Iceland,IS,IS,IS001
925244783,SE556922464401,SENSATIVE AB,,MOBILVAGEN 10,Lund,223 62,SE,,"55.716674782,13.225259275",Private for-profit entities,Sweden,SE,SE,SE224
954389888,SI53055730,MESTNA OBCINA NOVA GORICA,MUNICIPALITY OF NOVA GORICA,TRG EDVARDA KARDELJA 1,Nova Gorica,5000,SI,,"45.957250998,13.648828442",Public bodies,Slovenia,SI,SI,SI043
929853350,ESB62051743,IDEAS 3493 SL,IFC,RONDA UNIVERSITAT 33 1 1B,Barcelona,8007,ES,,"41.387112966,2.1674329239",Private for-profit entities,Spain,ES,ES,ES511
920200589,IT05517330964,LAND ITALIA SRL,LAND Italia,VIA VARESE 16,Milano,20121,IT,,"45.480112795,9.1844180176",Private for-profit entities,Italy,IT,IT,ITC4C
999995893,EL090101655,IDRYMA TECHNOLOGIAS KAI EREVNAS,FOUNDATION FOR RESEARCH AND TECHNOLOGYHELLAS,N PLASTIRA STR 100,IRAKLEIO,700 13,EL,http://www.forth.gr,"35.336142213,25.126502395",Research Organisations,Greece,EL,EL,EL431
949156641,EL997579272,DIMOS CHERSONISOU,CHERSONISOS MUNICIPALITY,PROIN AMERIKANIKI VASI GOURNON,IRAKLEIO,700 14,EL,,"35.3043078,25.0935901",Public bodies,Greece,EL,EL,EL431
900981203,ESV67163576,MULTICRITERI-MCRIT AIE,,CALLE SALVADOR ESPRIU 83 4,Barcelona,8005,ES,,"41.391833276,2.200607407",Private for-profit entities,Spain,ES,ES,ES511
997608529,IT00337360978,COMUNE DI PRATO,,PIAZZA DEL COMUNE 2,Prato,59100,IT,,"43.880854595,11.09649031",Public bodies,Italy,IT,IT,ITI15
895959319,EL996893277,URBANA ASTIKI MI KERDOSKOPIKI ETAIREIA,,CHAIMANTA 30,CHALANDRI,152 34,EL,,"38.0502703,23.755974",Other,Greece,EL,EL,EL301
991435837,,REYKJAVIKURBORG,CITY OF REYKJAVIK,TJARNARGOTU 11 RADHUSI REYKJAVIKUR,Reykjavik,101,IS,,"64.146023469,-21.94232727",Public bodies,Iceland,IS,IS,IS001
997664207,FI02012566,HELSINGIN KAUPUNKI,HELSINGFORS STADCITY OF HELSINKI,POHJOIS ESPLANADI 15-17,HELSINGIN,99,FI,,"60.3953913,25.6604862",Public bodies,Finland,FI,FI,FI1B1
952549216,HU23919057,ABUD MERNOKIRODA KFT,ABUD,SZEBENI UTCA 12,Budapest,1221,HU,https://www.abud.hu,"47.49835,19.04045",Private for-profit entities,Hungary,HU,HU,HU110
999844961,LT119505811,KAUNO TECHNOLOGIJOS UNIVERSITETAS,"UNIVERSITY OF TECHNOLOGY, KAUNAS",K DONELAICIO 73,Kaunas,LT-44029,LT,http://www.ktu.lt,"54.898882874,23.912553538",Higher or Secondary Education Establishments,Lithuania,LT,LT,LT022
998298102,SI29880068,UNIVERZA V NOVI GORICI,UNIVERSITY OF NOVA GORICA,VIPAVSKA CESTA 13 ROZNA DOLINA,Nova Gorica,5000,SI,http://www.ung.si,"45.942265077,13.640099947",Higher or Secondary Education Establishments,Slovenia,SI,SI,SI043
920404774,PT501305912,MUNICIPIO DE MATOSINHOS,CAMARA MUNICIPAL DE MATOSINHOS,AV D AFONSO HENRIQUES,Matosinhos,4450 510,PT,,"41.18207,-8.68908",Public bodies,Portugal,PT,PT,PT11A
957944453,ESG63322614,INSTITUT D'ARQUITECTURA AVANCADA DE CATALUNYA,IAAC,CARRER PUJADES 102,Barcelona,8005,ES,,"41.396721057,2.1943164534",Research Organisations,Spain,ES,ES,ES511
896006752,EE102339491,SIHTASUTUS FAB CITY FOUNDATION,FAB CITY FOUNDATION,F R FAEHLMANNI 5,TALLINN,10125,EE,,"59.4076495,24.642224743560675",Other,Estonia,EE,EE,EE001
899880738,IT08360540960,THINGS SRL,,VIALE PAPINIANO 44,Milano,20123,IT,,"45.457441381,9.1703804253",Private for-profit entities,Italy,IT,IT,ITC4C
910545500,PL5242853246,FUNDACJA NEUROLANDSCAPE,,SUWALSKA 8,Warsaw,03-252,PL,,"52.2288782,20.98465319182283",Research Organisations,Poland,PL,PL,PL911
999975717,IE0006286E,"UNIVERSITY COLLEGE CORK -  NATIONAL UNIVERSITY OF IRELAND, CORK",UCC,WESTERN ROAD,Cork,T12 YN60,IE,http://www.ucc.ie,"51.903614,-8.468399",Higher or Secondary Education Establishments,Ireland,IE,IE,IE053
884100196,HU15735612,PECS MEGYEI JOGU VAROS ONKORMANYZATA,,SZECHENYI TER 1,Pecs,7621,HU,,"46.075807906,18.228601766",Public bodies,Hungary,HU,HU,HU231
917739408,ESP5890053A,CONSORCI DEL BESOS,,CARRER OLIMPIC SN PL2,SANT ADRIA DE BESOS,8930,ES,,"41.426609049999996,2.222508799999997",Public bodies,Spain,ES,ES,ES511
882000728,,BIRSTONO SAVIVALDYBES ADMINISTRACIJA,BIRSTONO MUNICIPALITY ADMINISTRATION,JAUNIMO G 2,BIRSTONAS,59206,LT,,"54.6062913,24.02827357328219",Public bodies,Lithuania,LT,LT,LT022
938113482,ESG80493141,SOCIEDAD ESPANOLA DE AGRICULTURA ECOLOGICA,SEAE,ESCUELA DE CAPATACES DE CATARROJA CAMI DEL PORT S/N.,Catarroja,46470,ES,,"39.398883235,-0.396313857",Other,Spain,ES,ES,ES523
888220465,DK42909769,SEGES INNOVATION PS,SEGES Innovation P/S,AGRO FOOD PARK 15,Aarhus N,8200,DK,,"56.20006379,10.159083405",Research Organisations,Denmark,DK,DK,DK042
881392247,,GROUPEMENT D'INTERET PUBLIC - TRANSITIONS,LIA-GIP D' OCCITANIE,2 ROUTE DE NARBONNE,AUZEVILLE-TOLOSANE,31320,FR,,"43.535752992,1.4855530306",Public bodies,France,FR,FR,FRJ23
999845640,DE286005408,GEORG-AUGUST-UNIVERSITAT GOTTINGEN STIFTUNG OFFENTLICHEN RECHTS,UGOE,WILHELMSPLATZ 1,Gottingen,37073,DE,http://www.uni-goettingen.de,"51.53406499,9.9378471775",Higher or Secondary Education Establishments,Germany,DE,DE,DE91C
884944387,FR17901644328,MAELAB,,14 RUE DU CANAL,Eckbolsheim,67201,FR,,"48.575749001,7.6870849764",Private for-profit entities,France,FR,FR,FRF11
999882112,DE811339936,UNIVERSITAET VECHTA,,DRIVERSTRASSE 22,Vechta,49377,DE,http://www.uni-vechta.de,"52.721172018,8.2938030028",Higher or Secondary Education Establishments,Germany,DE,DE,DE94F
998239805,,SOLAGRO,,VOIE DU TOEC 75,TOULOUSE,31300,FR,https://www.solagro.org,"43.602129996,1.4022970113",Other,France,FR,FR,FRJ23
969231858,NL807453183B01,ZUIDELIJKE LAND- EN TUINBOUWORGANISATIE VERENIGING,ZLTO,ONDERWIJSBOULEVARD 225,S Hertogenbosch,5223 DE,NL,https://www.zlto.nl,"51.685741815,5.2854757594",Other,Netherlands,NL,NL,NL416
950934360,DE245610284,LANDWIRTSCHAFTSKAMMER NIEDERSACHSEN,LWK NIEDERSACHSEN,MARS LA TOUR STRASSE 1-13,Oldenburg,26121,DE,https://www.lwk-niedersachsen.de,"53.151035995,8.2077600007",Public bodies,Germany,DE,DE,DE943
999480629,GB100132207,NIAB,NIAB,Huntingdon Road,Cambridge,CB3 0LE,UK,http://www.niab.com,"52.220318862,0.0925584184",Research Organisations,United Kingdom,UK,GB,UKH12
999993274,FR57180070039,"INSTITUT NATIONAL DE RECHERCHE POUR L'AGRICULTURE, L'ALIMENTATION ET L'ENVIRONNEMENT",INRAE,147 RUE DE L'UNIVERSITE,Paris,75007,FR,http://www.inra.fr,"48.85869,2.33452",Research Organisations,France,FR,FR,FR101
896906912,IE0650240W,AIRFIELD ESTATE,,"OVEREND WAY, DUNDRUM",Dublin,D14EE77,IE,,"53.33306,-6.24889",Other,Ireland,IE,IE,IE061
948663008,,ASSOCIATION DES CHAMBRES D'AGRICULTURE DE L'ARC ATLANTIQUE,CHAMBERS OFAGRICULTURE ATLANTIC AREA,RUE PIERRE-ADOLPHE BOBIERRE LA GERAUDIERE,Nantes,44939,FR,,"47.265931744,-1.567765251",Other,France,FR,FR,FRG01
890635668,FR37821645363,CRISISOFT,,18 RUE DE BELLECROIX,YZEURE,3400,FR,,"46.5646236,3.346781",Private for-profit entities,France,FR,FR,FRK11
998928602,DE118509725,FREIE UND HANSESTADT HAMBURG,HAM,Rathausmarkt 1,HAMBURG,20095,DE,,"53.5503431,9.99256090502749",Public bodies,Germany,DE,DE,DE600
943681379,SI49672509,ZDRAVSTVENI DOM DR ADOLFA DROLCA MARIBOR,ZD MARIBOR,ULICA TALCEV 9,Maribor,2000,SI,,"46.55472,15.64667",Research Organisations,Slovenia,SI,SI,SI032
997298614,DE241849425,HAMBURGISCHES WELTWIRTSCHAFTSINSTITUT GEMEINNUTZIGE GMBH,HWWI,MONKEDAMM 9,HAMBURG,20097,DE,https://www.hwwi.org,"53.549111897,9.9893975584",Research Organisations,Germany,DE,DE,DE600
928836208,ATU62777178,GESUNDHEIT OSTERREICH GMBH,GÖG,STUBENRING 6,Wien,1010,AT,,"48.210242492,16.382197578",Other,Austria,AT,AT,AT130
881160029,U129638U,SERVEI ANDORRÀ D'ATENCIÓ SANITÀRIA,,Carrer Dels Escalls,Escaldes-Engordany,AD700,AD,,"42.512079525,1.5344909415",Public bodies,Andorra,AD,AD,AD
913280609,ESQ2200672J,CONSORCIO DE LA COMUNIDAD DE TRABAJO DE LOS PIRINEOS,CTP,AVENIDA NUESTRA SENORA DE LA VICTORIA 8 EDIFICIO,Jaca,22700,ES,,"42.56573901,-0.559383096",Public bodies,Spain,ES,ES,ES241
888300878,SI36150380,OBCINA SELNICA OB DRAVI,MUNICIPALITY OF SELNICA OB DRAVI,SLOVENSKI TRG 4,Selnica Ob Dravi,2352,SI,,"46.55,15.495",Public bodies,Slovenia,SI,SI,SI032
999905392,IT01943490027,UNIVERSITA DEGLI STUDI DEL PIEMONTE ORIENTALE AMEDEO AVOGADRO,UPO,DUOMO 6,Vercelli,13100,IT,http://www.unipmn.it,"45.327624518,8.4244492969",Higher or Secondary Education Establishments,Italy,IT,IT,ITC12
897379108,FR30130026081,UNIVERSITE GRENOBLE ALPES,UGA,621 AVENUE CENTRALE,Grenoble,38058,FR,,"45.17869,5.71479",Higher or Secondary Education Establishments,France,FR,FR,FRK24
935861045,ESB57850257,IRIDEON SL,IRIDEON S.L.,AVENIDA JOSEP TARRADELLAS 38,BARCELONA,8029,ES,,"41.38337778,2.142787614",Private for-profit entities,Spain,ES,ES,ES511
898754859,,HEALTH CARE WITHOUT HARM EUROPE,,RUE DE L'INDUSTRIE 10,Bruxelles / Brussel,1000,BE,,"50.841754824,4.3693734726",Other,Belgium,BE,BE,BE100
999580151,FR70775688229,CENTRE SCIENTIFIQUE ET TECHNIQUE DU BATIMENT,CSTB,AVENUE JEAN JAURES 84,CHAMPS SUR MARNE,77420,FR,http://www.cstb.fr,"48.85869,2.33452",Research Organisations,France,FR,FR,FR101
997220723,FR34263800302,CENTRE HOSPITALIER UNIVERSITAIRE DE GRENOBLE,CHU,BOULEVARD DE LA CHANTOURNE,La Tronche,38700,FR,,"45.198692383,5.7550256184",Public bodies,France,FR,FR,FRK24
999657557,FR27379180474,SUEZ ARIA TECHNOLOGIES,AT,PARC DE L ILE  15 27 RUE DU PORT,NANTERRE,92000,FR,,"48.8924273,2.2071267",Private for-profit entities,France,FR,FR,FR105
881179138,,DIRECTIA DE ASISTENTA SOCIALA,SOCIAL ASSISTANCE DIRECTORATE,BULEVARDUL REPUBLICII 26,ALBA IULIA,519122,RO,,"46.0794773,23.564413",Public bodies,Romania,RO,RO,RO
941237755,FR35200040715,GRENOBLE-ALPES-METROPOLE METRO,,3 RUE MALAKOFF,Grenoble,38031,FR,https://www.lametro.fr,"45.188884994,5.7391760246",Public bodies,France,FR,FR,FRK24
895586451,,SPITALUL CLINIC JUDETEAN DE URGENTA PIUS BRINZEU TIMISOARA,,LIVIU REBREANU BOULEVARD 156,Timisoara,300723,RO,,"45.73788352,21.235872679",Research Organisations,Romania,RO,RO,RO424
999876971,ESR4868004E,UNIVERSIDAD DE LA IGLESIA DE DEUSTO ENTIDAD RELIGIOSA,UDEUSTO,AVENIDA DE LAS UNIVERSIDADES 24,Bilbao,48007,ES,http://www.deusto.es,"43.26271,-2.92528",Higher or Secondary Education Establishments,Spain,ES,ES,ES213
999740007,FR78452135452,UGA FILIALE,FLORALIS,7 ALLEE DE PALESTINE,GIERES,38610,FR,http://www.floralis.fr,"45.1903208,5.7807411",Private for-profit entities,France,FR,FR,FRK24
991656706,ATU52020209,TIROL KLINIKEN GMBH,LANDESKRANKENHAUS UNIVERSITATSKLINIKEN INNSBRUCK,ANICHSTRASSE 35,Innsbruck,6020,AT,,"47.26266,11.39454",Private for-profit entities,Austria,AT,AT,AT332
999898408,ATU60955513,UMIT TIROL - PRIVATE UNIVERSITAT FUR GESUNDHEITSWISSENSCHAFTEN UND TECHNOLOGIE GMBH,UMIT TIROL,EDUARD WALLNOEFER ZENTRUM 1,HALL IN TYROL,6060,AT,,"48.20832,16.36984",Higher or Secondary Education Establishments,Austria,AT,AT,AT130
951102849,PT502441895,UNAC UNIAO DA FLORESTA MEDITERRANICA,,RUA MESTRE LIMA DE FREITAS 1,CHAMUSCA,1549012,PT,,"38.7504814,-9.1922844",Other,Portugal,PT,PT,PT
888617680,IT04894270281,GESTIONE FORESTALE RESPONSABILE SERVIZI SOCIETA A RESPONSABILITA LIMITATA IMPRESA SOCIALE,FSC Italia,VIA UGO FOSCOLO 12,PADOVA,35131,IT,,"45.4153467,11.8816694",Private for-profit entities,Italy,IT,IT,ITH36
999900833,NL002946725B01,UNIVERSITEIT TWENTE,UNIVERSITEIT TWENTE,DRIENERLOLAAN 5,Enschede,7522 NB,NL,http://www.utwente.nl,"52.239836409,6.8499121381",Higher or Secondary Education Establishments,Netherlands,NL,NL,NL213
997591651,ESQ4100689A,INSTITUTO ANDALUZ DE INVESTIGACIONY FORMACION AGRARIA PESQUERA ALIMENTARIA Y DE LA PRODUCCION ECOLOGICA,,AVENIDA GRECIA S/N EDF ATVO LOS BERMEJALES,Sevilla,41012,ES,http://www.ifapa.es,"37.349139369,-5.983935805",Research Organisations,Spain,ES,ES,ES618
998463002,PT505869721,INSTITUTO SUPERIOR DE AGRONOMIA,,TAPADA DA AJUDA,LISBOA,1349 017,PT,http://www.isa.utl.pt,"38.73247,-9.13372",Higher or Secondary Education Establishments,Portugal,PT,PT,PT1A0
888539207,IT00941640914,CONFAGRICOLTURA NUORO OGLIASTRA,CONFAGRICOLTURA NUORO OGLIASTRA,VIA AOSTA 1,Nuoro,8100,IT,,"40.31991,9.32568",Other,Italy,IT,IT,ITG2E
920952048,ESS4111001F,"CONSEJERIA DE AGRICULTURA , PESCA, AGUA  Y DESARROLLO RURAL",,C TABLADILLA SN,Sevilla,41071,ES,,"37.365560551,-5.981955939",Public bodies,Spain,ES,ES,ES618
951411600,ESF14014245,SOCIEDAD COOPERATIVA ANDALUZA GANADERA DEL VALLE DE LOS PEDROCHES,,CALLE MAYOR   56,POZOBLANCO CORDOBA,14400,ES,,"40.41985,-3.70161",Private for-profit entities,Spain,ES,ES,ES300
994187921,PT508424780,Laboratorio Nacional de Energia e Geologia I.P.,LNEG,Rua da Amieira,S.Mamede De Infesta,4466-901,PT,,"41.21860146,-8.611384255",Research Organisations,Portugal,PT,PT,PT11A
999872703,ESQ1418001B,UNIVERSIDAD DE CORDOBA,UCO,AVENIDA DE MEDINA AZAHARA 5,CORDOBA,14005,ES,http://www.uco.es,"40.41985,-3.70161",Higher or Secondary Education Establishments,Spain,ES,ES,ES300
953071367,ESG47549811,FUNDACION PATRIMONIO NATURAL DE CASTILLA Y LEON,,CALLE RIGOBERTO CORTEJOSO 14,Valladolid,47014,ES,,"41.653110819,-4.738481727",Other,Spain,ES,ES,ES418
913576750,PT600075826,COMISSAO DE COORDENACAO E DESENVOLVIMENTO REGIONAL DO ALENTEJO,,"AV ENGENHEIRO ARANTES E OLIVEIRA, 193",EVORA,7004 514,PT,,"38.5731443,-7.9272779",Public bodies,Portugal,PT,PT,PT
999465594,IT00196350904,UNIVERSITA DEGLI STUDI DI SASSARI,UNISS,PIAZZA UNIVERSITA 21,Sassari,7100,IT,http://www.uniss.it,"40.72586,8.55552",Higher or Secondary Education Establishments,Italy,IT,IT,ITG2D
999872218,EL090042767,GEOPONIKO PANEPISTIMION ATHINON,AGRICULTURAL UNIVERSITY OF ATHENS,IERA ODOS 75,ATHINA,118 55,EL,http://www.aua.gr,"37.982407407,23.707056261",Higher or Secondary Education Establishments,Greece,EL,EL,EL303
880780274,EL800076242,DIMOS XIROMEROU,MUNICIPALITY OF XIROMERO,IROON POLYTEXNEIOY,ASTAKOS,300 06,EL,,"38.4954136,21.1784576",Public bodies,Greece,EL,EL,EL631
958356315,FR72510244270,AGROOF,AGROOF,424 C ROUTE D'ANDUZE,BOISSET ET GAUJAC,30140,FR,https://www.agroof.net,"44.0529788,3.9865166",Private for-profit entities,France,FR,FR,FRJ12
884987746,IT04589390402,FONDAZIONE ALBERITALIA ETS,,VIA ISOLA CAPACCIO 77,SANTA SOFIA - FC,47018,IT,,"39.5470904,16.3291171",Research Organisations,Italy,IT,IT,ITH58
999629718,ESQ6550005J,UNIVERSIDADE DA CORUNA,UNIVERSIDAD DE A CORUNA,CALLE DE LA MAESTRANZA 9,La Coruna,15001,ES,http://www.udc.es,"43.371000399,-8.390696127",Higher or Secondary Education Establishments,Spain,ES,ES,ES111
911293079,ESG10460574,FEDERACION ESPANOLA DE LA DEHESA,FEDEHESA,PLAZA GABRIEL Y GALAN 1,MALPARTIDA DE PLASENCIA (CACERES),10680,ES,,"39.9798877,-6.0476579",Other,Spain,ES,ES,ES432
915866629,IT03669190922,AGENZIA FORESTALE REGIONALE PER LOSVILUPPO DEL TERRITORIO E DELL AMBIENTE DELLA SARDEGNA,AGENZIA FORESTAS - FORESTAS AGENCY,VIALE LUIGI MERELLO 86,Cagliari,9123,IT,,"39.2270384,9.1095224",Public bodies,Italy,IT,IT,ITG2F
882054466,PT500068054,COMPANHIA DAS LEZIRIAS SA,,LARGO 25 DE ABRIL 17,SAMORA CORREIA,2135318,PT,,"38.9348747,-8.8689911",Private for-profit entities,Portugal,PT,PT,PT
888650369,FR37180900029,CHAMBRE DEPARTEMENTALE D'AGRICULTURE,CHAMBRE D'AGRICULTURE DE L'ARIEGE,32 AVENUE DU GENERAL DE GAULLE,FOIX,9000,FR,,"42.959196993,1.6101749994",Public bodies,France,FR,FR,FRJ21
991940043,EL998212331,ANAPTYXIAKI ETAIREIA DIMOU TRIKKAION ANAPTYXIAKI ANONYMI ETAIREIA OTA,E TRIKALA AE,VALKANOY 6,TRIKALA,421 00,EL,https://www.e-trikala.gr,"39.7218479,21.63218788229712",Other,Greece,EL,EL,EL611
998675044,EL097813422,"MEDITERRANEAN INFORMATION OFFICE FOR ENVIRONMENT, CULTURE AND SUSTAINABLE DEVELOPMENT ASSOCIATION",MIO-ECSDE,KYRRISTOU 12,ATHINA,105 56,EL,http://www.mio-ecsde.org,"37.973737041,23.728251496",Other,Greece,EL,EL,EL303
953814096,EL997604027,ELLINIKOS GEORGIKOS ORGANISMOS - DIMITRA,HELLENIC AGRICULTURAL ORGANISATION DIMITRA (ELGO - DIMITRA),KOURTIDOU 56-58,ATHINA,111 45,EL,,"38.01499356,23.72215397",Higher or Secondary Education Establishments,Greece,EL,EL,EL303
900704462,EL997184944,AGROTIKOS SYNETAIRISMOS PARAGOGIS - EMPORIAS - METAPOIISIS FROUTON KAI KASTANON 'ATHANATI',"AGRICULTURAL COOPERATIVE OF PRODUCTION, TRADE, TRANSFORMATION OF FRUITS AND CHESTNUTS 'ATHANATI'",MELIVOIA,"DIMOS AGIAS, NOMOS LARISAS",400 03,EL,,"38.9953683,21.9877132",Private for-profit entities,Greece,EL,EL,EL612
880658248,NL001584157B01,GEMEENTE HARDENBERG,Hardenberg gemeente,STEPHANUSPARK 1,HARDENBERG,7772 HZ,NL,,"52.5735423,6.6189553",Public bodies,Netherlands,NL,NL,NL211
881000464,DE199499779,NATURSCHUTZSTIFTUNG GRAFSCHAFT BENTHEIM,NATURSCHUTZSTIFTUNG GRAFSCHAFT BENTHEIM,VAN-DELDEN-STRASSE 1-7,NORDHORN,48529,DE,,"52.433066015,7.0617720331",Other,Germany,DE,DE,DE94B
881055851,DE226721654,VECHTEVERBAND,,INDUSTRIELSTRASSE 3,NEUENHAUS,49828,DE,,"52.513949,6.9849552",Public bodies,Germany,DE,DE,DE94B
931790246,,RESEAU INTERNATIONAL DES ORGANISMES DE BASSIN ASSOCIATION,RIOB,RUE DE MADRID 21,Paris,75008,FR,,"48.878039992,2.3192079842",Other,France,FR,FR,FR101
881085533,DE117036606,LANDKREIS GRAFSCHAFT BENTHEIM,,VAN DELDEN STRASSE 1-7,NORDHORN,48529,DE,,"52.433066015,7.0617720331",Public bodies,Germany,DE,DE,DE94B
907072415,EL090023243,TOPIKOS ORGANISMOS EGGEION VELTIOSEON TAVROPOU KARDITSAS,LOCAL ORGANISATION FOR LAND IMPROVEMENT TAVROPOU KARDITSAS,IROON POLITECHNEIOU 16,KARDITSA,431 00,EL,,"39.33403905,21.888828685912713",Other,Greece,EL,EL,EL611
949866196,EL099711740,DIMOS AGIA,MUNICIPALITY OF AGIA,27TH KALYPSO ALEXOULI STR,AGIA,400 03,EL,,"35.0393605,26.1344375",Public bodies,Greece,EL,EL,EL612
881414654,EL099086953,PASECO EREVNES KAI MELETES PROSTASIAS & DIACHEIRISIS PERIVALLONTOS & ENERGEIAS MONOPROSOPI ETAIREIA PERIORISMENIS EFTHYNIS,PASECO SP LTD,FOKIONOS NEGRI 26,ATHINA,113 61,EL,,"37.9839412,23.7283052",Private for-profit entities,Greece,EL,EL,EL303
881244128,FR23183100049,CHAMBRE DEPARTEMENTALE D' AGRICULTURE,,32 RUE DE LISIEUX,TOULOUSE,31300,FR,,"43.599206,1.3930656",Public bodies,France,FR,FR,FRJ23
891619248,FR81751001280,ADICT,ADICT SOLUTIONS,AVENUE DE L'AGROBIOPOLE,AUZEVILLE TOLOSANE,31320,FR,,"43.5335632,1.4899201",Private for-profit entities,France,FR,FR,FRJ23
919993106,NL853261179B01,WATERSCHAP VECHTSTROMEN,DUTCH WATER AUTHORITY VECHTSTROMEN,KOOIKERSWEG 1,ALMELO,7609 PZ,NL,,"52.3435546,6.6382838",Public bodies,Netherlands,NL,NL,NL213
884955930,,SYNDICAT MIXTE INTERDEPARTEMENTAL DE LA VALLEE DE LA LEZE (SMIVAL),,4 PLACE DE L HOTEL DE VILLE,SAINT SULPICE SUR LEZE,31410,FR,,"43.3283402,1.3227491",Public bodies,France,FR,FR,FRJ23
999741171,DE811963464,ECOLOGIC INSTITUT GEMEINNUTZIGE GMBH,ECOLOGIC INSTITUT,PFALZBURGER STRASSE 43-44,Berlin,10717,DE,http://www.ecologic.eu,"52.489389136,13.321315047",Research Organisations,Germany,DE,DE,DE300
880771253,,FRUCHTWASSERVERWERTUNGSVERBAND EMLICHHEIM,EMLICHHEIM WASTE WATER TREATMENT ASSOCIATION,OEVERINGER QUERSTRASSE 18,EMLICHHEIM,49824,DE,,"52.5783432,6.8263123",Public bodies,Germany,DE,DE,DE94B
999897729,DE188369991,TECHNISCHE UNIVERSITAET DRESDEN,TUD,HELMHOLTZSTRASSE 10,Dresden,1069,DE,http://tu-dresden.de,"51.05089,13.73832",Higher or Secondary Education Establishments,Germany,DE,DE,DED21
906316494,RS108709880,VOJVODANSKI KLASTER ORGANSKE POLJOPRIVREDE NOVI SAD,,NARODNOG FRONTA 22,Novi Sad,21000,RS,,"45.240981414,19.838877181",Research Organisations,Serbia,RS,RS,RS123
986994013,RS100239025,"UNIVERZITET U NOVOM SADU, POLJOPRIVREDNI FAKULTET NOVI SAD","UNIVERSITY OF NOVI SAD, FACULTY OF AGRICULTURE",TRG DOSITEJA OBRADOVICA 8,Novi Sad,21000,RS,,"45.24722128,19.851731416",Higher or Secondary Education Establishments,Serbia,RS,RS,RS123
999876195,HU17784571,PANNON EGYETEM,UNIVERSITY OF PANNONIA,EGYETEM U 10,Veszprem,8200,HU,http://www.mk.uni-pannon.hu,"47.087443982,17.908393367",Higher or Secondary Education Establishments,Hungary,HU,HU,HU213
972472240,RO2646378,INSTITUTUL NATIONAL DE CERCETARE-DEZVOLTARE DELTA DUNARII,INCDDD,BABADAG ST 165,Tulcea,820112,RO,http://www.ddni.ro,"45.165207584,28.793397112",Research Organisations,Romania,RO,RO,RO225
890633243,,ASOCIATIA EURO ATLANTIC DIPLOMACY SOCIETY,EAD SOCIETY,STR TARGUL PESTELUI 3,SIBIU,550195,RO,,"45.797243819,24.146986401",Other,Romania,RO,RO,RO126
987914058,,UNIVERSITATEA DE STIINTELE VIETII REGELE MIHAI I DIN TIMISOARA,UNIVERSITY OF LIFE SCIENCES KING MIHAI I FROM TIMISOARA,CALEA ARADULUI 119,Timisoara,300645,RO,,"45.78403171,21.21872558",Higher or Secondary Education Establishments,Romania,RO,RO,RO424
914005684,HU18738511,MAGYAR PERMAKULTURA EGYESULET,,PIPACS UTCA 00007/6 HRSZ,VERTESACSA,8089,HU,,"46.6562829,18.5300976",Other,Hungary,HU,HU,HU211
897308104,RS111041387,INSTITUT ZA RAZVOJ I INOVACIJE - IRI,INSTITUTE FOR DEVELOPMENT AND INNOVATION,"PALMOTICEVA 12, FL 3, AP 8",BEOGRAD,11000,RS,,"44.8196938,20.4613074",Research Organisations,Serbia,RS,RS,RS110
998036008,DE117704061,DIL DEUTSCHES INSTITUT FUR LEBENSMITTELTECHNIK EV,DIL,PROF VON KLITZING STRASSE 7,Quakenbruck,49610,DE,http://www.dil-ev.de,"52.668516986,7.9539309945",Research Organisations,Germany,DE,DE,DE94E
914207929,CHE113182626MWST,METEOBLUE AG,,GREIFENGASSE 38,BASEL,4058,CH,,"47.5620104,7.5952796",Private for-profit entities,Switzerland,CH,CH,CH031
889351291,IT03644260964,DELOITTE ADVISORY S.R.L. SOCIETA BENEFIT,,VIA SANTA SOFIA 28,MILANO,20122,IT,,"45.45671752,9.1889981409",Private for-profit entities,Italy,IT,IT,ITC4C
891269563,HU17784227,MAGYAR AGRAR- ES ELETTUDOMANYI EGYETEM,MATE,PATER KAROLY STR. 1.,Godollo,2100,HU,,"47.593095995,19.361509019",Higher or Secondary Education Establishments,Hungary,HU,HU,HU120
950764901,,VALOREX SAS,,LA MESSAYAIS,Combourtille,35210,FR,,"48.266180548,-1.247237041",Private for-profit entities,France,FR,FR,FRH03
887901917,CZ14101556,"BIOEAST HUB CR, Z. U.",,PLASKA 589/11 MALA STRANA,PRAHA 5,150 00,CZ,,"50.07429,14.4346",Other,Czechia,CZ,CZ,CZ010
999871927,HU19253086,SOPRONI EGYETEM,UNIVERSITY OF SOPRON UNIVERSITAT SOPRON,SOPRON BAJCSY ZSILINSZKI U 4,Sopron,9400,HU,http://www.nyme.hu,"47.68501,16.59049",Higher or Secondary Education Establishments,Hungary,HU,HU,HU221
887408478,HU26231019,NEMZETI INNOVACIOS UGYNOKSEG NONPROFIT ZRT,HUNGARIAN INNOVATION AGENCY NON-PROFIT PLC,KETHLY ANNA TER 1 1 EM,BUDAPEST,1077,HU,,"47.498163021,19.065789021",Other,Hungary,HU,HU,HU110
926457380,RS108860835,GILAB DOO BEOGRAD,,94 DRAGOSLAVA SREJOVICA ST,BELGRADE-ZVEZDARA,11160,RS,,"44.81609,20.43821",Private for-profit entities,Serbia,RS,RS,RS110
882652180,RS109634368,LOGIN EKO DOO Zrenjanin (Aradac),Login EKO,Tiski red 117,Aradac,23207,RS,,"45.388876461,20.256779648",Private for-profit entities,Serbia,RS,RS,RS126
892657342,RS112155494,UDRUZENJE EKO-INOVACIJA NA BALKANU,ASSOCIATION OF BALKAN ECO-INNOVATION,"KISACKA 66, 3rd FLOOR, FLAT 23",NOVI SAD,21000,RS,,"45.2551338,19.8451756",Other,Serbia,RS,RS,RS
932963364,HR70354371893,HRVATSKA POLJOPRIVREDNA KOMORA,CROATIAN CHAMBER OF AGRICULTURE,ULICA GRADA VUKOVARA 78,Zagreb,10000,HR,,"45.799750511,15.976033097",Research Organisations,Croatia,HR,HR,HR050
998813075,CZ62156489,MENDELOVA UNIVERZITA V BRNE,Mendelova univerzita v Brně,ZEMEDELSKA 1/1665,BRNO SEVER,613 00,CZ,https://www.mendelu.cz,"50.07429,14.4346",Higher or Secondary Education Establishments,Czechia,CZ,CZ,CZ010
888631163,IT04721270876,AZIENDA OSPEDALIERA DI RILIEVO NAZIONALE GARIBALDI CATANIA,ARNAS CATANIA,PIAZZA SANTA MARIA DI GESU 5,CATANIA,95124,IT,,"37.511452617,15.079085722",Public bodies,Italy,IT,IT,ITG17
998359891,PT501090436,MUNICIPIO DE AGUEDA,CAMARA MUNICIPAL DE AGUEDA CMA,PRACA DO MUNICIPO,AGUEDA,3754 500,PT,,"38.73247,-9.13372",Public bodies,Portugal,PT,PT,PT1A0
917517763,EL090116054,DIMOS KORYDALLOS,MUNICIPALITY OF KORYDALLOS,GRIGORIOU LAMBRAKI 240,KORYDALLOS,181 20,EL,,"37.98015234,23.646198029",Public bodies,Greece,EL,EL,EL307
997623176,RS100222157,INSTITUT ZA MEDICINSKA ISTRA IVANJA,IMR,DR SUBOTICA 4 PRIZEMLJE,Belgrade,11129,RS,http://www.srbnutrition.info,"44.793762707,20.497901803",Research Organisations,Serbia,RS,RS,RS110
881192427,CY90002493D,ORGANISMOS ASFALISIS YGEIAS,HEALTH INSURANCE ORGANISATION,KLIMENTOS 17 19,NICOSIA,1061,CY,,"35.118877749999996,33.25481342175094",Public bodies,Cyprus,CY,CY,CY000
999643007,EL090145420,ETHNIKO KAI KAPODISTRIAKO PANEPISTIMIO ATHINON,UOA,6 CHRISTOU LADA STR,ATHINA,105 61,EL,http://www.elke.uoa.gr,"37.97850802,23.732519058",Higher or Secondary Education Establishments,Greece,EL,EL,EL303
938310489,RS102211181,CRTA,CENTER FOR RESEARCH TRANSPARENCY AND ACCOUNTABILITY,Bulevar kralja Aleksandra 70,BEOGRAD,11111,RS,,"44.7934835,20.5039511",Research Organisations,Serbia,RS,RS,RS
882219851,PT502926252,ASSOCIACAO PORTUGUESA DE MEDICOS VETERINARIOS ESPECIALISTAS  EM ANIMAIS DE COMPANHIA,APMVEAC,RUA AMERICO DURAO 18D,LISBOA,1900-064,PT,,"38.740341924,-9.12452714",Other,Portugal,PT,PT,PT1A0
881117058,61008595,Americares Foundation Inc.,Americares Foundation Inc.,88 Hamilton Avenue,Stamford,6902,US,,"41.065123999,-73.51946103",Other,United States,US,US,US
999453372,ESQ2432001B,UNIVERSIDAD DE LEON,ULE,AVENIDA FACULTAD 25,Leon,24004,ES,http://www.unileon.es,"42.5914781,-5.5732029",Higher or Secondary Education Establishments,Spain,ES,ES,ES413
912924134,IT13664791004,AZIENDA SANITARIA LOCALE ROMA 1,ASL ROMA 1,BORGO SANTO SPIRITO 3,Roma,198,IT,,"41.901446787,12.46154904",Public bodies,Italy,IT,IT,ITI43
999865331,PT501461108,UNIVERSIDADE DE AVEIRO,UAveiro,CAMPUS UNIVERSITÁRIO DE SANTIAGO,Aveiro,3810-193,PT,http://www.ua.pt,"40.630600481,-8.659212575",Higher or Secondary Education Establishments,Portugal,PT,PT,PT191
881410095,,EDENTIFY FOUNDATION MTU,,NARVA MNT 7,Tallinn,10117,EE,,"59.43696,24.75353",Research Organisations,Estonia,EE,EE,EE001
953720200,,HARVARD GLOBAL RESEARCH AND SUPPORT SERVICES INC.,HARVARD GLOBAL,"OFFICE OF THE GENERAL COUNSEL, HOLYOKE CENTER, SUITE 980, MASSACHUSETTS AVENUE 1350",Cambridge,2138,US,,"42.369028744,-71.11051656",Research Organisations,United States,US,US,US
892135579,BE0758652836,AINIGMA TECHNOLOGIES,AINIGMA,KAPELDREEF 60,Leuven,3001,BE,,"50.862255702,4.6721114706",Private for-profit entities,Belgium,BE,BE,BE242
916252204,EL099012257,YPOURGEIO ERGASIAS KAI KOINONIKON YPOTHESEON,MINISTRY OF LABOR AND SOCIAL SECURITY,STADIOU 29,ATHENS,104 37,EL,,"37.98046729,23.73114166",Public bodies,Greece,EL,EL,EL303
999835843,CY90001673W,UNIVERSITY OF CYPRUS,UCY,AVENUE PANEPISTIMIOU 2109  AGLANTZI,Nicosia,1678,CY,http://www.ucy.ac.cy,"35.165175,33.371442",Higher or Secondary Education Establishments,Cyprus,CY,CY,CY000
999541642,ESG60594009,FUNDACIO HOSPITAL UNIVERSITARI VALL D'HEBRON - INSTITUT DE RECERCA,VHIR,PASSEIG VALL D HEBRON 119-129 EDIFICIO CENTRAL,BARCELONA,8035,ES,http://www.vhebron.es/vhang.htm,"41.428014264,2.1434400613",Research Organisations,Spain,ES,ES,ES511
965934440,CY10167225J,THE CYPRUS INSTITUTE,,CONSTANTINOU KAVAFI 20,Nicosia,2121,CY,http://www.cyi.ac.cy,"35.17531,33.3642",Higher or Secondary Education Establishments,Cyprus,CY,CY,CY000
940255630,,PANCYPRIAN FEDERATION OF LABOUR,PEO,ARCHERMOU ST 29,LEFKOSIA,1045,CY,,"35.170615006,33.372901964",Other,Cyprus,CY,CY,CY000
999754848,NO988983837MVA,NIBIO - NORSK INSTITUTT FOR BIOOKONOMI,NIBIO,HOEGSKOLEVEIEN 7,Aas,1430,NO,http://www.nibio.no,"59.666295703,10.774175874",Research Organisations,Norway,NO,NO,NO084
944781650,NO959946299MVA,SKOGKURS,,TARNVEGEN 41,BRUMUNDDAL,2380,NO,,"60.877506,10.929181",Other,Norway,NO,NO,NO020
881485561,FI32796904,LUONTOA OY,LUONTOA,TOINEN LINJA 13 B 31,HELSINKI,530,FI,,"60.182129089,24.947599976",Private for-profit entities,Finland,FI,FI,FI1B1
916321753,,OPPLA EEIG,OPPLA,KREITENMOLENSTRAAT 86,Udenhout,5071 BH,NL,http://www.oppla.eu,"51.609310048,5.1476987289",Other,Netherlands,NL,NL,NL415
999977463,DE811193231,TECHNISCHE UNIVERSITAET MUENCHEN,TUM,Arcisstrasse  21,Muenchen,80333,DE,http://www.tu-muenchen.de,"48.14885402,11.567998012",Higher or Secondary Education Establishments,Germany,DE,DE,DE212
917535708,EE100559901,RIIGIMETSA MAJANDAMISE KESKUS,FOREST MANAGEMENT CENTRE,"SAGADI KULA, HALJALA VALD, LAANE VIRU MAAKOND",Sagadi,45403,EE,,"59.5349526,26.0498455",Public bodies,Estonia,EE,EE,EE009
999507983,SE202100069601,SVERIGES METEOROLOGISKA OCH HYDROLOGISKA INSTITUT,SMHI,FOLKBORGSVAGEN 1,NORRKOEPING,601 76,SE,https://www.smhi.se,"59.32473,18.07065",Public bodies,Sweden,SE,SE,SE110
881129086,NO920123899MVA,INDRE OSTFOLD KOMMUNE,MUNICIPALITYOF INDRE OSTFOLD,RADHUSGATA 22,ASKIM,1830,NO,,"59.58448024,11.160950917",Public bodies,Norway,NO,NO,NO083
907490485,,MITTETULUNDUSUHING POLLUKULTUURIDEKLASTER,,TAMEKAARA TALU,VANDRA VALD,87615,EE,,"59.43621,24.74817",Other,Estonia,EE,EE,EE001
999857280,EE100018015,EESTI MAAULIKOOL,ESTONIAN UNIVERSITY OF LIFE SCIENCES EMU,KREUTZWALDI 1,Tartu,51014,EE,http://www.emu.ee,"58.388243936,26.697352355",Higher or Secondary Education Establishments,Estonia,EE,EE,EE008
879502008,NO930580694MVA,OSTFOLD FYLKESKOMMUNE,,OSCAR PEDERSENS VEI 39,Sarpsborg,1706,NO,,"59.275027918,11.105898661",Public bodies,Norway,NO,NO,NO083
998473769,EE101456605,EESTI ERAMETSALIIT,FOREST UNION EPFU,LIIVALAIA TN 20A,TALLINN,10118,EE,https://www.eramets.ee,"59.436049852,24.733422652",Other,Estonia,EE,EE,EE001
954900496,ESB76559152,LA PALMA RESEARCH CENTRE SL,LPRC,CALLE EL CASTILLO EL FRONTON 37,Santa Cruz De La Palma,38787,ES,https://www.lapalmacentre.eu,"28.68351,-17.76421",Private for-profit entities,Spain,ES,ES,ES707
963194384,,ALDA - ASSOCIATION EUROPEENNE POUR LA DEMOCRATIE LOCALE,ALDA,PLACE DES ORPHELINS 1A MAISON DES ASSOCIATIONS,Strasbourg,67000,FR,,"48.58392,7.74553",Other,France,FR,FR,FRF11
884975524,ESP3800058D,CONSEJO INSULAR DE AGUAS DE LA PALMA,CONSEJO INSULAR DE AGUAS DE LA PALMA,AVDA MARITIMA N 3,SANTA CRUZ DE LA PALMA,38700,ES,,"28.681395482,-17.76561687",Public bodies,Spain,ES,ES,ES707
999947296,ESA35313170,"INSTITUTO TECNOLOGICO DE CANARIAS,S.A.",ITC,CALLE CEBRIAN 3,Las Palmas De Gran Canaria,35003,ES,https://www.itccanarias.org,"28.09973,-15.41343",Other,Spain,ES,ES,ES705
996740088,PT680041982,Universidade da Madeira,UMa,Praça do Município,Funchal,9000-081,PT,http://www.uma.pt/,"32.649375443,-16.9090302",Higher or Secondary Education Establishments,Portugal,PT,PT,PT300
941875045,CV350067813,UNIVERSIDADE DE CABO VERDE,UNI-CV,PRACA ANTONIO LERENO,PRAIA,,CV,,"14.920147197,-23.50650657",Higher or Secondary Education Establishments,Cabo Verde,CV,CV,CV
890699882,PT516457268,TRISOLARIS ADVANCED TECHNOLOGIES LDA,,RUA DA TECNOLOGIA K EPSILON N.2,Lagoa,9560-421,PT,,"37.74486,-25.57184",Private for-profit entities,Portugal,PT,PT,PT200
885203086,PT512073821,MUNICIPIO DA HORTA,HORTA CITY HALL,LARGO DUQUE DE AVILA E BOLAMA APARTADO 48,HORTA,9900-141,PT,,"38.537426432,-28.62602256",Public bodies,Portugal,PT,PT,PT200
999993662,FR67582056149,BUREAU DE RECHERCHES GEOLOGIQUES ET MINIERES,BRGM,3 AV CLAUDE GUILLEMIN,Orleans,45060,FR,http://www.brgm.fr,"47.829910995,1.9372900026",Research Organisations,France,FR,FR,FRB06
917706913,EL997069118,INLECOM INNOVATION ASTIKI MI KERDOSKOPIKI ETAIREIA,INLECOM INNOVATION,TATOIOU 11 KIFISSIA,Athina,145 61,EL,,"38.049174504,23.764713865",Research Organisations,Greece,EL,EL,EL301
907549752,BE0687495220,FEDERATION EUROPEENNE DES GEOLOGUES,EUROPEAN FEDERATION OF GEOLOGISTSFEDERACION EUROPEA DE GEOLOGOS,RUE JENNER 13,Bruxelles / Brussel,1000,BE,,"50.836534072,4.3784135228",Other,Belgium,BE,BE,BE100
884918391,ESV38021754,COMUNIDAD DE AGUAS TENISCA,COMUNIDAD DE AGUAS TENISCA,CALLE LOS TARAJALES 2 (EL PUERTO),TAZACORTE,38770,ES,,"28.6424994,-17.9322944",Other,Spain,ES,ES,ES707
999557453,,UNIVERSITE DE LA REUNION,UR,AVENUE RENE CASSIN 15,Saint Denis De La Reunion Cedex 9,97715,FR,http://www.univ-reunion.fr,"-20.90052698,55.483730964",Higher or Secondary Education Establishments,France,FR,FR,FRY40
887300517,ESG76347467,ASOCIACION PARA LA INVESTIGACION DE LA MACARONESIA,AIM,"CALLE RAMON POL, 5, L3",LOS LLANOS DE ARIDANE,38760,ES,,"28.659589709,-17.91698188",Other,Spain,ES,ES,ES707
886984103,ESB76727007,VIAJES Y PRACTICAS CIENTIFICAS GEOTENERIFE SL,VPCGT,CAMINO ALTAVISTA 18,ARONA,38640,ES,,"28.1086977,-16.6777175",Private for-profit entities,Spain,ES,ES,ES709
968650731,GB101638353,TELESPAZIO UK LIMITED,TELESPAZIO VEGA UK LIMITED,CAPABILITY GREEN 350,LUTON BEDFORDSHIRE,LU1 3LU,UK,http://www.vegaspace.eu,"51.51089,-0.08689",Private for-profit entities,United Kingdom,UK,GB,UKH21
998208280,SK2020474808,TECHNICKA UNIVERZITA VO ZVOLENE,TUZVO,T G MASARYKA 24,Zvolen,960 01,SK,https://www.tuzvo.sk,"48.57442,19.15324",Higher or Secondary Education Establishments,Slovakia,SK,SK,SK032
999868144,CZ61989100,VSB - TECHNICAL UNIVERSITY OF OSTRAVA,VSB - TU Ostrava,17 LISTOPADU 2172/15,OSTRAVA PORUBA,708 00,CZ,http://www.vsb.cz,"50.07429,14.4346",Higher or Secondary Education Establishments,Czechia,CZ,CZ,CZ010
998189850,ESG91649616,FUNDACION CATEC CENTRO AVANZADO DE TECNOLOGIAS AEROESPACIALES,CATEC,CALLE WILBUR Y ORVILLE WRIGHT 17 PARQUE AEROPOLIS,LA RINCONADA SEVILLA,41039,ES,https://www.catec.aero,"37.431882246,-5.859458347",Research Organisations,Spain,ES,ES,ES618
880719843,SK2122140141,"DOBROVOL'NE HASICSKE ZDRUZENIE ZVOLEN, OBCIANSKE ZDRUZENIE","Dobrovoľné hasičské združenie Zvolen, občianske združenie",UNIONKA 19/15,ZVOLEN,960 01,SK,,"48.5647806,19.1090798",Other,Slovakia,SK,SK,SK032
879610066,,PROPARK-FUNDATIA PENTRU ARII PROTEJATE,,STRADA LUNGA 175,BRASOV,500051,RO,,"45.65618365,25.581573435314752",Other,Romania,RO,RO,RO122
884060135,,DIGINNOCENT S.R.O.,,MATOUSOVA 48/4,Liberec,460 07,CZ,,"50.7655159,15.0505175",Private for-profit entities,Czechia,CZ,CZ,CZ051
999988909,NL002875718B01,NEDERLANDSE ORGANISATIE VOOR TOEGEPAST NATUURWETENSCHAPPELIJK ONDERZOEK TNO,TNO,ANNA VAN BUERENPLEIN 1,Den Haag,2595 DA,NL,http://www.tno.nl,"52.082223814,4.3257143182",Research Organisations,Netherlands,NL,NL,NL361
914726200,,EISENBAHN-BUNDESAMT,,HEINEMANNSTRASSE 6,BONN,53175,DE,,"50.70349255,7.13929810147275",Public bodies,Germany,DE,DE,DEA22
882369813,SI83845003,DIREKCIJA REPUBLIKE SLOVENIJE ZA VODE,SLOVENIAN WATER AGENCY,MARIBORSKA CESTA 88,Celje,3000,SI,,"46.234660000000005,15.270012700000006",Public bodies,Slovenia,SI,SI,SI034
999909854,CHE110354546MWST,IBM RESEARCH GMBH,IBM,SAEUMERSTRASSE 4,RUESCHLIKON,8803,CH,http://www.zurich.ibm.com,"46.949222,7.44587",Private for-profit entities,Switzerland,CH,CH,CH033
890303928,GB381188481,DARK MATTER LABORATORIES LIMITED,,217 MARE STREET MARE STREET,LONDON,E8 3QE,UK,,"51.51089,-0.08689",Other,United Kingdom,UK,GB,UKI41
999852430,DE137385436,UNIVERSITAET ROSTOCK,UROS,UNIVERSITATSPLATZ 1,Rostock,18055,DE,http://www.uni-rostock.de,"54.08808998,12.133393005",Higher or Secondary Education Establishments,Germany,DE,DE,DE803
999904131,RO14151658,UNIVERSITATEA TRANSILVANIA DIN BRASOV,UNITBV,BDUL EROILOR 29,BRASOV,500036,RO,http://www.unitbv.ro,"44.43719,26.08592",Higher or Secondary Education Establishments,Romania,RO,RO,RO321
999588493,MK4030979223120,Ss. CYRIL AND METHODIUS UNIVERSITY IN SKOPJE,,BLVD GOCE DELCEV 9,Skopje,1000,MK,http://www.ukim.edu.mk,"42.000361226,21.452311862",Higher or Secondary Education Establishments,North Macedonia,MK,MK,MK008
999478883,NO983744516MVA,FOLKEHELSEINSTITUTTET,NORWEGIAN INSTITUTE OF PUBLIC HEALTH NIPH,LOVISENBERGGATA 8,Oslo,456,NO,http://www.fhi.no,"59.933948899,10.745259482",Research Organisations,Norway,NO,NO,NO081
908292384,FR96534194451,ATMO AUVERGNE RHONE ALPES,,3 ALL DES SORBIERS,BRON,69500,FR,,"45.7384474,4.9318048",Other,France,FR,FR,FRK26
999997833,FR31180036048,INSTITUT NATIONAL DE LA SANTE ET DE LA RECHERCHE MEDICALE,INSERM,RUE DE TOLBIAC 101,Paris,75654,FR,http://www.inserm.fr,"48.85341,2.3488",Research Organisations,France,FR,FR,FR101
879356023,NL823219938B01,VFA SOLUTIONS BV,,ADMIRAAL DE RUYTERSTRAAT 2,Schiedam,3115 HB,NL,,"51.9079806,4.385785",Private for-profit entities,Netherlands,NL,NL,NL366
994216051,NO958935420MVA,OSLO KOMMUNE,OSLO KOMMUNE,RADHUSET,Oslo,37,NO,http://www.oslo.kommune.no,"59.9125723,10.7335578",Public bodies,Norway,NO,NO,NO081
999861063,GB629588094,LONDON SCHOOL OF ECONOMICS AND POLITICAL SCIENCE,,Houghton Street 1,London,WC2A 2AE,UK,http://www.lse.ac.uk,"51.513651457,-0.116826162",Higher or Secondary Education Establishments,United Kingdom,UK,GB,UKI32
999978821,IT03657731000,ISTITUTO SUPERIORE DI SANITA,,Viale Regina Elena 299,Roma,161,IT,http://www.iss.it,"41.904152884,12.51806528",Research Organisations,Italy,IT,IT,ITI43
999654162,NO941705561MVA,STIFTELSEN NILU,NILU,INSTITUTTVEIEN 18,Kjeller,2027,NO,http://www.nilu.no,"59.974483057,11.048339414",Research Organisations,Norway,NO,NO,NO084
936105873,,MILJODIREKTORATET,NORWEGIAN ENVIRONMENT AGENCY,BRATTORKAIA 15B,Trondheim,7010,NO,,"63.438414,10.40056",Public bodies,Norway,NO,NO,NO060
889096181,IT95319280632,URBAN CLIMATE CHANGE RESEARCH NETWORK - EUROPEAN HUB ETS,,CORSO VITTORIO EMANUELE 539 BIS,NAPOLI,80135,IT,,"40.8359336,14.2487826",Research Organisations,Italy,IT,IT,ITF33
999988521,IT00985801000,"AGENZIA NAZIONALE PER LE NUOVE TECNOLOGIE, L'ENERGIA E LO SVILUPPO ECONOMICO SOSTENIBILE",ENEA,LUNGOTEVERE GRANDE AMMIRAGLIO THAON DI REVEL 76,Roma,196,IT,http://www.enea.it,"41.93275441,12.464683118",Research Organisations,Italy,IT,IT,ITI43
940211980,SE556475551901,SENSEAIR AB,SENSEAIR,PO BOX 96,Delsbo,820 60,SE,,"61.7994375,16.5535129",Private for-profit entities,Sweden,SE,SE,SE313
998518583,CHE108955386TVA,SCHWEIZERISCHES TROPEN UND PUBLIC HEALTH INSTITUT,SWISS TPH SWISS TROPICAL AND PUBLIC HEALTH INSTITUTE,KREUZSTRASSE 2,Allschwil,4123,CH,http://www.swisstph.ch,"47.55074,7.53599",Research Organisations,Switzerland,CH,CH,CH032
998403929,AU15211513464,THE UNIVERSITY OF SYDNEY,UNSYD,CAMPERDOWN CAMPUS ARUNDEL ST 71/79,Sydney,2006,AU,http://www.usyd.edu.au/,"-33.86785,151.20732",Higher or Secondary Education Establishments,Australia,AU,AU,AU
972826484,,"STICHTING INTERNATIONAL NETWORK ONCHILDREN'S HEALTH, ENVIRONMENT AND SAFETY",,KASTANJELAAN 5,Ellecom,6955 AM,NL,,"52.0323965,6.0873026",Other,Netherlands,NL,NL,NL226
999467340,,THE REGENTS OF THE UNIVERSITY OF CALIFORNIA,LOS ANGELES UCLA SANTA BARBARA UCSB DAVIS UCD RIVERSIDE UCR SAN DIEGO UCSD SANTA CRUZ UCSC IRVIN,FRANKLIN STREET 1111 12 FLOOR,Oakland,94607,US,http://www.universityofcalifornia.edu/,"37.802292503,-122.271459",Higher or Secondary Education Establishments,United States,US,US,US
949799848,,Comune di Napoli,Comune di Napoli,PIAZZA DEL MUNICIPIO PALAZZO SAN GIACOMO,NAPOLI,80133,IT,,"41.90085,12.49035",Public bodies,Italy,IT,IT,ITI43
879620930,NL821159185B01,LUCAM BV,,DUKAAT 19,Emmeloord,8305 BC,NL,,"52.7174548,5.7819804",Private for-profit entities,Netherlands,NL,NL,NL230
961726483,EL998076421,EYROPAIKO INSTITOYTO TOPIKHS ANAPTYKSHS,EUROPEAN INSTITUTE FOR LOCAL DEVELOPMENT,7 VALAORITOU,THESSALONIKI,546 26,EL,,"35.3697984,24.4732293",Other,Greece,EL,EL,EL522
994557879,,EUROPEAN HOSPITAL AND HEALTHCARE FEDERATION,HOPE,AVENUE MARNIX 30,Bruxelles / Brussel,1000,BE,https://www.hope.be,"50.840344904,4.3663338592",Other,Belgium,BE,BE,BE100
910939514,LT100011138915,UAB TERAGLOBUS,,ZALGIRIO STR. 135,VILNIUS,LT-08217,LT,,"54.70485795,25.27221231",Private for-profit entities,Lithuania,LT,LT,LT011
880576477,,JONISKIO RAJONO SAVIVALDYBES ADMINISTRACIJA,JONISKIS DISTRICT MUNICIPALITY ADMINISTRATION,LIVONIJOS ST 4,JONISKIS,84124,LT,,"56.242369351,23.617739623",Public bodies,Lithuania,LT,LT,LT026
999990946,SE202100305401,KUNGLIGA TEKNISKA HOEGSKOLAN,KTH,BRINELLVAGEN 8,Stockholm,100 44,SE,http://www.kth.se,"59.33692,18.07268",Higher or Secondary Education Establishments,Sweden,SE,SE,SE110
944982634,FI01373239,PORIN KAUPUNKI,BJORNEBORG STAD CITY OF PORI,HALLITUSKATU 12,PORI,28101,FI,,"61.489241032,21.794811204",Public bodies,Finland,FI,FI,FI196
880735945,RO48651062,SINOPSIS SOCIALLY INTEGRATED INNOVATION S.R.L.,.,CALEA VICTORIEI 155 TRONSON 6 BIROUL A30 BLOC D1 ETAJ 9,BUCURESTI,10073,RO,,"44.4361414,26.1027202",Private for-profit entities,Romania,RO,RO,RO321
894585605,,"ADCOGITO ELGSENOS TYRIMU INSTITUTAS, VSI","ADCOGITO, INSTITUTE FOR ADVANCED BEHAVIORAL RESEARCH",LATGALIU STR. 5-7,VILNIUS,LT-08112,LT,,"54.695652358,25.246668125",Research Organisations,Lithuania,LT,LT,LT011
960848342,FI07736934,PRIZZTECH OY,PRIZZTECH LTD,GALLEN-KALLELANKATU 8,Pori,28100,FI,,"61.48333,21.78333",Other,Finland,FI,FI,FI196
972782446,LT100005579315,LIETUVOS SVEIKATOS MOKSLU UNIVERSITETAS,LITHUANIAN UNIVERSITY OF HEALTH SCIENCES,A MICKEVICIAUS GATVE 9 GENERAL DELIVERY,KAUNAS,LT-44307,LT,http://www.lva.lt,"54.894276557,23.916647762",Higher or Secondary Education Establishments,Lithuania,LT,LT,LT022
926362126,CY10345472V,UBITECH LIMITED,,26 NIKOU & DESPINAS PATTCHI,Limassol,3071,CY,,"34.6858611,33.0250586",Private for-profit entities,Cyprus,CY,CY,CY000
998829080,FI02116752,TAMPEREEN KAUPUNKI,TAMMERFORS STADCITY OF TAMPERE,ALEKSIS KIVEN KATU 14-16,Tampere,33101,FI,,"61.499920171,23.758839743",Public bodies,Finland,FI,FI,FI19B
920499058,LV90000056357,JURMALAS VALSTSPILSETAS ADMINISTRACIJA,ADMINISTRATION OF JURMALA LOCAL GOVERNMENT,JOMAS IELA 1/5,Jurmala,LV-2015,LV,,"56.972923543,23.788811752",Public bodies,Latvia,LV,LV,LV00A
938727492,LT887100610,VILNIAUS MIESTO SAVIVALDYBES ADMINISTRACIJA,VMSA,KONSTITUCIJOS 3,Vilnius,9601,LT,,"54.68916,25.2798",Public bodies,Lithuania,LT,LT,LT011
932227425,LV90011524360,RIGAS PILSETAS PASVALDIBA,RIGA CITY COUNCIL,RATSLAUKUMS 1,Riga,1050,LV,,"56.947811612,24.106338864",Public bodies,Latvia,LV,LV,LV
899910129,EL801132893,ENVE.X SINGLE MEMBER PC,,KOSTI PALAMA 11,Thesaloniki,551 33,EL,,"40.58731101,22.960680473",Private for-profit entities,Greece,EL,EL,EL522
919854008,,KLAIPEDOS MIESTO VISUOMENES SVEIKATOS BIURAS,,TAIKOS PR 76,KLAIPEDA,93200,LT,,"55.678499195,21.164601399",Public bodies,Lithuania,LT,LT,LT023
879572430,,VILNIAUS MIESTO SAVIVALDYBES VISUOMENES SVEIKATOS BIURAS,,M K CIURLIONIO G 100,VILNIUS,3100,LT,,"54.683101128,25.235954544",Public bodies,Lithuania,LT,LT,LT011
998069182,EL999152155,INSTITOUTO ANAPTIXIS EPICHEIRIMATIKOTITAS ASTIKI ETAIREIA,INSTITUTE OF ENTREPRENEURSHIP DEVELOPMENT,THESI VOLIOPORTA SINOIKIA AG. GEORGIOU VALTETSIOU & TRIPOLEOS,LARISSA,413 36,EL,,"39.632693501,22.434222019",Research Organisations,Greece,EL,EL,EL612
999995505,PT502011378,UNIVERSIDADE DO MINHO,UMINHO,LARGO DO PACO,Braga,4704 553,PT,http://www.uminho.pt,"41.550866997,-8.426366123",Higher or Secondary Education Establishments,Portugal,PT,PT,PT112
989393987,,ENTENTE POUR LA FORÊT MÉDITERRANÉENNE,,"Centre Francis Arrighi, Domaine de Valabre",Gardanne,13120,FR,,"43.453946,5.4689642",Research Organisations,France,FR,FR,FRL04
999963980,FR40444523526,ARTELIA,,16 RUE SIMONE VEIL,Saint-Ouen-Sur-Seine,93400,FR,,"48.91178302,2.3296739638",Private for-profit entities,France,FR,FR,FR106
974988420,CY90000251N,LARNAKA MUNICIPALITY,LARNAKA MUNICIPALITY,ATHINON AVENUE,Larnaca,6300,CY,,"34.92291,33.6233",Public bodies,Cyprus,CY,CY,CY000
907678859,ESP5800014B,CONSORCI BESOS TORDERA,,AVINGUIDA SANT JULIA 241,Granollers,8403,ES,,"41.592872874,2.2736822138",Public bodies,Spain,ES,ES,ES511
998079949,GB945680393,LIVERPOOL JOHN MOORES UNIVERSITY,LJMU,"THE STUDENT LIFE BUILDING, COPPERAS HILL",LIVERPOOL,L3 5AH,UK,http://www.ljmu.ac.uk,"53.4066886,-2.9730747",Higher or Secondary Education Establishments,United Kingdom,UK,GB,UK
999808780,IT00876481003,AGENZIA ANSA - AGENZIA NAZIONALE STAMPA ASSOCIATA - SOCIETA COOPERATIVA,ANSA,VIA DELLA DATARIA 94,ROMA,187,IT,,"41.90085,12.49035",Private for-profit entities,Italy,IT,IT,ITI43
966010294,IT06616631211,SVILUPPO TECNOLOGIE E RICERCA PER L'EDILIZIA SISMICAMENTE SICURA ED ECOSOSTENIBILE SCARL,STRESS,VICO II SAN NICOLA ALLA DOGANA 9,Napoli,80133,IT,http://www.stress-scarl.it,"40.840778002,14.255678483",Research Organisations,Italy,IT,IT,ITF33
881437255,,COMM. STRAORD. DEL GOV.PER LA RIC.NEI TERRITORI DEI COM.DI CASAMICCIOLA-FORIO E LACCO AMENO,Commissariato Ricostruzione Ischia,Via Nuova Marina 19/c,Napoli,80133,IT,,"40.8443573,14.259147348",Public bodies,Italy,IT,IT,ITF33
888629126,,COMUNE DI CASAMICCIOLA TERME,CASAMICCIOLA TERME,"VIA PRINCIPESSA MARGHERIT A, 62",CASAMICCIOLA TERME,80074,IT,,"40.745756062,13.907046669",Public bodies,Italy,IT,IT,ITF33
950897306,ESP0809500B,AJUNTAMENT DE GRANOLLERS,AJUNTAMENT DE GRANOLLERS,PLACA DE LA PORXADA 6,Granollers,8401,ES,,"41.60797,2.28773",Public bodies,Spain,ES,ES,ES511
999981537,ATU28781306,JOANNEUM RESEARCH FORSCHUNGSGESELLSCHAFT MBH,JOANNEUM RESEARCH,LEONHARDSTRASSE 59,Graz,8010,AT,http://www.joanneum.at,"47.06667,15.45",Research Organisations,Austria,AT,AT,AT221
972442364,,FONDATSIYA TSENTAR ZA ENERGIYNA EFEKTIVNOST - ENEFEKT,ENEFFECT,CHRISTO SMIRNENSKY BLVD 1 FL 3,Sofia,1164,BG,,"42.682009885,23.33165764",Research Organisations,Bulgaria,BG,BG,BG411
910730091,,VSI ZIEDINE EKONOMIKA,,P ZADEIKOS G 20-1,VILNIUS,LT-06321,LT,,"54.6639988,25.3616393",Other,Lithuania,LT,LT,LT011
939316185,CY10298591I,ANAPTYXIAKI ETAIREIA LEFKOSIAS (ANEL) LTD,NICOSIA DEVELOPMENT AGENCY (ANEL) LTD,57 GIANNOU KRANIDIOTI LATSIA,Nicosia,2235,CY,,"35.17531,33.3642",Other,Cyprus,CY,CY,CY000
950224126,SK2023677018,PEDAL CONSULTING SRO,PEDAL,BJORNSONOVA 4807/5,Martin,036 01,SK,,"49.06651,18.92399",Private for-profit entities,Slovakia,SK,SK,SK031
999971837,SI55560822,INSTITUT JOZEF STEFAN,JSI,Jamova 39,Ljubljana,1000,SI,http://www.ijs.si/,"46.042290226,14.48787078",Research Organisations,Slovenia,SI,SI,SI041
876922875,EL996533211,DIKTYO POLEON GIA TIN POLITIKI PROSTASIA THN ANTHEKTIKOTITA KAI TIN AEIFORIA,ELLINIKO DIKTYO ANTHEKTIKON POLEON,"BOUMPOULINAS, 4 ARGYROUPOLI",ARGYROUPOLI,164 51,EL,,"37.9059946,23.7503867",Other,Greece,EL,EL,EL304
966036484,FR55379716764,ENERGY CITIES/ENERGIE-CITES ASSOCIATION,ENERGY CITIES,CHEMIN DU FORT DE BREGILLE 4,BESANCON,25000,FR,,"47.237929989,6.0370100225",Other,France,FR,FR,FRC21
878369048,HU32447622,HUNGAROMET MAGYAR METEOROLOGIAI SZOLGALTATO NONPROFIT ZARTKORUEN MUKODO RESZVENYTARSASAG,HUNGAROMET HUNGARIAN METEOROLOGICAL SERVICE NONPROFIT PRIVATE LIMITED COMPANY,KITAIBEL PAL UTCA 1,Budapest,1024,HU,,"47.5113698,19.0280337",Other,Hungary,HU,HU,HU110
999628457,RO11672708,ADMINISTRATIA NATIONALA DE METEOROLOGIE R.A.,ANM,SOS. BUCURESTI-PLOIESTI 97,Bucuresti Sectorul 1,13686,RO,,"45.9852129,24.6859225",Public bodies,Romania,RO,RO,RO321
999613422,SE556464687401,RISE RESEARCH INSTITUTES OF SWEDEN AB,RISE,BRINELLGATAN 4,Boras,501 15,SE,http://www.ri.se,"57.716861497,12.892897703",Research Organisations,Sweden,SE,SE,SE232
952929844,,LATVIJAS PASVALDIBU SAVIENIBA BIEDRIBA LPS,LATVIAN ASSOCIATION OF LOCAL AND REGIONAL GOVERNMENTS,MAZA PILS IELA 1,Riga,1050,LV,,"56.9504823,24.1032808",Other,Latvia,LV,LV,LV00A
934320200,LU27327040,LUXEMBOURG INSTITUTE OF SCIENCE AND TECHNOLOGY,LIST,5 AVENUE DES HAUTS FOURNEAUX,Esch Sur Alzette,4362,LU,http://www.list.lu,"49.501665281,5.9487718837",Research Organisations,Luxembourg,LU,LU,LU000
900395420,,TYOLLISYYS- KEHITTAMIS- JA HALLINTOKESKUS,KEHA-CENTRE,RAATIHUONEENKATU 5,MIKKELI,50100,FI,,"61.6868055,27.2756838",Public bodies,Finland,FI,FI,FI1DA
943930766,EE100792331,SIHTASUTUS EESTIMAA LOODUSE FOND,ESTONIAN FUND FOR NATURE,STAADIONI TN 67,Tartu,51008,EE,,"58.38062,26.72509",Other,Estonia,EE,EE,EE008
999887059,MT12894031,UNIVERSITA TA MALTA,UNIVERSITY OF MALTA,TAL OROQQ,MSIDA,MSD 2080,MT,http://www.um.edu.mt,"35.89754025,14.4858105351654",Higher or Secondary Education Establishments,Malta,MT,MT,MT001
998750316,PL5250007307,INSTYTUT OCHRONY SRODOWISKA - PANSTWOWY INSTYTUT BADAWCZY,INSTITUTE OFENVIRONMENTAL PROTECTION-NATIONALRESEARCH INSTITUTE IOS PIEP,UL SLOWICZA 32,WARSZAWA,02-170,PL,http://www.ios.edu.pl,"52.10896405,20.99808839748728",Research Organisations,Poland,PL,PL,PL911
920803250,EL800656470,AGRICULTURAL APPLICATIONS IKE,AgroApps P.C.,34 KORITSAS STR.,Kalamaria,551 33,EL,,"40.586613217,22.961960474",Private for-profit entities,Greece,EL,EL,EL522
950742785,IT05848061007,ACEA ATO2 SPA,,PIAZZALE OSTIENSE 2,Roma,154,IT,,"41.875671219,12.480479066",Private for-profit entities,Italy,IT,IT,ITI43
926787277,FR53500201983,I4CE - INSTITUTE FOR CLIMATE ECONOMICS,I4CE,10 RUE DE PENTHIEVRE,Paris,75008,FR,,"48.873056992,2.3166049841",Other,France,FR,FR,FR101
950510179,,ENERGIES 2050,,688 CHEMIN DU PLAN,Biot,6410,FR,,"43.62852,7.0953",Other,France,FR,FR,FRL03
999873382,SK2021252827,SLOVENSKA POLNOHOSPODARSKA UNIVERZITA V NITRE,SLOVAK UNIVERSITY OF AGRICULTURE IN NITRA,TRIEDA ANDREJA HLINKU 2,Nitra,949 76,SK,http://www.uniag.sk,"48.30763,18.08453",Higher or Secondary Education Establishments,Slovakia,SK,SK,SK023
999422235,,A SUD ECOLOGIA E COOPERAZIONE APS,A SUD,VIA ROMANELLO DA FORLI 18,ROMA,176,IT,,"41.891084,12.5322431",Other,Italy,IT,IT,ITI43
876914242,SK0000315940,OBEC ABELOVA,OBEC ABELOVA,ABELOVA 95,ABELOVA,985 13,SK,,"48.410762804,19.432327971",Public bodies,Slovakia,SK,SK,SK032
878550050,SK2021545130,UNIA regionalnych zdruzení vlastníkov nestatnych lesov Slovenska*Union of Regional Associations of Non-State Forest Owners of Slovakia,,Craguvian Martyrs 809,Bytca,014 01,SK,,"49.2231897,18.5584905",Other,Slovakia,SK,SK,SK031
997697866,,CONSELLERIA DE MEDIO AMBIENTE E CAMBIO CLIMATICO - XUNTA DE GALICIA,CONSELLERIA DE MEDIO AMBIENTE E CAMBIO CLIMATICO,EDIFICIO SAN LAZARO S/N,Santiago De Compostela,15891,ES,,"42.888640094,-8.519763393",Public bodies,Spain,ES,ES,ES111
933126518,,CHAMBRE DE COMMERCE ET D'INDUSTRIE DE REGION DES ILES DE GUADELOUPE,CCI IG,RUE FELIX EBOUE HOTEL CONSULAIRE QUARTIER DE L'ASSAINISSEMENT,POINTE A PITRE,97159,FR,,"48.85869,2.33452",Public bodies,France,FR,FR,FR101
887161128,SK2021627333,BANSKOBYSTRICKY SAMOSPRAVNY KRAJ,Banskobystrický samosprávny kraj,NAMESTIE SNP 23,BANSKA BYSTRICA,974 01,SK,,"48.736074231,19.145864024",Public bodies,Slovakia,SK,SK,SK032
873503625,,COMMUNAUTE D'AGGLOMERATION DU  NORD GRANDE TERRE,CANGT,5 RUE GAMBETTA,PORT-LOUIS,97117,FR,,"47.7054798,-3.3477519",Public bodies,France,FR,FR,FRY10
913968436,PL5830010823,GDANSKIE WODY SPOLKA Z OGRANICZONAODPOWIEDZIALNOSCIA,Gdańsk Water company,UL. KACZEŃCE 31,GDANSK,80 601,PL,,"54.364139449999996,18.69921325583507",Private for-profit entities,Poland,PL,PL,PL633
999516616,PL6340126016,GLOWNY INSTYTUT GORNICTWA - PANSTWOWY INSTYTUT BADAWCZY,CENTRAL MINING INSTITUTE - NATIONAL RESEARCH INSTITUTE,PLAC GWARKOW 1,Katowice,40-166,PL,http://www.gig.katowice.pl,"50.25841,19.02754",Research Organisations,Poland,PL,PL,PL22A
908315955,PT502826126,AREA METROPOLITANA DE LISBOA,,RUA DA CRUZ DE SANTA APOLONIA 23-25,Santa Engracia,1100 187,PT,,"38.717345819,-9.120534675",Public bodies,Portugal,PT,PT,PT1A0
975342373,FI01714507,KUOPION KAUPUNKI,KUOPIO STAD CITY OF KUOPIO,TULLIPORTINKATU 31,Kuopio,70110,FI,https://www.kuopio.fi,"62.893428171,27.678155474",Public bodies,Finland,FI,FI,FI1DB
996697893,FI22295006,TERVEYDEN JA HYVINVOINNIN LAITOS,FINNISH INSTITUTE FOR HEALTH AND WELFARE,MANNERHEIMINTIE 166,Helsinki,271,FI,http://www.thl.fi,"60.200907695,24.897564289",Research Organisations,Finland,FI,FI,FI1B1
898628856,NL001003124B08,NOORD-HOLLAND,PROVINCIE,DREEF 3,Haarlem,2012 HR,NL,,"52.372037378,4.6304081495",Public bodies,Netherlands,NL,NL,NL32A
872452824,FI28632616,TAMPEREEN TILAPALVELUT OY,TAMPERE FACILITY SERVICES LTD,HERMIANKATU 12 C,Tampere,33720,FI,,"61.447494217,23.860519018",Private for-profit entities,Finland,FI,FI,FI19B
992665991,EL997824337,PERIFEREIA DYTIKI ELLADA,REGION OF WESTERN GREECE,NEO PATRON ATHINON 32,PATRAS,264 41,EL,https://www.pde.gov.gr,"38.246242,21.7350847",Public bodies,Greece,EL,EL,EL632
936955108,BE0207436775,STAD OOSTENDE,CITY OF OSTEND,VINDICTIVELAAN 1,Oostende,8400,BE,,"51.226573699,2.9169790833",Public bodies,Belgium,BE,BE,BE255
876370751,,Comune di Ventimiglia,,"Piazza della Libertà, 3",Ventimiglia,18039,IT,,"43.838211914,7.5528398284",Public bodies,Italy,IT,IT,ITC31
953318426,PT510275575,UNPARALLEL INNOVATION LDA,UNPARALLEL,RUA DAS LENDAS ALGARVIAS LOTE 123,Portimao,8500-794,PT,,"37.1391918,-8.5486036",Private for-profit entities,Portugal,PT,PT,PT150
999697909,DE167866342,JRC CAPITAL MANAGEMENT CONSULTANCY & RESEARCH GMBH,JRC,BREISGAUER STRASSE 22,Berlin,14129,DE,,"52.435708243,13.216557434",Private for-profit entities,Germany,DE,DE,DE300
881264692,EL801996161,BSPOKE SOLUTIONS PRIVATE COMPANY,BSPOKE SOLUTIONS LIMITEDPARTNERSHIP,"2, Straitsa str., P.C 57001, Thermi Greece",THESSALONIKI,570 01,EL,,"40.546964,23.01967",Private for-profit entities,Greece,EL,EL,EL522
950828727,IT00819200478,GFT ITALIA SRL,GFT,VIA SILE 18,MILANO,20139,IT,,"41.90085,12.49035",Private for-profit entities,Italy,IT,IT,ITI43
913695963,CY10364207G,INNOV-ACTS LIMITED,,6 KOLOKOTRONI STREET FLOOR 1 ROOM 6,LEFKOSIA,1101,CY,,"35.1659936,33.3366249",Private for-profit entities,Cyprus,CY,CY,CY000
884672011,EL801754670,SOLARKAPITAL YPIRESIES DIACHEIRISIS PERIOUSIAS ETERORYTHMI ETAIRIA,,BALKAN CENTER 10TH KM NR THESSALONIKI  N MOUDANIA,THERMI,570 01,EL,,"40.546964,23.01967",Private for-profit entities,Greece,EL,EL,EL522
997951618,SK2020879245,EKONOMICKA UNIVERZITA V BRATISLAVE,EUBA,DOLNOZEMSKA CESTA 1,Bratislava,85235,SK,https://www.euba.sk,"48.127851276,17.131928055",Higher or Secondary Education Establishments,Slovakia,SK,SK,SK010
999586941,EL090037284,UNIVERSITY OF PIRAEUS RESEARCH CENTER,UNIVERSITY OF PIRAEUS,AL. PAPANASTASIOU 91,PIRAEUS,185 33,EL,https://teeslab.unipi.gr/,"37.941120686,23.66140569",Higher or Secondary Education Establishments,Greece,EL,EL,EL307
996621457,IT02066400405,MAGGIOLI S.P.A.,MAG,VIA DEL CARPINO 8,SANTARCANGELO DI ROMAGNA,47822,IT,,"41.90085,12.49035",Private for-profit entities,Italy,IT,IT,ITI43
876258910,EL999472777,ASTIKI ANAPTYXI MONOMETOCHIKI DIMOTIKI ETAIRIA,ASTIKI ANAPTYXI TRIKALON,STRATIGOU SARAFI 44,TRIKALA,421 32,EL,,"39.557739536,21.761652156",Private for-profit entities,Greece,EL,EL,EL611
998314786,BE0465755594,3E,3E,KALKKAAI 6,Bruxelles / Brussel,1000,BE,https://www.3e.eu,"50.855067214,4.3474651893",Private for-profit entities,Belgium,BE,BE,BE100
911121389,IT02670420211,BAYWA R.E. OPERATION SERVICES SRL,,LARGO AUGUSTO 3,Milano,20122,IT,,"45.463414618,9.1971881824",Private for-profit entities,Italy,IT,IT,ITC4C
876729069,CY60074613P,DIMOS AMATHOUNTAS,AMATHOUNTA MUNICIPALITY,STAVRAETOU TOU MACHAIRA,LIMASSOL,4104,CY,,"34.709236922,33.050078489",Public bodies,Cyprus,CY,CY,CY000
951725977,,FUNDACION ASTURIANA DE LA ENERGIA,FAEN,CALLE FRAY PAULINO,Mieres,33600,ES,,"43.243940717,-5.773420301",Research Organisations,Spain,ES,ES,ES120
893130314,GB283614101,NOVOVILLE LIMITED,Novoville,"46 ALDGATE HIGH STREET, SUITE 20",LONDON,EC3N 1AL,UK,,"51.51089,-0.08689",Private for-profit entities,United Kingdom,UK,GB,UKI31
999974165,GB671798093,UNIVERSITY OF GLASGOW,,UNIVERSITY AVENUE,Glasgow,G12 8QQ,UK,http://www.gla.ac.uk/researchinstitutes/iii/staff/iainmcinnes/,"55.871751516,-4.28835978",Higher or Secondary Education Establishments,United Kingdom,UK,GB,UKM82
884098935,ESB72811441,WeGrant Platform,WeGrant Platform,PLAZA DEL AYUNTAMIENTO 19 9 F,Valencia,46002,ES,,"39.470588583,-0.376036316",Private for-profit entities,Spain,ES,ES,ES523
917703518,BG204172907,VILABS BG LTD,VILABS BG LTD,"31 GLADSTONE STR,INNER YARD,FLOOR 2 TRIADITSA DISTRICT",Sofia,1000,BG,,"42.696744,23.321153",Private for-profit entities,Bulgaria,BG,BG,BG411
880394311,IT15952371001,ELIS INNOVATION HUB SRL,ELIS Innovation Hub srl,VIA SANDRO SANDRI 81,ROMA,159,IT,,"41.9040739,12.5492791",Private for-profit entities,Italy,IT,IT,ITI43
895646009,HU15735715,BUDAPEST FOVAROS VIII. KERULET JOZSEFVAROSI ONKORMANYZAT,,BAROSS UTCA 63-67,Budapest,1082,HU,,"47.489515998,19.073320915",Public bodies,Hungary,HU,HU,HU110
937224574,TR2290029238,CANKAYA BELEDIYESI,CANKAYA MUNICIPALITY,DIS ILISKILER MUDURLUGU ZIYA GOKALP CADDESI NO 11 KAT 12 KIZILAY,Ankara,6420,TR,,"39.921379113,32.856170373",Public bodies,Türkiye,TR,TR,TR510
876520616,ESG02923456,ASOCIACION CULTURAL ESPACIO BELLAS VISTAS,,CALLE ALMANSA 22,MADRID,28039,ES,,"40.44883803,-3.705132121",Other,Spain,ES,ES,ES300
910571496,BE0677558361,THE DEMOCRATIC SOCIETY AISBL,The Democratic Society,CANTERSTEEN 10,Bruxelles / Brussel,1000,BE,,"50.845478275,4.3573611157",Other,Belgium,BE,BE,BE100
997723959,TR8880035923,BURSA ULUDAG UNIVERSITESI,BUU,BURSA ULUDAG UNIVESITESI REKTORLUGU NILUFER,Bursa,16059,TR,https://www.uludag.edu.tr,"40.2257849,28.866084315871404",Higher or Secondary Education Establishments,Türkiye,TR,TR,TR
997826585,NO855869942MVA,NORSK INSTITUTT FOR VANNFORSKNING STI,NORWEGIAN INSTITUTE FOR WATER RESEARCH,Sognsveien 72,Oslo,855,NO,,"59.948769864,10.730819558",Research Organisations,Norway,NO,NO,NO081
986044480,ESB81266520,GRUPO DE ESTUDIOS Y ALTERNATIVAS 21SL - GEA 21,GEA21,CALLE LORENZANA 2 LOCAL,MADRID,28039,ES,,"40.457024174,-3.708481194",Private for-profit entities,Spain,ES,ES,ES300
900031573,TR5400699653,KAYNAK CEVRE VE IKLIM DERNEGI,RESOURCE ENVIRONMENT AND CLIMATE,BESTEPE MAH NERGIZ SOKAK 7 2,ANKARA,6510,TR,,"39.8901621,32.8238506",Other,Türkiye,TR,TR,TR510
950980726,HR19904220725,DRUSTVO ZA OBLIKOVANJE ODRZIVOG RAZVOJA,SOCIETY FOR SUSTAINABLE DEVELOPMENT DESIGN,SLAVKA BATUSICA 7,Zagreb,10000,HR,,"45.81444,15.97798",Other,Croatia,HR,HR,HR050
959102439,HU15735636,BUDAPEST FOVAROS ONKORMANYZATA,MUNICIPALITY OF BUDAPEST,VAROSHAZ UTCA 9-11,Budapest,1052,HU,,"47.494969013,19.055099077",Public bodies,Hungary,HU,HU,HU110
938699847,EC1791836154001,UNIVERSIDAD SAN FRANCISCO DE QUITO,USFQ,CALLE DIEGO DE ROBLES S N Y PAMPITE ESQ,Quito,1712145,EC,,"-0.22985,-78.52495",Higher or Secondary Education Establishments,Ecuador,EC,EC,EC
891136673,ESS2801401G,MINISTERIO PARA LA TRANSICION ECOLOGICA Y EL RETO DEMOGRAFICO,MINISTRY FOR THE ECOLOGICAL TRANSITION AND THE DEMOGRAPHIC CHALLENGE,"Plaza San Juan de la Cruz, 10",Madrid,28003,ES,,"40.441788137,-3.6936609",Public bodies,Spain,ES,ES,ES300
952503626,DE188571852,"NIEDERSACHSISCHER LANDESBETRIEB FUR WASSERWIRTSCHAFT, KUSTEN- UND NATURSCHUTZ",NLWKN,AM SPORTPLATZ 23,Norden,26506,DE,,"53.599815999,7.195303965",Public bodies,Germany,DE,DE,DE947
949860570,ESB65886012,ROYAL MELBOURNE INSTITUTE OF TECHNOLOGY SPAIN SL,RMIT EUROPE,CALLE MALDONADO 28,Madrid,28006,ES,,"40.4165,-3.70256",Private for-profit entities,Spain,ES,ES,ES300
997353225,IT03338290277,CORILA - CONSORZIO PER IL COORDINAMENTO DELLE RICERCHE INERENTI AL SISTEMA LAGUNARE DI VENEZIA,CORILA,SAN POLO 19,VENEZIA,30125,IT,http://www.corila.it,"41.90085,12.49035",Research Organisations,Italy,IT,IT,ITI43
999738843,GB828957961,THE SCOTTISH ASSOCIATION FOR MARINE SCIENCE LBG,SAMS,DUNBEG,OBAN,PA37 1QA,UK,http://www.sams.ac.uk,"56.451262094,-5.440036713",Research Organisations,United Kingdom,UK,GB,UKM63
917950286,PT510306624,AGENCIA PORTUGUESA DO AMBIENTE IP,,RUA DA MURGUEIRA 9/9A ZAMBUJAL AP,AMADORA,2610-124,PT,http://www.apambiente.pt,"38.738057981,-9.206489832",Public bodies,Portugal,PT,PT,PT1A0
959320495,RO18742789,ASOCIATIA WWF ROMANIA,WWF Romania,"STRADA DELEA NOUA, NR 36, SECTOR 3",BUCURESTI,30925,RO,http://www.wwf.ro,"44.4194771,26.076735",Other,Romania,RO,RO,RO321
955454463,,ROYAL MELBOURNE INSTITUTE OF TECHNOLOGY*RMIT UNIVERSITY,RMIT-Uni,LA TROBE STREET 124,Melbourne,3001,AU,,"-37.80875516,144.96420045",Higher or Secondary Education Establishments,Australia,AU,AU,AU
926149308,,UNIVERSITE ASSANE SECK DE ZIGUINCHOR,UASZ,QUARTIER NEMA 2,Ziguinchor,,SN,,"13.0838684,-16.2945899",Higher or Secondary Education Establishments,Senegal,SN,SN,SN
998039209,VN1800424257,CAN THO UNIVERSITY,,"CAMPUS II 3/2 ST XUAN KHANH WARD, NINH KIEU DISTRICT",CAN THO,94100,VN,http://www.ctu.edu.vn,"10.031817620165265,105.77078845232356",Higher or Secondary Education Establishments,Viet Nam,VN,VN,VN
999461617,RO5194978,INSTITUTUL NATIONAL DE CERCETARE DEZVOLTARE PENTRU GEOLOGIE SI GEOECOLOGIE MARINA - GEOECOMAR,NATIONAL RESEARCH DEVELOPMENT INSTITUTE MARINE,DIMITRIE ONCIUL STREET 23-25,BUCURESTI,24053,RO,http://www.geoecomar.ro,"44.441125311,26.119847189",Research Organisations,Romania,RO,RO,RO321
879560208,ESB72925514,MEDIDAS DE ADAPTACION COSTERA SOSTENIBLE SL,MACS,CALLE DOCTOR CARULLA 35 PLANTA 4 PUERTA 2,Barcelona,8017,ES,,"41.40048076,2.1302300143",Private for-profit entities,Spain,ES,ES,ES511
996183890,,UNIVERSITE MOHAMMED PREMIER 1 - UMP,UMP,BOULEVARD MOHAMMED VI,Oujda,6000,MA,https://www.ump.ma,"34.660058453,-1.903749204",Higher or Secondary Education Establishments,Morocco,MA,MA,MA
999625644,IT00055590327,ISTITUTO NAZIONALE DI OCEANOGRAFIA E DI GEOFISICA SPERIMENTALE,OGS,Borgo Grotta Gigante  42/C,Sgonico-Trieste,34010,IT,http://www.ogs.trieste.it,"45.709474103,13.763892275",Research Organisations,Italy,IT,IT,ITH44
996445790,IT97532760580,MINISTERO DELLE INFRASTRUTTURE E DEI TRASPORTI,MINISTRY OF INFRASTRUCTURE AND TRANSPORT,"Via Nomentana, 2",Roma,161,IT,http://www.trasporti.gov.it,"41.909867708,12.502580384",Public bodies,Italy,IT,IT,ITI43
972498430,ESG28766319,ASOCIACION PARA LA DEFENSA DE LA NATURALEZA,ASSOCIATION FOR THE DEFENSE OF THE NATURE,CALLE GRAN VIA DE SAN FRANCISCO 8,Madrid,28005,ES,,"40.40925948,-3.713019576",Other,Spain,ES,ES,ES300
998383462,ESG50902006,FUNDACION NUEVA CULTURA DEL AGUA,FNCA,CALLE PEDRO CERBUNA  12 4 DCHA,ZARAGOZA,50009,ES,https://www.unizar.es/fnca,"41.64222499,-0.895858642",Research Organisations,Spain,ES,ES,ES243
986405514,ESQ5856333I,CONSORCIO CENTRO INTERNACIONAL DE INVESTIGACION DE LOS RECURSOS COSTEROS,CENTRE INTERNATIONAL D INVESTIGACIO DELS RECURSOS COSTANERS,CALLE JORDI GIRONA  1-3 EDIFICIO D1 CAMPUS NORD UPC,Barcelona,8034,ES,,"41.38879,2.15899",Other,Spain,ES,ES,ES511
896262638,MZ500162369,UNIVERSIDADE SAVE,,ESTRADA NACIONAL N0 1 PARCELA 76 P.ADM. CHONGOENE,XAI XAI,258,MZ,,"-19.110921,33.476659",Higher or Secondary Education Establishments,Mozambique,MZ,MZ,MZ
971958431,CO8901016819,FUNDACION UNIVERSIDAD DEL NORTE,UNINORTE,KILOMETRO 5 ANTIGUA VIA A PUERTO COLOMBIA,Barranquilla,156951820,CO,,"10.96854,-74.78132",Higher or Secondary Education Establishments,Colombia,CO,CO,CO
936495134,BE0560971982,PROSPEX INSTITUTE,PROSPEX INSTITUTE,CONGRESSTRAAT 37,BRUSSEL,1000,BE,,"50.84101045,4.38381095279122",Other,Belgium,BE,BE,BE100
999841760,DE142116817,ALBERT-LUDWIGS-UNIVERSITAET FREIBURG,UFR,FAHNENBERGPLATZ,Freiburg,79098,DE,http://www.uni-freiburg.de,"47.998365339,7.8482775026",Higher or Secondary Education Establishments,Germany,DE,DE,DE131
911539847,IE3462843MH,ERINN INNOVATION LIMITED,ERINN INNOVATION,OLYMPIC HOUSE PLEASANTS STREET,Dublin,D08H67X,IE,,"53.33306,-6.24889",Private for-profit entities,Ireland,IE,IE,IE061
999853206,DE134187690,JULIUS-MAXIMILIANS-UNIVERSITAT WURZBURG,UNI WUERZBURG,SANDERRING  2,Wuerzburg,97070,DE,http://www.uni-wuerzburg.de,"49.788179016,9.9352350412",Higher or Secondary Education Establishments,Germany,DE,DE,DE263
999861451,GB212327410,ROYAL HOLLOWAY AND BEDFORD NEW COLLEGE,RHUL,EGHAM HILL UNIVERSITY OF LONDON,EGHAM,TW20 0EX,UK,http://www.rhul.ac.uk,"51.51089,-0.08689",Higher or Secondary Education Establishments,United Kingdom,UK,GB,UKJ25
996747848,NL801441213B01,Stichting Hanzehogeschool Groningen,HUAS -  Hanze University of Applied Sciences,ZERNIKEPLEIN 7,Groningen,9747 AS,NL,http://www.hanze.nl,"53.21917,6.56667",Higher or Secondary Education Establishments,Netherlands,NL,NL,NL115
999615944,ESA08000234,SOCIEDAD GENERAL DE AGUAS DE BARCELONA SA,,AVENIDA DIAGONAL 211,Barcelona,8018,ES,,"41.403937607,2.1901991621",Private for-profit entities,Spain,ES,ES,ES511
876910362,EL099217841,DIMOS SOFADON,MUNICIPALITY OF SOFADES,KIERIOU 49,SOFADES,433 00,EL,,"39.337667796,22.096849707",Public bodies,Greece,EL,EL,EL611
879301994,,SAKIU RAJONO SAVIVALDYBES ADMINISTRACIJA,SAKIU RAJONO SAVIVALDYBES ADMINISTRACIJA,BAZNYCIU G. 4,SAKIAI,LT-71115,LT,,"54.956209727,23.043106684",Public bodies,Lithuania,LT,LT,LT024
907142934,CY10380294R,LEARNWORLDS (CY) LTD,LWCY,"120 GLADSTONOS STREET, FOLUNE BUILDING, 2ND FLOOR, B1",LIMASSOL,3032,CY,,"34.683024988,33.04820296",Private for-profit entities,Cyprus,CY,CY,CY000
985390312,EL099936189,NOVA TELECOMMUNICATIONS & MEDIA SINGLE MEMBER SA,NOVA SMSA,LEOFOROS ATHINON 106,ATHINA,104 42,EL,,"37.990098516,23.704091582",Private for-profit entities,Greece,EL,EL,EL303
950744725,BE0435314422,ASSOCIATION EUROPEENNE POUR L'INNOVATION DANS LE DEVELOPPEMENT LOCAL,EUROPEAN ASSOCIATION FOR INNOVATION IN LOCAL DEVELOPMENT,CHAUSSEE SAINT PIERRE 260,Bruxelles / Brussel,1040,BE,,"50.837506582,4.393872183",Other,Belgium,BE,BE,BE100
950034976,SI19252048,RAZVOJNI CENTER MURSKA SOBOTA,,KARDOSEVA 2,Murska Sobota,9000,SI,,"46.662499638,16.163923599",Public bodies,Slovenia,SI,SI,SI031
888144611,EL996842204,DRAXIS RESEARCH VENTURES ASTIKI MI KERDOSKOPIKI ETAIRIA,DRAXIS RESEARCH VENTURES NON PROFIT SME,THEMISTOKLI SOFOULI 54-56,THESSALONIKI,546 55,EL,,"40.5928929,22.9497778",Research Organisations,Greece,EL,EL,EL522
934451926,PT508831725,COMUNIDADE INTERMUNICIPAL DA BEIRA BAIXA,,PRACA RAINHA DONA LEONOR EDIFICIO DOS EMBLEMAS 1,Castelo Branco,6000-117,PT,,"39.97675825,-7.446059929966704",Public bodies,Portugal,PT,PT,PT195
945228529,ESP0811100G,AJUNTAMENT DE MANLLEU,CERM-MTer,PLACA FRA BERNADI 6,Manlleu,8560,ES,,"41.999944794,2.2836073592",Public bodies,Spain,ES,ES,ES511
937057540,SI51545535,ITC - INOVACIJSKO TEHNOLOSKI GROZD MURSKA SOBOTA,ITC - INNOVATION TECHNOLOGY CLUSTER MURSKA SOBOTA,LENDAVSKA ULICA 5A,Murska Sobota,9000,SI,,"46.664408281,16.165558824",Research Organisations,Slovenia,SI,SI,SI031
898974952,PT515697575,VOST PORTUGAL - ASSOCIACAO DE VOLUNTARIOS DIGITAIS EM SITUACOES DE EMERGENCIA,,PRACA NERCAB - AVENIDA DO EMPRESARI,CASTELO BRANCO,6000-767,PT,,"39.1619192,-8.7862444",Other,Portugal,PT,PT,PT195
930042694,LT100004103016,UAB BETA VIA,BETA VIA,NAFTININKU G. 20-24,MAZEIKIAI,LT-89122,LT,,"56.306243686,22.336871746",Private for-profit entities,Lithuania,LT,LT,LT028
892252755,EL997017380,REFRAME FOOD ASTIKI MI KERDOSKOPIKI ETAIRIA,REFRAME.FOOD,LEONTOS SOFOU 20,THERMI THESSALONIKI,570 01,EL,,"40.546964,23.01967",Other,Greece,EL,EL,EL522
952094286,CY60076619B,SOUTH NICOSIA-IDALION MUNICIPALITY,SNI,GRIVA DIGENI STREET 20 A,IDALION,2540,CY,,"34.70982365,33.191860608718386",Public bodies,Cyprus,CY,CY,CY000
920868143,LT100006274618,AgriFood Lithuania DIH,,MOKSLININKU G. 2A,Vilnius,LT-08412,LT,,"54.753386027,25.266587131",Other,Lithuania,LT,LT,LT011
904482903,HR86547803101,JAVNA USTANOVA ZA RAZVOJ MEDIMURSKEZUPANIJE REDEA,PUBLIC INSTITUTIONFOR THE DEVELOPMENT OF THE MEDIMURJE COUNTY REDEA,BANA JOSIPA JELACICA 22,Cakovec,40000,HR,,"46.391664001,16.446970243",Public bodies,Croatia,HR,HR,HR061
949756877,EL099773568,ARX NET AE YPIRESIES KAI EPICHIRISIS DIADIKTYOU ANONIMI ETAIRIA,ARX.NET S.A.,L. SOFOY 18 KAI TYPOY 3,THESSALONIKI,546 25,EL,,"40.637785867,22.938035085",Private for-profit entities,Greece,EL,EL,EL522
952362006,EL997844846,PERIFEREIA THESSALIAS,REGION OF THESSALY,KOUMOUNDOUROU & PAPANASTASIOU PLATEIA RIGA FERAIOU,LARISSA,411 10,EL,,"39.635756081,22.415207085",Public bodies,Greece,EL,EL,EL612
881391762,,ASSOCIACAO ESTACAO BIOLOGICA DE MERTOLA,,"RUA PROFESSOR BATISTA DA GRAÇA, 1",Mértola,7750 360,PT,,"37.638844505,-7.662009981",Other,Portugal,PT,PT,PT1C2
999652804,DK29386536,AALBORG KOMMUNE,AAK,BOULEVARDEN  13,Aalborg,9000,DK,,"57.046220772,9.9192686053",Public bodies,Denmark,DK,DK,DK050
998876513,ATU38273006,BUNDESANSTALT FUR AGRARWIRTSCHAFT UND BERGBAUERNFRAGEN,BAB,DIETRICHGASSE 27,Wien,1030,AT,,"48.199959448,16.402925102",Research Organisations,Austria,AT,AT,AT130
920413116,IT03129420273,Comune di Cavallino Treporti,,"Piazza Giovanni Paolo II, 1",Cavallino Treporti,30013,IT,,"45.4725636,12.5122097",Public bodies,Italy,IT,IT,ITH35
930032121,IE8F03186T,MAYO COUNTY COUNCIL,Mayo County Council,ARAS AN CHONTAE CASTELBAR,MAYO,,IE,,"54.5969869,-5.9300992",Public bodies,Ireland,IE,IE,IE042
905106322,PL5252768950,EUROPEAN RURAL DEVELOPMENT NETWORK,European Rural Development Network,UL OWOCOWA 8,Milanowek,05-822,PL,,"52.132791501,20.672207084",Research Organisations,Poland,PL,PL,PL913
998767582,,Zilina self-governing region,ZSK,KOMENSKEHO 48,Zilina,1109,SK,http://www.regionzilina.sk,"49.216641052,18.737105429",Public bodies,Slovakia,SK,SK,SK031
876623145,ATU81575617,Gemeinsame Region Bucklige Welt - Wechselland,,Hauptstrasse 22,Lichtenegg,2813,AT,,"47.60001928,16.197024154",Other,Austria,AT,AT,AT122
958114300,DE259091767,ACONIUM GMBH,aconium,FRIEDRICHSTRASSE 102,BERLIN,10117,DE,,"52.528509825,13.376725881",Private for-profit entities,Germany,DE,DE,DE300
996375659,SE232100022201,REGION VASTERBOTTEN,Region Västerbotten,KOKSVAGEN 11,Umea,901 89,SE,https://www.vll.se,"63.8068848,20.2728882",Public bodies,Sweden,SE,SE,SE331
885150803,,Zalishchyky city council,,15 Stepana Bandery Street,Zalishchyky,48600,UA,,"48.63908702,25.732588007",Public bodies,Ukraine,UA,UA,UA
986224803,PT680038671,INSTITUTO POLITECNICO DE BEJA,IPBeja,RUA DE SAN ANTONIO1A,Beja,7800-957,PT,,"38.0123726,-7.8730489",Higher or Secondary Education Establishments,Portugal,PT,PT,PT1C2
997415887,,CENTRE INTERNATIONAL DE HAUTES ETUDES AGRONOMIQUES MEDITERRANEENNES,CIHEAM,RUE NEWTON 11,Paris,75116,FR,http://www.iamm.fr,"48.85341,2.3488",Higher or Secondary Education Establishments,France,FR,FR,FR101
986260596,,VIDZEMES PLANOSANAS REGIONS,VIDZEMEPLANNING REGION,BERZAINES IELA 5,CESIS CESU NOV,4101,LV,,"56.91732905,24.244381584",Public bodies,Latvia,LV,LV,LV00A
998222539,PL8982065122,STOWARZYSZENIE CENTRUM ROZWIAZAN SYSTEMOWYCH,Stowarzyszenie CRS,ULICA STEFANA JARACZA 80B LOK 10,WROCLAW,50 305,PL,https://www.crs.org.pl,"52.22254,21.01218",Research Organisations,Poland,PL,PL,PL911
873804325,ATU81700036,BAB Project Einrichtung mit eigener Rechtspersönlichkeit an der Bundesanstalt für Agrarwirtschaft und Bergbauernfragen,,Dietrichgasse 27,Vienna,1030,AT,,"48.199900523,16.402854862",Research Organisations,Austria,AT,AT,AT130
999750289,DE172999963,INSTITUT FUER LAENDLICHE STRUKTURFORSCHUNG EV,INSTITUTE FOR RURAL DEVELOPMENT RESEARCH - IFLS,KURFUERSTENSTRASSE  49,Frankfurt Am Main,60486,DE,https://www.ifls.de,"50.119872759,8.641153429",Research Organisations,Germany,DE,DE,DE712
999891812,SI33925950,Regionalna razvojna agencija za Podravje - Maribor,RRA Podravje - Maribor,POBRESKA CESTA 20,Maribor,2000,SI,,"46.553107545,15.651499217",Research Organisations,Slovenia,SI,SI,SI032
999731568,DE136782457,VDI/VDE INNOVATION + TECHNIK GMBH,,Steinplatz 1,Berlin,10623,DE,https://www.vdivde-it.de,"52.509174786,13.325273066",Private for-profit entities,Germany,DE,DE,DE300
997130028,SI30161096,ANTEJA ECG D.O.O.,,Lambergarjeva   8,Ljubljana,1000,SI,,"46.074256038,14.507768664",Private for-profit entities,Slovenia,SI,SI,SI041
999866883,ATU37586901,UNIVERSITAT WIEN,UNIVIE,UNIVERSITATSRING 1,Wien,1010,AT,http://www.univie.ac.at,"48.20832,16.36984",Higher or Secondary Education Establishments,Austria,AT,AT,AT130
944939857,CHE105850489MWST,INFRAS AG,,BINZSTRASSE 23,Zurich,8045,CH,,"47.362127,8.5139441",Private for-profit entities,Switzerland,CH,CH,CH040
900638308,ATU74033226,LUCIA SEEL INTERNATIONAL CONSULTING GMBH,,GREILSTRASSE 12,LINZ,4020,AT,,"48.302084750000006,14.269276383558314",Private for-profit entities,Austria,AT,AT,AT312
900351479,HU20308874,EDC DEBRECEN VAROS ES GAZDASAGFEJLESZTESI KOZPONT NONPROFIT KORLATOLT FELELOSSEGU TARSASAG,,SZECHENYI UTCA 31,Debrecen,4031,HU,,"47.5275446,21.6206146",Other,Hungary,HU,HU,HU321
957056418,RO4244792,Municipiul Suceava,,BULEVARDUL 1 MAI 5 A,Suceava,720224,RO,,"47.6372669,26.2384533",Public bodies,Romania,RO,RO,RO215
865921426,,COMMUNE DE VERNOUILLET,MAIRIE DE VERNOUILLET,ESPLANADE DU 8-MAI-1945-MAURICE-LEGENDRE,VERNOUILLET,28500,FR,,"48.720578395,1.3561135567",Public bodies,France,FR,FR,FRB02
882229066,,MUNICIPAL ENTERPRISE INSTITUTE OF URBAN DEVELOPMENT,,SOBORNA STREET 59,Vinnytsia,21050,UA,,"49.232064006,28.468542038",Other,Ukraine,UA,UA,UA
947861788,HR71812732448,CENTAR ZA PRUZANJE USLUGA U ZAJEDNICI MALI DOM,CENTAR MALI DOM,ULICA MATKA BASTIJANA 1D,ZAGREB,10000,HR,,"45.80106668,15.94222226",Public bodies,Croatia,HR,HR,HR050
906664821,IT01870130505,TRUST-IT SERVICES SRL,Trust-IT,VIA FRANCESCO REDI 10,Pisa,56124,IT,,"43.70853,10.4036",Private for-profit entities,Italy,IT,IT,ITI17
951678738,IT01958380501,COMMPLA SRL,Commpla Srl,VIA FRANCESCO REDI 10,Pisa,56124,IT,,"43.70853,10.4036",Private for-profit entities,Italy,IT,IT,ITI17
877803635,EL996559712,Resilient Cities Catalyst Astiki Mi Kerdoskopiki Etairia,Resilient Cities Catalyst Europe,Kallidromiou 54,Athens,114 73,EL,,"37.98740432,23.7376575",Other,Greece,EL,EL,EL303
876576876,,Ev.-luth. Kirchengemeinde Hamburg-Veddel,,Wilhelmsburger Straße 73,Hamburg,20539,DE,,"53.525343334,10.017444161",Public bodies,Germany,DE,DE,DE600
948882228,,REGION CENTRE-VAL DE LOIRE,REGION CENTRE-VAL DE LOIRE,9 RUE ST PIERRE LENTIN,Orleans,45041,FR,,"47.901146988,1.909557973",Public bodies,France,FR,FR,FRB06
928775583,PT506320871,ASSOCIACAO PORTUGUESA DE ETICA EMPRESARIAL,APEE,"Avenida João Crisóstomo, nº 62, R/C DT",LISBOA,1050-128,PT,,"38.6272781,-8.929688654264213",Other,Portugal,PT,PT,PT1A0
880560084,EL996548328,STIPO GREECE  ASTIKI MI KERDOSKOPIKI ETAIREIA,,GEORGIOU KARAISKAKI 28,ATHENS,105 54,EL,,"37.97812723,23.724762445",Other,Greece,EL,EL,EL303
950982763,EL090122534,DIMOTIKI EPICHEIRISI YDREFSIS - APOCHETEFSIS SKIATHOU,MUNICIPAL ENTERPRISE WATER SUPPLY AND SEWAGE TREATEMENT SKIATHOS DEYASK,SYGGROU 8,SKIATHOS,370 02,EL,,"39.162581,23.485335",Private for-profit entities,Greece,EL,EL,EL613
886138263,EL090122675,DIMOS SKIATHOU,MUNICIPALITY OF SKIATHOS,"NIKOTSARA , 12",SKIATHOS,370 02,EL,,"39.199618,23.489913",Public bodies,Greece,EL,EL,EL613
963542420,,OXFORDSHIRE COUNTY COUNCIL,,NEW ROAD,Oxford,OX1 1ND,UK,,"51.751707393,-1.261896026",Public bodies,United Kingdom,UK,GB,UKJ14
946339373,,Ranuan kunta,Ranuan kunta Municipality of Ranua,Keskustie 34,Ranua,97700,FI,,"65.933142037,26.509877847",Public bodies,Finland,FI,FI,FI1D7
998795809,GB104252813,ESSEX COUNTY COUNCIL,,COUNTY HALL CHELMSFORD,Chelmsford,CM1 1JZ,UK,https://www.essex.gov.uk,"51.7349029,0.4709085",Public bodies,United Kingdom,UK,GB,UKH36
878780522,FI33965271,POHJOS SUOMEN BIOKAASU OY,,KUUSITIE 4,Ranua,97700,FI,,"65.932437915,26.51417659",Private for-profit entities,Finland,FI,FI,FI1D7
988824015,NL006326766B01,INSTITUTE FOR HOUSING AND URBAN DEVELOPMENT STUDIES BV,IHS,BURGEMEESTER OUDLAAN 50,Rotterdam,3062 PA,NL,http://www.ihs.nl,"51.919055358,4.5251649732",Higher or Secondary Education Establishments,Netherlands,NL,NL,NL366
948939167,ESP2900000G,DIPUTACION PROVINCIAL DE MALAGA,,CALLE PACIFICO 54,Malaga,29004,ES,,"36.694535447,-4.440446558",Public bodies,Spain,ES,ES,ES617
879064344,IT02267050603,ACEA ATO 5 SPA,ACEA ATO5,VIALE ROMA SNC,Frosinone,3100,IT,,"41.64255674,13.350732637",Private for-profit entities,Italy,IT,IT,ITI45
907666928,CY90001574W,ATHIENOU DIMOS,MUNICIPALITY OF ATHIENOU,ARCHIEPISKOPOU MAKARIOU 2,ATHIENOU,7600,CY,,"35.065401319,33.530192879",Public bodies,Cyprus,CY,CY,CY000
926523728,GB839778359,THAMES21 LIMITED,,LONDON RIVER HOUSE ROYAL PIER ROAD,GRAVESEND KENT,DA12 2BG,UK,,"51.51089,-0.08689",Other,United Kingdom,UK,GB,UKJ43
876153374,FI28908803,Pudasjärven Kehitys Oy,,Karhukunnaantie 2,PUDASJARVI,93100,FI,,"65.365806257,26.99028185",Other,Finland,FI,FI,FI1D9
918176102,EL800624693,BREAK-EVEN SYMVOULEFTIKI IKE,,137 28TH OKTOVRIOU,ATHINA,112 51,EL,,"37.9839412,23.7283052",Private for-profit entities,Greece,EL,EL,EL303
897743925,EL996959690,DIMOS DYTIKIS LESVOU,MUNICIPALITY OF WEST LESVOS,KALLONI,KALLONI,811 09,EL,,"39.231763,26.2054205",Public bodies,Greece,EL,EL,EL411
941618577,CY10116258N,AKTI KENTRO MELETON KE EREVNAS,AKTI Project and Research Centre,95 KERYNEIAS AVENUE GROUND FLOOR AGLANTZIA,LEFKOSIA,2113,CY,,"35.1659936,33.3366249",Research Organisations,Cyprus,CY,CY,CY000
892844164,PT516033727,ASSOCIACAO BIOPOLIS,,"CAMPUS DE VAIRAO DA UNIVERSIDADE DO PORTO, RUA PADRE ARMANDO QUINTAS nº7","VAIRAO, VILA DO CONDE",4485-661,PT,,"38.73247,-9.13372",Research Organisations,Portugal,PT,PT,PT1A0
950607664,FR37792228173,STRANE INNOVATION,STRANE,2-12 RUE DU CHEMIN DES FEMMES,Massy,91300,FR,,"48.701381995,2.2361220337",Other,France,FR,FR,FR104
876286070,FR01921720348,BLUEMAPPING,BLUEMAPPING,2-12 CHEMIN DES FEMMES,MASSY,91300,FR,,"48.7020002,2.101411505862312",Private for-profit entities,France,FR,FR,FR104
881817592,,CHRISTCHURCH CITY COUNCIL,,"53 Hereford Street, Christchurch, New Zealand",Christchurch,8013,NZ,,"-43.5317129,172.631736047432",Public bodies,New Zealand,NZ,NZ,NZ
944164051,,ZHYTOMYR POLYTECHNIC STATE UNIVERSITY,ZPSU,CHUDNIVSKA STR 103,Zhytomyr,10005,UA,,"50.245259843,28.638051831",Higher or Secondary Education Establishments,Ukraine,UA,UA,UA
878925537,GB482821085,ESTRAHUB LTD,,27 OLD GLOUCESTER STREET,London,WC1N 3AX,UK,,"51.520628213,-0.122147799",Other,United Kingdom,UK,GB,UKI31
876040466,PT506741400,MUNICIPIO DA POVOA DE VARZIM,,"PRACA DO ALMADA, 1",POVOA DE VARZIM,4490-438,PT,,"41.379331855,-8.760166299",Public bodies,Portugal,PT,PT,PT11A
876508491,PT518050076,POVOA EM TRANSICAO - ASSOCIACAO PELO CLIMA DA POVOA DE VARZIM,PTR,LARGO PADRE ARNALDO MOREIRA 1,POVOA DE VARZIM,4570-412,PT,,"41.423677015,-8.672123845",Other,Portugal,PT,PT,PT11A
929547315,ESG70302427,FUNDACION CENTRO TECNOLOGICO DE INVESTIGACION MULTISECTORIAL,CETIM,"PARQUE EMPRESARIAL ALVEDRO, CALLE H NUMERO 20",Culleredo,15180,ES,,"43.296128401,-8.367702291",Research Organisations,Spain,ES,ES,ES111
999873673,,UNIVERSITY OF CANTERBURY,,PRIVATE BAG  4800,Christchurch,8140,NZ,https://www.canterbury.ac.nz,"-43.53333,172.63333",Higher or Secondary Education Establishments,New Zealand,NZ,NZ,NZ
988522054,ATU57988547,UBIMET GMBH,UBIMET GMBH,DONAU CITY STRASSE 11,Wien,1220,AT,https://www.ubimet.com,"48.20832,16.36984",Private for-profit entities,Austria,AT,AT,AT130
876169573,NZ122775682,CHRISTCHURCHNZ LIMITED,ChristchurchNZ Limited,"Level 3, 101 Cashel Street",Christchurch,8011,NZ,,"-43.53307815,172.63531854",Private for-profit entities,New Zealand,NZ,NZ,NZ
919672424,TR4860032364,KADIKOY BELEDIYESI,KM,HASAN MAHALLESI FEHRETTIN KERIM GOKAY CADDESI NO.2,Istanbul,34722,TR,,"40.99398888,29.03760068",Public bodies,Türkiye,TR,TR,TR100
906367322,,KOMUNALNA USTANOVA AGENTSIYA ROZVYTKU MISTA ZHYTOMYRSKOYI MISKOYI RADY,MUNICIPAL INSTITUTION CITY DEVELOPMENT AGENCY OF ZHYTOMYR CITY COUNCIL,4/2 S. P. KOROLIOVA SQUARE,ZHYTOMYR,10014,UA,,"49.4871968,31.2718321",Public bodies,Ukraine,UA,UA,UA
984882226,IT00143280402,COMUNE DI CESENA,MUNICIPALITY OF CESENA,PIAZZA DEL POPOLO 10,Cesena,47521,IT,,"44.136785112,12.242480373",Public bodies,Italy,IT,IT,ITH58
994416065,CHE411800828TVA,Quantis Sarl,,Rue de la Gare de Triage 5,Renens Vd,1020,CH,http://www.quantis-intl.com,"46.51747224,6.562354357",Private for-profit entities,Switzerland,CH,CH,CH011
876293442,,CARBON NEUTRAL CITIES ALLIANCE,,RUE DES COLONIES 11,Bruxelles / Brussel,1000,BE,,"50.846400494,4.3596174402",Other,Belgium,BE,BE,BE100
991108074,NZ059493760,NEW ZEALAND INSTITUTE FOR BIOECONOMY SCIENCE LIMITED,BIOECONOMY SCIENCE INSTITUTE,TUHIRAKI 19 ELLESMERE JUNCTION ROAD,LINCOLN,7608,NZ,,"-43.64245705,172.46875506",Private for-profit entities,New Zealand,NZ,NZ,NZ
999577726,CY10016154J,EDEX - EDUCATIONAL EXCELLENCE CORPORATION LIMITED,UNIVERSITY OF NICOSIA,MAKEDONITISAS AVENUE 46,Nicosia,1700,CY,http://www.unic.ac.cy,"35.17241,33.348614",Higher or Secondary Education Establishments,Cyprus,CY,CY,CY000
884577630,CY60014090V,ROBUST SYSTEMS ENGINEERING SCC LTD,RSE,STASIKRATOUS 37,Nicosia,1065,CY,,"35.165504285,33.361962225",Private for-profit entities,Cyprus,CY,CY,CY000
999468310,IT04894530635,STAZIONE ZOOLOGICA ANTON DOHRN,,Villa Comunale,Napoli,80121,IT,http://www.szn.it,"40.832755078,14.240116908",Research Organisations,Italy,IT,IT,ITF33
911244676,,AIDEAS OU,,"HARJU MAAKOND, KESKLINNA LINNAOSA, NARVA MNT 5",TALLIN,10117,EE,,"59.43621,24.74817",Private for-profit entities,Estonia,EE,EE,EE001
999522824,IE6600338L,MARINE INSTITUTE,,RINVILLE ORANMORE,GALWAY,H91 R673,IE,http://www.marine.ie,"54.5969869,-5.9300992",Research Organisations,Ireland,IE,IE,IE042
998175591,BE0262172489,EIGEN VERMOGEN VAN HET INSTITUUT VOOR LANDBOUW- EN VISSERIJONDERZOEK,EV ILVO,BURG. VAN GANSBERGHELAAN 92 BUS 1,Merelbeke,9820,BE,http://www.ilvo.vlaanderen.be,"50.978949564,3.7756359129",Research Organisations,Belgium,BE,BE,BE234
888809158,NO823315422MVA,GLOBAL CONSULTING SUSTAINABILITY,GCS,BUSKERUDVEIEN 33,Drammen,3024,NO,,"59.750939892,10.14822532",Private for-profit entities,Norway,NO,NO,NO085
916720132,CY10361609D,ENGITEC SYSTEMS INTERNATIONAL LIMITED,,143 SPYROU KYPRIANOU AVENUE CHRYSANTHOU BUSINESS C,Limassol,3083,CY,,"34.68406,33.03794",Private for-profit entities,Cyprus,CY,CY,CY000
887857685,IE3926731JH,ATLANTIC TECHNOLOGICAL UNIVERSITY,OLLSCOIL TEICNEOLAIOCHTA AN ATLANTAIGH,PORT ROAD,Letterkenny,F92 FC93,IE,,"54.953142547,-7.720941254",Higher or Secondary Education Establishments,Ireland,IE,IE,IE041
999702371,LU16853659,NETCOMPANY S.A.,,RUE NICOLAS BOVE 2B,Luxembourg,1253,LU,http://www.intrasoft-intl.com,"49.604893741,6.08616276",Private for-profit entities,Luxembourg,LU,LU,LU000
892157501,PL7960134157,Lemal SP ZOO,,Zwolenska 11/o,RADOM,26-600,PL,,"51.396724238,21.179121119",Private for-profit entities,Poland,PL,PL,PL921
995821886,ESA29021334,CENTRO DE ESTUDIOS DE MATERIALES Y CONTROL DE OBRA SA,CEMOSA,CALLE BENAQUE 9,Malaga,29004,ES,http://www.cemosa.es,"36.68433999,-4.467632931",Private for-profit entities,Spain,ES,ES,ES617
998521008,PL6340008825,UNIWERSYTET EKONOMICZNY W KATOWICACH,,UL 1 MAJA 50,KATOWICE,40-287,PL,http://www.ae.katowice.pl,"50.258447412,19.044673666",Higher or Secondary Education Establishments,Poland,PL,PL,PL22A
938303602,PL6572617325,KIELCE MIASTO NA PRAWACH POWIATU,KIELCE,UL RYNEK 1,Kielce,25-303,PL,,"50.872043879,20.629939074",Public bodies,Poland,PL,PL,PL721
999624480,GB112082130,BIRMINGHAM CITY COUNCIL,BCC,"COUNCIL HOUSE, VICTORIA SQUARE",Birmingham,B1 1BB,UK,http://www.birmingham.gov.uk,"52.4801226,-1.9028385",Public bodies,United Kingdom,UK,GB,UKG31
876768645,,PLACES IN COMMON LIMITED,,41 CLARENCE ROAD,Birmingham,B13 9SZ,UK,,"52.437456121,-1.882694476",Other,United Kingdom,UK,GB,UKG31
880887944,PT500918880,FIDELIDADE - COMPANHIA DE SEGUROS SA,FIDELIDADE,LARGO DE CALHARIZ 30,LISBOA,1249-001,PT,,"38.710818311,-9.145320128",Private for-profit entities,Portugal,PT,PT,PT1A0
951294230,,LONDON BOROUGH OF NEWHAM,LBN,"NEWHAM DOCKSIDE, DOCKSIDE ROAD 1000",London,E16 2QU,UK,https://www.newham.gov.uk,"51.507701516,0.0473032706",Public bodies,United Kingdom,UK,GB,UKI41
950152346,PT504236091,ADRAL - AGENCIA DE DESENVOLVIMENTO REGIONAL DO ALENTEJO SA,ADRAL,RUA 24 DE JULHO 1 1 E,Evora,7000 673,PT,,"38.56807634,-7.909422072",Other,Portugal,PT,PT,PT1C4
939734255,CY10162812V,DELOITTE LIMITED,DELOITTE LIMITED,24 SPYROU KYPRIANOU,Nicosia,1075,CY,,"35.163766991,33.362025019",Private for-profit entities,Cyprus,CY,CY,CY000
925581664,GB299592134,PLUSVALUE,,9 PERSEVERANCE WORKS KINGSLAND ROAD,London,E2 8DD,UK,,"51.5279635,-0.0771653",Research Organisations,United Kingdom,UK,GB,UK
893237208,CHE496481826TVA,GREEN DIGITAL FINANCE ALLIANCE,,CHEMIN DES ANEMONES 11-13,Vernier,1219,CH,,"46.213232603,6.1113635386",Other,Switzerland,CH,CH,CH013
972290171,PT500051070,CAMARA MUNICIPAL DE LISBOA,,PACOS DO CONCELHO PRACA DO MUNICIPIO,Lisboa,1100-365,PT,http://www.cm-lisboa.pt,"38.7082642,-9.1395206",Public bodies,Portugal,PT,PT,PT1A0
912907450,IT02267560189,RED SPA,,VIA G. FRANK  38,Pavia,27100,IT,,"45.19205,9.15917",Private for-profit entities,Italy,IT,IT,ITC48
876906676,GB888818447,The Crown Estate Commissioners,The Crown Estate Commissioners,1 St James's Market,London,SW1Y 4AH,UK,,"51.5092578,-0.1333513",Public bodies,United Kingdom,UK,GB,UKI32
897171237,CHE330520228,DIGITAL FOR PLANET-D4P,D4P,UBERLANDSTRASSE 111,DUBENDORF,8600,CH,,"46.949222,7.44587",Other,Switzerland,CH,CH,CH040
999620503,PT505002892,INOV INSTITUTO DE ENGENHARIA DE SISTEMAS E COMPUTADORES INOVACAO,INOV,RUA DE ALVES REDOL 9,Lisboa,1000 029,PT,http://www.inov.pt,"38.736216512,-9.140605565",Research Organisations,Portugal,PT,PT,PT1A0
949855138,EL800512150,PLEGMA LABS TECHNOLOGIKES LYSEIS ANONYMOS ETAIRIA,PLEGMA LABS,KIFISIAS AVENUE 227,KIFISIA,145 61,EL,,"38.04557435,23.8052701626056",Private for-profit entities,Greece,EL,EL,EL301
911763529,PL5250012372,BANK GOSPODARSTWA KRAJOWEGO,BGK,AL JEROZOLIMSKIE 7,Warszawa,00 955,PL,,"52.231374794,21.020188919",Public bodies,Poland,PL,PL,PL911
998852651,DE130755736,WIRTSCHAFT UND INFRASTRUKTUR GMBH & CO PLANUNGS KG,WIP,SYLVENSTEINSTRASSE  2,Muenchen,81369,DE,http://www.wip-munich.de,"48.113071005,11.538416013",Private for-profit entities,Germany,DE,DE,DE212
912976223,FR25804961068,I-ENER,I-ENER,11 Place Du Trinquet,SAINT-JEAN-PIED-DE-PORT,64220,FR,,"43.4813927,-1.5149935",Private for-profit entities,France,FR,FR,FRI15
991350089,EL090033107,DIMOS ATHINAION EPICHEIRISI MICHANOGRAFISIS,DAEM MUNICIPALITY OF ATHENS INFORMATION TECHNOLOGY COMPANY,PIREOS 144 & ECHELIDON 19,ATHENS,118 54,EL,,"37.973418696,23.707592117",Private for-profit entities,Greece,EL,EL,EL303
967944377,NL003214412B13,MINISTERIE VAN INFRASTRUCTUUR EN WATERSTAAT,MINISTRY OF INFRASTRUCTURE AND WATER MANAGEMENT,RIJNSTRAAT 8,Den Haag,2500 EX,NL,https://www.rijksoverheid.nl/ministeries/ministerie-van-infrastructuur-en-milieu,"52.079930483,4.3235153259",Public bodies,Netherlands,NL,NL,NL361
999904228,HU17783305,BUDAPESTI MUSZAKI ES GAZDASAGTUDOMANYI EGYETEM,BME,MUEGYETEM RAKPART 3,Budapest,1111,HU,http://www.bme.hu,"47.49835,19.04045",Higher or Secondary Education Establishments,Hungary,HU,HU,HU110
932674207,,BODENSEE STIFTUNG,,FRITZ-REICHLE-RING 4,Radolfzell,78315,DE,,"47.751605999,8.9553250135",Other,Germany,DE,DE,DE138
999992013,GB254799511,THE QUEEN'S UNIVERSITY OF BELFAST,THE QUEEN'S UNIVERSITY OF BELFAST,UNIVERSITY ROAD LANYON BUILDING,BELFAST,BT7 1NN,UK,http://www.qub.ac.uk,"51.51089,-0.08689",Higher or Secondary Education Establishments,United Kingdom,UK,GB,UKN06
933332255,EL800629086,HOLISTIC IKE,,L.MESOGEION 507,AGIA PARASKEVI,153 43,EL,,"38.013600115,23.832263287",Private for-profit entities,Greece,EL,EL,EL301
999977366,NL001569569B01,TECHNISCHE UNIVERSITEIT DELFT,TU Delft,STEVINWEG 1,Delft,2628 CN,NL,http://www.tudelft.nl,"51.99880879,4.3755744884",Higher or Secondary Education Establishments,Netherlands,NL,NL,NL362
906704979,EL997167843,ODYSSEA AMKE,ODYSSEA,NIKIFOROU MANDILARA 17,ATHINA,182 33,EL,,"37.9839412,23.7283052",Other,Greece,EL,EL,EL307
905760878,BE0678767990,INSTITUTE FOR EUROPEAN ENVIRONMENTAL POLICY,IEEP,RUE DE COMMERCE 72,BRUXELLES,1040,BE,,"50.842945599,4.3687539661",Research Organisations,Belgium,BE,BE,BE100
917800421,LV90009067337,SMILTENES NOVADA PASVALDIBA,SMILTENE,DARZA STREET 3,SMILTENE,LV-4729,LV,,"57.43127655,25.8891098",Public bodies,Latvia,LV,LV,LV00C
999969606,SK2020677824,ZILINSKA UNIVERZITA V ZILINE,UNIZA,UNIVERZITNA 8215/1,Zilina,010 26,SK,http://www.uniza.sk,"49.203299074,18.755287704",Higher or Secondary Education Establishments,Slovakia,SK,SK,SK031
939180676,,ASOCIATIA DE DEZVOLTARE INTERCOMUNITARA ZONA METROPOLITANA CONSTANTA,ZMC,BLD TOMIS NR 51 AP 124,Constanta,900725,RO,,"44.1724166,28.6208196629799",Other,Romania,RO,RO,RO223
998391222,TR4810041495,ISTANBUL UNIVERSITESI,ISTANBUL UNIVERSITY IU,ISTANBUL UNIVERSITESI CENTER CAMPUS BEYAZIT EMINONU,Istanbul,34452,TR,http://www.istanbul.edu.tr,"41.0129952,28.9747973",Higher or Secondary Education Establishments,Türkiye,TR,TR,TR100
999857474,DE218618948,UNIVERSITAETSKLINIKUM HAMBURG-EPPENDORF,UKE,Martinistrasse  52,Hamburg,20251,DE,http://www.uke.uni-hamburg.de,"53.59024068,9.9784856615",Higher or Secondary Education Establishments,Germany,DE,DE,DE600
938070026,DE118509725,"BEHOERDE FUER GESUNDHEIT, SOZIALES UND INTEGRATION HAMBURG",SOZIALBEHOERDE HAMBURG,HAMBURGER STR. 47,HAMBURG,22083,DE,,"51.3923147,6.7191322961410505",Public bodies,Germany,DE,DE,DE600
928623875,HU19000321,MOZGASSERULTEK BUDAPESTI EGYESULETE,BUDAPEST ASSOCIATION OF PERSONS WITH DISABILITY,HEGEDUS GYULA UTCA 43,Budapest,1136,HU,,"47.5171699,19.0560034",Other,Hungary,HU,HU,HU110
987762059,TR5600032875,TURKIYE KIZILAY DERNEGI,TRCS,ATAC 1 SOKAK YENISEHIR 32,Ankara,6420,TR,https://www.kizilay.org.tr,"39.92338419,32.859265475",Other,Türkiye,TR,TR,TR510
951114683,,COMITE DES DONNEES SCIENTIFIQUES ETTECHNOLOGIQUES ASSOCIATION,CODATA,RUE AUGUSTE VACQUERIE 5,Paris,75016,FR,http://www.codata.org,"48.85341,2.3488",Other,France,FR,FR,FR101
942564327,DE180526911,"LIFE - BILDUNG, UMWELT, CHANCENGLEICHHEIT EV",,RHEINSTRASSE 45,BERLIN,12161,DE,,"52.4664337,13.3302883",Other,Germany,DE,DE,DE300
