id,projectId,title,detailsAuthors,detailsJournalNumber,detailsJournalTitle,detailsPublishedPages,detailsPublishedYear,detailsPublisher,typeCode,typeTitle,productTypeId,productTypeName,productCategoryId,subTypeCode,subTypeTitle,doi,issn
101036560_2491050_PUBLI,101036560,Deriving lessons learned from monitoring adaptation activities in projects under the EU mission on adaptation,"Stephanie Bilgram, Carla Klusmann, Christian Kind, Elisa Andreoli, Chiara Castellani, Dimitris Kofinas, Jan Cools, Antonio Trabucco, Chrysi Laspidou",4,Open Research Europe,81,2024,European Commission,PEER_REVIEWED_ARTICLE,Peer reviewed articles,2,peer rewied article,2,,,10.12688/openreseurope.17372.1,2732-5121
101036683_1798249_PUBLI,101036683,Interactive innovation broker: a consensual framework for multi-actor approach practical implementation,"O. Bernardez, J. Domingues, N. Rodriguez-Aubo, W. Filipowska, C. Cotelo","November 7th-9th, 2022","15th International Conference of Education, Research and Innovation",pp. 5298-5302,2022,IATED,CONFERENCE_PROCEEDING,Conference proceedings,3,conference proceedings,3,,,10.21125/iceri.2022.1287,
101036683_2882714_PUBLI,101036683,Assessing the Impact of European Initiatives on Mitigating Severe Climate Effects in Egaleo: A Technological and Social Innovation Perspective.,"Rafail, Vasileios-Alexandros; Zarikos, Ioannis; Karozis, Stelios; Sfetsos, Athanasios; Tzempelikos, Dimitrios",,,,2025,UCCRN Case Study Docking Station,OTHER,Other,8,other,8,,,10.7916/c0tr-h031,
101036683_2882713_PUBLI,101036683,High Resolution Global Environmental Stratification to Model Shifting Bioclimatic Conditions and Climate Change Impacts on Terrestrial Ecosystems,"Robert J. Zomer, Marc J. Metzger, Jianchu Xu, Antonio Trabucco",5,Open Research Europe,193,2025,F1000 Research Ltd,PEER_REVIEWED_ARTICLE,Peer reviewed articles,2,peer rewied article,2,,,10.12688/openreseurope.20387.1,2732-5121
101036683_2445907_PUBLI,101036683,Deriving lessons learned from monitoring adaptation activities in projects under the EU mission on adaptation,"Stephanie Bilgram, Carla Klusmann, Christian Kind, Elisa Andreoli, Chiara Castellani, Dimitris Kofinas, Jan Cools, Antonio Trabucco, Chrysi Laspidou",4,Open Research Europe,81,2024,Open Research Europe,PEER_REVIEWED_ARTICLE,Peer reviewed articles,2,peer rewied article,2,,,10.12688/openreseurope.17372.1,2732-5121
101036683_2898047_PUBLI,101036683,Defining and assessing transformational adaptation: the TransformAr scorecard,"Charlotte Fabri, Teresa Geidel, Tine Compernolle, Jan Cools",7,Environmental Research Communications,105032,2025,IOP Publishing,PEER_REVIEWED_ARTICLE,Peer reviewed articles,2,peer rewied article,2,,,10.1088/2515-7620/ae165e,2515-7620
101036683_2882715_PUBLI,101036683,The road to a sustainable energy system in the Guadeloupe archipelago: Challenges and opportunities,"Mostafa Barani, Konstantin Löffler, Luka Garibashvili, Pedro Crespo del Granado",11,Heliyon,NaN,2025,Elsevier BV,PEER_REVIEWED_ARTICLE,Peer reviewed articles,2,peer rewied article,2,,,10.1016/j.heliyon.2025.e41760,2405-8440
101036683_2445909_PUBLI,101036683,"Seasonal, Interannual and Long‐Term Variability of Sea Surface Temperature in the NW Iberian Upwelling, 1982–2020","S. Piedracoba, P. C. Pardo, X. A. Álvarez‐Salgado, S. Torres",129,Journal of Geophysical Research: Oceans,,2024,AGU (Advancing Earth and Space Sciences),PEER_REVIEWED_ARTICLE,Peer reviewed articles,2,peer rewied article,2,,,10.1029/2024jc021075,2169-9275
101036683_2882712_PUBLI,101036683,Modelling crop water demand under climate change: the case of Sardinia region,"Muhammad Faizan Aslam, Sara Masia, Donatella Spano, Valentina Mereu, Marta Debolini, Richard L. Snyder, Andrea Borgo, Antonio Trabucco",43,Irrigation Science,1681-1698,2025,Springer Verlag,PEER_REVIEWED_ARTICLE,Peer reviewed articles,2,peer rewied article,2,,,10.1007/s00271-025-01027-8,0342-7188
101036683_2445908_PUBLI,101036683,"Tropicalization of fish fauna of Galician coastal waters, in the NW Iberian upwelling system","Rafael Bañón, Paula Conde Pardo, Xosé Antón Álvarez-Salgado, Alejandro de Carlos, Juan Carlos Arronte, Silvia Piedracoba",70,Regional Studies in Marine Science,103369,2024,Elsevier BV,PEER_REVIEWED_ARTICLE,Peer reviewed articles,2,peer rewied article,2,,,10.1016/j.rsma.2024.103369,2352-4855
101036683_2908031_PUBLI,101036683,IoT and Data-Driven Acoustic Leak Detection Using Microcontroller and Fast Fourier Transform,"Mohammad Derawi, Marcos Xosé Alvarez Cid, Faouzi Alaya Cheikh, Neha Gupta, Nishu Gupta",,2025 IEEE 38th International System-on-Chip Conference (SOCC),1-5,2025,IEEE,CONFERENCE_PROCEEDING,Conference proceedings,3,conference proceedings,3,,,10.1109/socc66126.2025.11235384,
101036683_1798248_PUBLI,101036683,Implementing sedimentary monitoring of Rias Baixas (Galicia) shellfish banks to improve response to changing environmental conditions,"José Guitián Bermejo, Ángela Fontán Bouzas, Ana Bernabeu","267, 7, 2022","Cursos e Congresos, XI Jornadas Geomorfología Litoral Galicia 2022",187-191,2022,University of Santiago,CONFERENCE_PROCEEDING,Conference proceedings,3,conference proceedings,3,,,10.15304/9788419155832,
101037084_2965234_PUBLI,101037084,Increasing drinking water resilience to water-borne pathogens (T4.2.8),"Meijide Fernández, Jessica; Herrero Ferran, Jofre; Plana, Queralt; Palacin, Ian; Cester, Iván; Seis, Wolfgang",1,,,2025,IMPETUS with KWB,CONFERENCE_PROCEEDING,Conference proceedings,3,conference proceedings,3,,,10.5281/zenodo.15623418,
101037084_2965101_PUBLI,101037084,Correlation analysis between meteorological and insurance data to support innovative insurance products for agriculture,"Pilloti, Fabio; Dall'Amico, Matteo; Olaya Calderon, Liz Jessica; Pittore, Massimiliano; Bombardelli, Simone",1,,,2025,Zenodo,CONFERENCE_PROCEEDING,Conference proceedings,3,conference proceedings,3,,,10.5281/zenodo.15641224,
101037084_2965114_PUBLI,101037084,Climate Change and Biodiversity Shifts: Predicting Species Losses and Gains – Methodology,"Vique, Isabel; Numa, Catherine; Weaver, Faye",1,,,2025,IMPETUS with IUCN,OTHER,Other,8,other,8,,,10.5281/zenodo.17989890,
101037084_2965350_PUBLI,101037084,Enhancing coastal resilience: assessing the efficacy of nature-based solutions for beach-dune system management and foredune restoration,"Carla Garcia-Lozano, Frances-Xavier Roig-Munar, Josep Pintó, Carolina Martí-Llambrich",,,,2023,Springer,OTHER,Other,8,other,8,,,,
101037084_2965390_PUBLI,101037084,Pioneering coastal adaptation measures: urban deconstruction and nature-based solutions in the beach of Calafell (NE Iberian Peninsula),"Carla Garcia-Lozano, Francesc-Xavier Roig-Munar, Aron Marcos, Ventura Campillo, Warren Meredith, Josep Pintó, Carolina Martí-Llambrich",,Book of Abstracts of the International Conference Littoral 2024,,2024,Coastal & Marine Union (EUCC) and Ovidius University of Constanta,CONFERENCE_PROCEEDING,Conference proceedings,3,conference proceedings,3,,,,
101037084_2965397_PUBLI,101037084,Coastal vulnerability assessment and challenges for nature - based solutions (coastal dunes) in the Northern Adriatic sea,"Bezzi, Annelore; Fracaros, Saverio; Garcia Lozano, Carla; Leccardi, Cinzia; Popesso, Chiara",,iNEST – Interconnected Nord-Est Innovation Ecosystem: General frame of the project and Activities of Young Researchers at the University of Trieste,,2025,EUT Edizioni Università di Trieste,BOOK_CHAPTER,Book chapters,8,other,8,,,,
101037084_2965098_PUBLI,101037084,Participatory planning guidelines to create pathways for climate adaptation,"Bremere, Ingrida; Indriksone, Daina; Stokmane-Blaua, Līga",1,,,2025,Zenodo,OTHER,Other,8,other,8,,,10.5281/zenodo.18036807,
101037084_2965342_PUBLI,101037084,Deriving lessons learned from monitoring adaptation activities in projects under the EU mission on adaptation,"Stephanie Bilgram, Carla Klusmann, Christian Kind, Elisa Andreoli, Chiara Castellani, Dimitris Kofinas, Jan Cools, Antonio Trabucco, Chrysi Laspidou",4,Open Research Europe,81,2025,F1000 Research Ltd,ARTICLE,Non-peer reviewed articles,1,article,1,,,10.12688/openreseurope.17372.2,2732-5121
101037084_2965090_PUBLI,101037084,Below sea-level multifunctional wetlands to adapt to sea-level rise (T4.2),"Alvarez Segura, Nil",1,,,2025,Zenodo,OTHER,Other,8,other,8,,,10.5281/zenodo.15620270,
101037084_2965117_PUBLI,101037084,Modelling of regional water resources for Berlin region (T4.7.1),"Wicke, Daniel; Haacke, Nasrin; Filter, Josefine; Hassan, Aziz",1,,,2025,"IMPETUS with KWB, BWB and SenMVKU",CONFERENCE_PROCEEDING,Conference proceedings,3,conference proceedings,3,,,10.5281/zenodo.15537164,
101037084_2578825_PUBLI,101037084,Towards climate resilience: paving dynamic adaptation pathways for regional climate change hot-spots,"Dionysios Nikolopoulos, Iosif Spartalis, Christodoulos Pantazis, Nikos Pelekanos, Georgios Moraitis, Klio Monokrousou, Christos Makropoulos",,EGU General Assembly 2023,,2023,Copernicus GmbH,CONFERENCE_PROCEEDING,Conference proceedings,3,conference proceedings,3,,,10.5194/egusphere-egu23-7541,
101037084_2965395_PUBLI,101037084,"Assessing the impact of sand fences on foredune development in high urban beach: A four-year study of Calafell Beach (Costa Daurada, Spain)","Garcia-Lozano, C., Roig-Munar, F. X., Marcos, A., & Pintó, J.","September 1–5, 2025","RCEM 2025: 14th Symposium on River, Coastal and Estuarine Morphodynamics",,2025,RCEM,CONFERENCE_PROCEEDING,Conference proceedings,3,conference proceedings,3,,,,
101037084_2578828_PUBLI,101037084,Leveraging renewable energy solutions for distributed urban water management: The case of sewer mining,"Athanasios Zisos, Klio Monokrousou, Konstantinos Tsimnadis, Ioannis Dafnos, Katerina Dimitrou, Andreas Efstratiadis, Christos Makropoulos",,,,2025,Copernicus GmbH,CONFERENCE_PROCEEDING,Conference proceedings,3,conference proceedings,3,,,10.5194/egusphere-egu24-7458,
101037084_2965345_PUBLI,101037084,Synthesizing Lessons from European Adaptation Pathways Projects for Climate Resilience,"Saioa ZORITA, Valeria Di Fant, Chiara Castellani, Rosaly Severijns, Sebastiano Carrer, Gaby Langendijk, Suzie Durand, Bishwajit Roy, Tiago Capela Lourenço, Jan Cools",,,,2026,Elsevier,OTHER,Other,8,other,8,,,,
101037084_2965091_PUBLI,101037084,Decision Support System for water management in Valle dei Laghi,"D'Alonzo, Valentina",1,,,2025,Zenodo,OTHER,Other,8,other,8,,,10.5281/zenodo.15586490,
101037084_2578811_PUBLI,101037084,Incorporating Reliability in Graph Information Propagation by Fluid Dynamics Diffusion: A case of Multimodal Semisupervised Deep Learning,"Andrea Marinoni, Marine Mercier, Qian Shi, Sivasakthy Selvakumaran, Mark Girolami",,"ICASSP 2023 - 2023 IEEE International Conference on Acoustics, Speech and Signal Processing (ICASSP)",1-5,2023,IEEE,CONFERENCE_PROCEEDING,Conference proceedings,3,conference proceedings,3,,,10.1109/icassp49357.2023.10095086,
101037084_2965116_PUBLI,101037084,Evaluation of the effects of the altitudinal shift of crops on vineyards,"Pedò, Stefano; Zorer, Roberto; D'Alonzo, Valentina; Gretter, Alessandro",1,,,2025,IMPETUS with FEM and EURAC,OTHER,Other,8,other,8,,,10.5281/zenodo.15545273,
101037084_2965105_PUBLI,101037084,Marine Spatial Planning Framework (T4.19),"Hagset, Andreas; Kari, E. Eriksen",1,,,2025,Zenodo,CONFERENCE_PROCEEDING,Conference proceedings,3,conference proceedings,3,,,10.5281/zenodo.15640084,
101037084_2965339_PUBLI,101037084,Investigating different insulation strategies for historic buildings under future climates in winter and summer conditions,"Eleonora Leonardi, Daniel Herrera-Avellanosa, Valentina D’Alonzo",,Proceedings of CESBP 2025 - 6th Central European Symposium on Building Physics,,2026,Springer Cham,CONFERENCE_PROCEEDING,Conference proceedings,3,conference proceedings,3,,,,
101037084_2965129_PUBLI,101037084,Pursuing behavioral change for climate resilient tourism (T4.22). Catalan Coast,"Boqué-Ciurana, Anna; Saladié, Òscar; Garcia-Lozano, Carla; Martí, Carolina; Rovira Soto, Maria Trinitat; Borras, Gabriel; Duro, Juan Antonio; Perez-Laborda, Alejandro; Aguilar, Enric",1,,,2025,"IMPETUS with URV, UdG and DTHTE",CONFERENCE_PROCEEDING,Conference proceedings,3,conference proceedings,3,,,10.5281/zenodo.15543281,
101037084_2965457_PUBLI,101037084,Coupling High-Resolution Flood Modelling and 3D Digital Twins for Climate Change Adaptation,Jasper van Lieshout,45703,Climate-ADAPT,,2025,EU Mission on Adaptation to Climate Change,OTHER,Other,8,other,8,,,,
101037084_2965127_PUBLI,101037084,Decision Support System for Flood Risk Management (T4.10.2),"van Lieshout, Jasper Christiaan",1,,,2025,IMPETUS with N&S,CONFERENCE_PROCEEDING,Conference proceedings,3,conference proceedings,3,,,10.5281/zenodo.15495207,
101037084_2965394_PUBLI,101037084,Dune-restricted species and their role in dune habitat restoration on the Catalan coast. The case of Ammophila arenaria.,"Josep Pintó, Carla Garcia-Lozano",,Geousp,,2024,Geousp,OTHER,Other,8,other,8,,,,
101037084_2578823_PUBLI,101037084,Deriving lessons learned from monitoring adaptation activities in projects under the EU mission on adaptation,"Stephanie Bilgram, Carla Klusmann, Christian Kind, Elisa Andreoli, Chiara Castellani, Dimitris Kofinas, Jan Cools, Antonio Trabucco, Chrysi Laspidou",4,Open Research Europe,81,2024,Open research Europe,PEER_REVIEWED_ARTICLE,Peer reviewed articles,2,peer rewied article,2,,,10.12688/openreseurope.17372.1,2732-5121
101037084_2965088_PUBLI,101037084,Co-created climatologies for sea leisure activities and adaptation strategies in the central-western Mediterranean: Advancing sustainability and enhancing recreational experiences,"Anna Boqué-Ciurana, Mercè Cisneros, Jon Xavier Olano Pozo, Caterina Cimolai, Ricardo Vásquez Yañez, Enric Aguilar",273,Ocean &amp; Coastal Management,108035,2026,Pergamon Press Ltd.,PEER_REVIEWED_ARTICLE,Peer reviewed articles,2,peer rewied article,2,,,10.1016/j.ocecoaman.2025.108035,0964-5691
101037084_2965128_PUBLI,101037084,A graph representation based on fluid diffusion model for data analysis: theoretical aspects and enhanced community detection,"Marinoni, Andrea; Jutten, Christian; Girolami, Mark",1,ARXIV Computer Science > Social and Information Networks,,2022,ARXIV,OTHER,Other,8,other,8,,,10.48550/arxiv.2112.04388,
101037084_2965348_PUBLI,101037084,Motivation for slushflow classification,"D'Amboise, Christopher James; Edvardsen Hansen, Vilde; Vick, Louise Mary",1,International Snow Science Workshops (ISSW) Proceedings,,2024,International Snow Science Workshops (ISSW) Proceedings,OTHER,Other,8,other,8,,,,
101037084_2965126_PUBLI,101037084,Citizen Jury for Climate Adaptation in Tromsø Municipality - Design Proposal,"Nyseth, Torill; Buanes, Arild; Benjegård, Mina Elisbeth",1,,,2025,IMPETUS with UiT,OTHER,Other,8,other,8,,,10.5281/zenodo.17936927,
101037084_2965349_PUBLI,101037084,"EFFECTIVENESS OF SAND TRAPS IN PROMOTING SEDIMENT GAIN IN FOREDUNES OF A SEMI-NATURAL BEACH (COSTA BRAVA, SPAIN)","Carla Garcia-Lozano, Frances-Xavier Roig-Munar, Josep Pintó, Carolina Martí-Llambrich",,,,2023,"University of Istanbul, Turkiye",CONFERENCE_PROCEEDING,Conference proceedings,3,conference proceedings,3,,,,
101037084_2965104_PUBLI,101037084,Past and future changes in avalanche problems in northern Norway estimated with machine-learning models,"Kai-Uwe Eiselt, Rune Grand Graversen",,,,2026,Copernicus GmbH,OTHER,Other,8,other,8,,,10.5194/egusphere-2025-4685,
101037084_1800171_PUBLI,101037084,Incorporating reliability in graph information propagation by fluiddynamics diffusion: a case of multimodal semisupervised deep learning,Andrea Marinoni; Marine Mercier; Qian Shi; Sivasakthy Selvakumaran; Mark Girolami,,"proc. of IEEE International Conference on Acoustics, Speech, and Signal Processing 2023 (ICASSP23)",,2023,IEEE,CONFERENCE_PROCEEDING,Conference proceedings,3,conference proceedings,3,,,,
101037084_2578844_PUBLI,101037084,Driving Change: User Engagement and Governance in Climate Adaptation for Coastal Destinations,"Anna Boqué-Ciurana, Òscar Saladié, Carla Garcia-Lozano, Gabriel Borràs, Carolina Martí, Maria Trinitat Rovira Soto, Enric Aguilar, Queralt Plana Puig, Ivan Cester",,,,2024,Copernicus GmbH,CONFERENCE_PROCEEDING,Conference proceedings,3,conference proceedings,3,,,10.5194/ems2024-523,
101037084_2965092_PUBLI,101037084,Digital Twin for Arctic Spatial and Marine Planning in a Changing Climate,"Eriksen, Kari Elida",1,"Mare People and the Sea (MARE) , Amsterdam, The Netherlands, 24-27.june 2025 (Session Poster Presentations)",,2025,Zenodo,OTHER,Other,8,other,8,,,10.5281/zenodo.15639863,
101037084_2965347_PUBLI,101037084,Adaptation pathways as a tool for planning flood risk reduction measures in the light ofclimate change impacts,"Veidemane, Kristina; Bremere, Ingrida; Indriksone, Daina; Carrer, Sebastiano",,Leveraging nature-based solutions for resilient land and flood risk management in anthropocene,,2025,Editura Politehnica,BOOK_CHAPTER,Book chapters,8,other,8,,,,
101037084_2578827_PUBLI,101037084,Habitat availability decline for waterbirds in a sensitive wetland: Climate change impact on the Ebro Delta,"Andrés De la Cruz, Catherine Numa",498,Ecological Modelling,110896,2024,Elsevier BV,PEER_REVIEWED_ARTICLE,Peer reviewed articles,2,peer rewied article,2,,,10.1016/j.ecolmodel.2024.110896,0304-3800
101037084_2965351_PUBLI,101037084,Ecos modernos. Fuentes geohistóricas de los siglos XIX y XX,"Concepción Camarero Bullón, Miguel Ángel Bringas Gutiérrez, Ana Luna San Eugenio",,,,2025,Editorial de la Universidad de Cantabria,BOOK_CHAPTER,Book chapters,8,other,8,,,10.22429/euc2024.010,
101037084_2965097_PUBLI,101037084,Changes in the spatial distribution of species (T4.9),"Numa, Catherine; Weaver, Faye; De la Cruz, Andrés; Garcia-Lozano, Carla; Vique, Isabel",1,,,2025,Zenodo,CONFERENCE_PROCEEDING,Conference proceedings,3,conference proceedings,3,,,10.5281/zenodo.15662673,
101037084_2578845_PUBLI,101037084,"""Climate Services and Behavioral Change: Enhancing Resilience in Mediterranean Tourism through co-creation&amp;#160;""","Anna Boqué-Ciurana, Òscar Saladié, Carla Garcia-Lozano, Gabriel Borràs, Georgina Giné, Itziar Labairu, Carolina Martí, Maria Trinitat Rovira Soto, Marta Tonda, Enric Aguilar",,,,2025,Copernicus GmbH,CONFERENCE_PROCEEDING,Conference proceedings,3,conference proceedings,3,,,10.5194/egusphere-egu24-8456,
101037084_2578812_PUBLI,101037084,"Conceptualising boundary work activities to enhance credible, salient and legitimate knowledge in sustainability transdisciplinary research projects","Lisa M. Andrews, Stefania Munaretto, Heleen L.P. Mees, Peter P.J. Driessen",155,Environmental Science &amp; Policy,103722,2024,Elsevier BV,PEER_REVIEWED_ARTICLE,Peer reviewed articles,2,peer rewied article,2,,,10.1016/j.envsci.2024.103722,1462-9011
101037084_2578822_PUBLI,101037084,Enabling far-reaching living labs through regional Digital Twins,"Georgios Moraitis, Christodoulos Fragkoudakis, Spyridon Tsattalios, Dionysios Nikolopoulos, Nikos Pelekanos, Klio Monokrousou, Christos Makropoulos",,EGU General Assembly 2023,,2023,Copernicus GmbH,CONFERENCE_PROCEEDING,Conference proceedings,3,conference proceedings,3,,,10.5194/egusphere-egu23-12166,
101037084_2578824_PUBLI,101037084,Predicting Avalanche Danger in Northern Norway Using Statistical Models,"Kai-Uwe Eiselt, Rune Grand Graversen",,,,2024,Copernicus GmbH,CONFERENCE_PROCEEDING,Conference proceedings,3,conference proceedings,3,,,10.5194/egusphere-2024-2865,
101037084_2965096_PUBLI,101037084,Supporting Reforastation & Biodiversity - IMPETUS Project,"Manoudakis, Stylianos; Skevakis, Vasileios; ARAMPATZIS, George; Alàs Cercós, Oriol; Vilella-Rojo, Gonzalo",1,,,2025,Zenodo,CONFERENCE_PROCEEDING,Conference proceedings,3,conference proceedings,3,,,10.5281/zenodo.15655506,
101037084_2965087_PUBLI,101037084,Simulating Bank Filtrate Dynamics in Berlin: Decision Support Under Climate and Water Use Changes,"Dwight Baldwin, Nasrin Haacke, Christoph Sprenger, Daniel Wicke, Bertram Monninkhoff, Regina Gnirss",,,,2025,Copernicus GmbH,CONFERENCE_PROCEEDING,Conference proceedings,3,conference proceedings,3,,,10.5194/egusphere-egu25-18738,
101037084_2965099_PUBLI,101037084,Solution improving bathing water quality in extreme storm events (T4.8.1),"Torres, Carmen M.",1,,,2025,Zenodo,CONFERENCE_PROCEEDING,Conference proceedings,3,conference proceedings,3,,,10.5281/zenodo.15520801,
101037084_2965340_PUBLI,101037084,Predicting avalanche danger in northern Norway using statistical models,"Kai-Uwe Eiselt, Rune Grand Graversen",19,The Cryosphere,1849-1871,2025,Copernicus GmbH,PEER_REVIEWED_ARTICLE,Peer reviewed articles,2,peer rewied article,2,,,10.5194/tc-19-1849-2025,1994-0424
101037084_2578821_PUBLI,101037084,Bringing knowledge closer to practice: an inferential analysis of EU climate change policies and measures,"Nikos Pelekanos, Dionysios Nikolopoulos, Georgios Moraitis, Christos Makropoulos",,EGU General Assembly 2024,,2023,Copernicus GmbH,CONFERENCE_PROCEEDING,Conference proceedings,3,conference proceedings,3,,,10.5194/egusphere-egu23-9994,
101037084_1806786_PUBLI,101037084,Management of coastal dunes on the Catalan and on the Valencian shorelines (Spain),"Garcia-Lozano, Carla; Roig-Munar, Francesc Xavier; Santana-Cordero, Aaron M.; Martí-Llambrich, Carolina; Pinto, Josep",Vol. 48 No. 2,Geographical Research Letters,,2022,Universidad de La Rioja,PEER_REVIEWED_ARTICLE,Peer reviewed articles,2,peer rewied article,2,,,10.18172/cig.5175,0211-6820
101037084_2965100_PUBLI,101037084,Improving integrated climate risk assessment and management through innovative participatory approaches (T4.23),"Cocuccioni, Silvia",1,,,2025,Zenodo,CONFERENCE_PROCEEDING,Conference proceedings,3,conference proceedings,3,,,10.5281/zenodo.15638500,
101037084_2578846_PUBLI,101037084,Near-real-time Country-wide Estimation of Susceptibility and Settlement Exposure from Norwegian Mass Movements via Inter-graph Representation Learning,"Joshua Dimasaka, Sakthy Selvakumaran, Andrea Marinoni",,,,2024,"Authorea, Inc.",CONFERENCE_PROCEEDING,Conference proceedings,3,conference proceedings,3,,,10.22541/essoar.170914538.81935637/v1,
101037084_2578769_PUBLI,101037084,THE URGENT CALL FOR TANGIBLE ACTIONS TO ADAPT REGIONS TO CLIMATE CHANGE IMPACTS: THE EXAMPLE OF IMPETUS MOUNTAIN DEMO SITE,"VALENTINA D’ALONZO, VALENTINA M. CITTATI, ELEONORA LEONARDI, SILVIA COCUCCIONI, LIZ J. OLAYA CALDERON, PETRA PAGLIUGHI, MATTEO RIZZARI, GIORGIA ROBBIATI, NICOLÒ FRANCESCHETTI","VOLUME 262, 2024",Sustainable Development and Planning Conference proceedings,Wessex Institute eLibrary,2024,Wessex Institute of Technology,CONFERENCE_PROCEEDING,Conference proceedings,3,conference proceedings,3,,,,
101037084_2965095_PUBLI,101037084,Activating Cultural Heritage to enhance climate resilience (T4.21),"Leonardi, Eleonora; Herrera-Avellanosa, Daniel; D'Alonzo, Valentina",1,,,2025,Zenodo,CONFERENCE_PROCEEDING,Conference proceedings,3,conference proceedings,3,,,10.5281/zenodo.15630201,
101037084_2965341_PUBLI,101037084,Predicting past and future avalanche danger in northern Norway with machine-learning models,"Kai-Uwe Eiselt, Rune Grand Graversen",,,,2025,Copernicus GmbH,OTHER,Other,8,other,8,,,10.5194/egusphere-egu25-3712,
101037084_2965089_PUBLI,101037084,"How Can Stakeholder Co-Creation Foster Climate-Resilient Coastal Tourism Through Integrated Management of Climate, Water-Energy, and Beach-Dune Systems?","Anna Boqué-Ciurana, Òscar Saladié, Maria Trinitat Rovira-Soto, Carla Garcia-Lozano, Carolina Martí, Marta Tonda, Gabriel Borràs, Enric Aguilar",17,Sustainability,10163,2025,MDPI Open Access Publishing,PEER_REVIEWED_ARTICLE,Peer reviewed articles,2,peer rewied article,2,,,10.3390/su172210163,2071-1050
101037084_2965119_PUBLI,101037084,Heat Awareness System (T4.10.1),"van Lieshout, Jasper Christiaan",1,,,2025,IMPETUS with N&S,CONFERENCE_PROCEEDING,Conference proceedings,3,conference proceedings,3,,,10.5281/zenodo.15582201,
101037084_2965051_PUBLI,101037084,Modelling of quantitative microbiological risk assessment in bathing waters,"Munschke, Sarah",1,instname:Universitat Rovira i virgili (URV),,2024,URV,THESIS_DISSERTATION,Thesis and dissertations,8,other,8,,,,
101037084_2965344_PUBLI,101037084,A Shared Vision Across EU Horizon Projects. Projects' policy brief under the EU Mission on Adaptation to Climate Change's Implementation Platform (MIP4Adapt).,"Jan Cools, Amalie Bjørnåvold, Charlotte Fabri, Saioa Zorita, Chiara Castellani, Margaretha Breil, Katie Susan Johnson, Miljenko Sedlar, Stéphane Simonet, Dionisio PérezBlanco, Tadej Stepišnik Perdih, Tiago Capela Lourenço, Katherine Peinhardt, Guido Schmidt, Elena Goicolea-Güemez",,,,2025,"IMPETUS, TRANSFORMAR, ARSINOE, REGILIENCE",OTHER,Other,8,other,8,,,,
101037084_2965125_PUBLI,101037084,Early-warning systems for geological and avalanche risk sites (T4.12),"D'Amboise, Christopher; Vick, Louise; Eiselt, Kai-Uwe",1,,,2025,IMPETUS with UiT,CONFERENCE_PROCEEDING,Conference proceedings,3,conference proceedings,3,,,10.5281/zenodo.15552390,
101037084_2965115_PUBLI,101037084,Handbook for know-how to stakeholders on Early warning in case of floods,"""Jelgava City Municipality Institution \\""""Jelgava Digital Center\\""""""",1,,,2025,IMPETUS with JPOIC/JDC,OTHER,Other,8,other,8,,,10.5281/zenodo.18241855,
101037084_2965352_PUBLI,101037084,"Evaluating the impact of sand fences on foredune recovery in Sant Pere Pescador beach (Costa Brava, Spain)","Carla Garcia-Lozano, Warren Meredith, Maria Marta Tonda, Josep Pintó, Carolina Martí-Llambrich, Ventura Campillo, Francesc Xavier Roig-Munar",,"""Monitoring of Mediterranean Coastal Areas: Problems and Measurement Techniques, Tenth International Symposium """"Monitoring of Mediterranean Coastal Areas: Problems and Measurement Techniques""""""",730-740,2025,Firenze University Press,BOOK_CHAPTER,Book chapters,8,other,8,,,10.36253/979-12-215-0556-6.63,
101037084_2578826_PUBLI,101037084,Sar Shoreline Processor: Methodology and First Results,"Salvatore Savastano, Mark E. Pattle, Albert Garcia-Mondéjar, Victor Estella-Perez, Paula Gomes Da Silva, Jara Martínez Sanchez, Andres Payo, Yeray Castillo, Xavier Monteys",,IGARSS 2024 - 2024 IEEE International Geoscience and Remote Sensing Symposium,1451-1455,2024,IEEE,CONFERENCE_PROCEEDING,Conference proceedings,3,conference proceedings,3,,,10.1109/igarss53475.2024.10642221,
101037084_2965103_PUBLI,101037084,Technical note on Analysis of coastal erosion and shoreline dynamics in Catalonia using remote sensing,"Huertas, Claudia; Cendagorta-Galarza Friend, Daniel; Estella Perez, Victor; Jiménez, Isadora Christel",1,,,2025,Zenodo,OTHER,Other,8,other,8,,,10.5281/zenodo.15083989,
101037084_2965235_PUBLI,101037084,Limitations of RAMMS:Debrisflow as a slushflow simulation tool,"Edvardsen Hansen, Vilde; D'Amboise, Christopher James; Vick, Louise Mary",1,,,2024,International Snow Science Workshops (ISSW) Proceedings,OTHER,Other,8,other,8,,,,
101037084_1800170_PUBLI,101037084,Advancing surrogate-based optimization of time-expensive environmental problems through adaptive multi-model search,Spiros Tsattalios; Ioannis Tsoukalas; Panagiotis Dimas; Panagiotis Kossieris; Andreas Efstratiadis; Christos Makropoulos,"Volume 162, April 2023, 105639",Environmental Modelling & Software,,2023,Elsevier BV,PEER_REVIEWED_ARTICLE,Peer reviewed articles,2,peer rewied article,2,,,10.1016/j.envsoft.2023.105639,1364-8152
101037424_1806203_PUBLI,101037424,Heterogeneity-Driven Hydrodynamics Conditions the Hydrochemistry of Spring Water in Volcanic Islands.,Alejandro García‐Gil; Roberto Poncela Poncela; Elzbieta Skupien Balon; Ángel Morales González‐Moro; Rafael J. Lario‐Báscones; Miguel Ángel Marazuela; Noelia Cruz‐Pérez; Juan C. Santamarta,61(3),Groundwater,375-388,2022,National Ground Water Association,PEER_REVIEWED_ARTICLE,Peer reviewed articles,2,peer rewied article,2,,,10.1111/gwat.13249,0017-467X
101037424_1806190_PUBLI,101037424,Management strategies for maximizing the ecohydrological benefits of multilayer blue-green roofs in mediterranean urban areas,"Cristiano, Elena; Lai, Francesco; Deidda, Roberto; Viola, Francesco",343,Journal of Environmental Management,118248,2023,Academic Press,PEER_REVIEWED_ARTICLE,Peer reviewed articles,2,peer rewied article,2,,,10.5281/zenodo.7982829,0301-4797
101037424_1802500_PUBLI,101037424,Collective Emotional Intelligence and Group Dynamics Interplay: Can It Be Tangible and Measurable?,"Eleni Fotopoulou, Anastasios Zafeiropoulos, Èlia López Cassà, Isaac Muro Guiu, Symeon Papavassiliou",,IEEE Access,,2021,Institute of Electrical and Electronics Engineers Inc.,PEER_REVIEWED_ARTICLE,Peer reviewed articles,2,peer rewied article,2,,,10.1109/access.2021.3137051,2169-3536
101037424_1806204_PUBLI,101037424,First emerging pollutants profile in groundwater of the volcanic active island of El Hierro (Canary Islands),Samanta Gasco Cavero; Alejandro García-Gil; Noelia Cruz-Pérez; Luis Fernando Martín Rodríguez; Chrysi Laspidou; Albert Contreras-Llin; Gerard Quintana; Silvia Díaz-Cruz; Juan C. Santamarta,872,Science of The Total Environment,162204,2023,Elsevier BV,PEER_REVIEWED_ARTICLE,Peer reviewed articles,2,peer rewied article,2,,,10.1016/j.scitotenv.2023.162204,0048-9697
101037424_1802274_PUBLI,101037424,Cross-Mapping Important Interactions between Water-Energy-Food Nexus Indices and the SDGs,Alexandra E. Ioannou and Chrysi Laspidou,15,Sustainability,8045,2023,MDPI Open Access Publishing,PEER_REVIEWED_ARTICLE,Peer reviewed articles,2,peer rewied article,2,,,10.3390/su15108045,2071-1050
101037424_1805784_PUBLI,101037424,Characterising the coincidence of soil moisture – precipitation extremes as a possible precursor to European floods,Ashish Manoj; Teresa Perez Ciria; Gabriele Chiogna; Nadine Salzmann; Ankit Agarwal,,Journal of Hydrology,,2023,Elsevier BV,PEER_REVIEWED_ARTICLE,Peer reviewed articles,2,peer rewied article,2,,,10.1016/j.jhydrol.2023.129445,0022-1694
101037424_1808029_PUBLI,101037424,Rethinking Legal Criteria for Assessing Compensation for Rural Land Expropriation: Towards a European Institutional Framework,Anastasia Hernández-Alemán; Noelia Cruz-Pérez; Juan C. Santamarta,11(2),Land,n/a,2022,multidisciplinary digital publishing institute,PEER_REVIEWED_ARTICLE,Peer reviewed articles,2,peer rewied article,2,,,10.3390/land11020194,2073-445X
101037424_1805791_PUBLI,101037424,"Managing water resources under new climatic extremes in the Main river basin, Germany",Ralf Ludwig; Gunnar Braun; Raul Wood; Florian Willkofer; Teresa Perez Ciria,,Tag der Hydrologie 2022,,2022,"Deutsche Vereinigung für Wasserwirtschaft, Abwasser und Abfall e.V. (DWA), Deutsche Hydrologische Gesellschaft e.V., Fachgemeinschaft Hydrologische Wissenschaften",CONFERENCE_PROCEEDING,Conference proceedings,3,conference proceedings,3,,,10.5281/zenodo.7984974,
101037424_1806191_PUBLI,101037424,Rainwater harvesting as climate change adaptation strategy for durum wheat production in Sardinia,"Cristiano, Elena; Deidda, Roberto; Viola, Francesco",3,EGU General Assembly 2023,,2023,EGU General Assembly 2023,CONFERENCE_PROCEEDING,Conference proceedings,3,conference proceedings,3,,,10.5194/egusphere-egu23-2603,
101037424_1807356_PUBLI,101037424,Proposed recharge of island aquifer by deep wells with regenerated water in Gran Canaria (Spain),Iván Hernández Ríos; Noelia Cruz-Pérez; José I. Chirivella-Guerra; Alejandro García-Gil; Joselin S. Rodríguez-Alcántara; Jesica Rodríguez-Martín; Miguel Ángel Marazuela; Juan C. Santamarta,22,Groundwater for Sustainable Development,100959,2023,Elsevier,PEER_REVIEWED_ARTICLE,Peer reviewed articles,2,peer rewied article,2,,,10.1016/j.gsd.2023.100959,2352-801X
101037424_1807372_PUBLI,101037424,Stormwater management in urban areas using dry gallery infiltration systems,Miguel Ángel Marazuela; Alejandro García-Gil; Juan C. Santamarta; Samanta Gasco-Cavero; Noelia Cruz-Pérez; Thilo Hofmann,823,Science of the Total Environment,153705,2022,Elsevier BV,PEER_REVIEWED_ARTICLE,Peer reviewed articles,2,peer rewied article,2,,,10.1016/j.scitotenv.2022.153705,0048-9697
101037424_1807357_PUBLI,101037424,"Water Footprint of the Water Cycle of Gran Canaria and Tenerife (Canary Islands, Spain)",Noelia Cruz-Pérez; Juan C. Santamarta; Alejandro García-Gil; Jesica Rodríguez-Martín; Fernando Miralles-Wilhelm; Anastasia Hernández-Alemán; Maite M. Aldaya,14,Water,n/a,2022,Multidisciplinary Digital Publishing Institute (MDPI),PEER_REVIEWED_ARTICLE,Peer reviewed articles,2,peer rewied article,2,,,10.3390/w14060934,2073-4441
101037424_1807154_PUBLI,101037424,"Photovoltaic potential of public buildings in a world Heritage city: The case of San Cristóbal de La Laguna (Canary Islands, Spain)",Noelia Cruz-Pérez; Juan C. Santamarta; Jesica Rodríguez-Martín; Alejandro García-Gil; Rubén Fuentes Beltrán,209,Renewable Energy,357-365,2023,Pergamon Press Ltd.,PEER_REVIEWED_ARTICLE,Peer reviewed articles,2,peer rewied article,2,,,10.1016/j.renene.2023.03.127,0960-1481
101037424_1807358_PUBLI,101037424,A comparison between carbon footprint of water production facilities in the Canary Islands: groundwater resources vs. seawater desalination,Noelia Cruz-Pérez; Juan C. Santamarta; Isabel Gamallo-Paz; Jesica Rodríguez-Martín; Alejandro García-Gil,8,Sustainable Water Resources Management,n/a,2022,Springer Nature,PEER_REVIEWED_ARTICLE,Peer reviewed articles,2,peer rewied article,2,,,10.1007/s40899-022-00706-0,2363-5045
101037424_1805780_PUBLI,101037424,Heterogeneous spatiotemporal streamflow response to large-scale climate indexes in the Eastern Alps,Teresa Perez Ciria; David Labat; Gabriele Chiogna,,Journal of Hydrology,,2022,Elsevier BV,PEER_REVIEWED_ARTICLE,Peer reviewed articles,2,peer rewied article,2,,,10.5281/zenodo.7986127,0022-1694
101037424_1807211_PUBLI,101037424,Hydrogeological characterization of heterogeneous volcanic aquifers in the Canary Islands using recession analysis of deep water gallery discharge,Roberto Poncela; Juan C. Santamarta; Alejandro García-Gil; Noelia Cruz-Pérez; Elzbieta Skupien; Javier García-Barba,610,Journal of Hydrology,127975,2022,Elsevier BV,PEER_REVIEWED_ARTICLE,Peer reviewed articles,2,peer rewied article,2,,,10.1016/j.jhydrol.2022.127975,0022-1694
101037424_1807144_PUBLI,101037424,Ecological transition in a World Heritage City: The case of San Cristobal de La Laguna (Canary Islands),Juan C. Santamarta; Noelia Cruz-Pérez; Jesica Rodríguez-Martín; Rubén Fuentes Beltrán; Mª Dolores Storch de Gracia; Alejandro García-Gil,41(6),Environmental Progress & Sustainable Energy,n/a,2022,John Wiley & Sons Inc.,PEER_REVIEWED_ARTICLE,Peer reviewed articles,2,peer rewied article,2,,,10.1002/ep.13957,1944-7442
101037424_1805778_PUBLI,101037424,Connecting hydrological modelling and forecasting from global to local scales: Perspectives from an international joint virtual workshop,Antara Dasgupta; Louise Arnal; Rebecca Emerton; Shaun Harrigan; Gwyneth Matthews; Ameer Muhammad; Karen O'Regan; Teresa Pérez-Ciria; Emixi Valdez; Bart van Osnabrugge; Micha Werner; Carlo Buontempo; Hannah Cloke; Florian Pappenberger; Ilias G. Pechlivanidis; Christel Prudhomme; Maria-Helena Ramos; Peter Salamon,,Journal of Flood Risk Management,,2023,Blackwell Publishing,PEER_REVIEWED_ARTICLE,Peer reviewed articles,2,peer rewied article,2,,,10.1111/jfr3.12880,1753-318X
101037424_1802501_PUBLI,101037424,Participatory Socio-Environmental Systems Modeling over Knowledge Graphs,Anastasios Zafeiropoulos; Eleni Fotopoulou; Symeon Papavassiliou,,2021 IEEE Globecom Workshops (GC Wkshps),,2021,ΙΕΕΕ,CONFERENCE_PROCEEDING,Conference proceedings,3,conference proceedings,3,,,10.1109/gcwkshps52748.2021.9682047,
101037424_1805787_PUBLI,101037424,"Assessment of hydrological extremes and water resources availability under climate change in the Main river basin, Germany",Teresa Perez Ciria; Raul Wood; Braun Gunnar; Ralf Ludwig,,EGU General Assembly,,2022,European Geosciences Union,CONFERENCE_PROCEEDING,Conference proceedings,3,conference proceedings,3,,,10.5281/zenodo.7984745,
101037424_1804054_PUBLI,101037424,How much green roofs and rainwater harvesting systems can contribute to urban flood mitigation?,"Cristiano, Elena; Farris, Stefano; Deidda, Roberto; Viola, Francesco",20,Urban Water,140-157,2022,Taylor & Francis,PEER_REVIEWED_ARTICLE,Peer reviewed articles,2,peer rewied article,2,,,10.1080/1573062X.2022.2155849,1573-062X
101037424_1802938_PUBLI,101037424,A new theoretical engagement framework for citizen science projects: using a multi-temporal approach to address long-term public engagement challenges,Sonia Liñán; Xavier Salvador; Ana Álvarez; Andrea Comaposada; Laura Sanchez; Nuria Aparicio; Ivan Rodero; Jaume Piera,17,Environmental Research Letters,105006,2022,Institute of Physics Publishing,PEER_REVIEWED_ARTICLE,Peer reviewed articles,2,peer rewied article,2,,,10.1088/1748-9326/ac939d,1748-9326
101037424_1808028_PUBLI,101037424,"Excess of Naturally Occurring Fluoride in Groundwater Discharge in Macaronesia: Brava Island, Cape Verde",Dilma Lopes; Suely Barbosa; Noelia Cruz-Pérez; Alejandro García-Gil; Miguel Ángel Marazuela; Joselin S. Rodríguez-Alcántara; Juan C. Santamarta,14(2),Water,3421,2022,Multidisciplinary Digital Publishing Institute (MDPI),PEER_REVIEWED_ARTICLE,Peer reviewed articles,2,peer rewied article,2,,,10.3390/w14213421,2073-4441
101037424_1805786_PUBLI,101037424,"Systems Innovation Approach: stakeholders' involvement for a climate resilient region, a Living Lab at the Main River basin",Teresa Perez Ciria; Raul Wood; Marion Zilker; Gunnar Braun; Ralf Ludwig,,EGU General Assembly,,2023,European Geosciences Union,CONFERENCE_PROCEEDING,Conference proceedings,3,conference proceedings,3,,,10.5281/zenodo.7984821,
101037424_1807380_PUBLI,101037424,A 3D geological model of El Hierro volcanic island reflecting intraplate volcanism cycles,Alejandro García-Gil; Carlos Baquedano; Miguel Ángel Marazuela; Jorge Martínez-León; Noelia Cruz-Pérez; Luis E. Hernández-Gutiérrez; Juan C. Santamarta,21,Groundwater for sustainable development,100936,2023,Elsevier,PEER_REVIEWED_ARTICLE,Peer reviewed articles,2,peer rewied article,2,,,10.1016/j.gsd.2023.100936,2352-801X
101037424_1802499_PUBLI,101037424,SustainGraph: A knowledge graph for tracking the progress and the interlinking among the sustainable development goals’ targets,"Eleni Fotopoulou, Ioanna Mandilara, Anastasios Zafeiropoulos, Chrysi Laspidou, Giannis Adamos, Phoebe Koundouri, Symeon Papavassiliou",,Frontiers in Environmental Science,,2022,Frontiers in Environmental Science,PEER_REVIEWED_ARTICLE,Peer reviewed articles,2,peer rewied article,2,,,10.3389/fenvs.2022.1003599,2296-665X
101093806_402753_PUBLIHORIZON,101093806,Metodología para la cuantificación económica de daños tangibles directos provocados por inundaciones en estaciones depuradoras de agua residual. Aplicación en el Área Metropolitana de Barcelona,"Flor Tey, Guillem; Martínez Gomariz, Eduardo; Russo, Beniamino; Bosque Royo, Joaquín",,Ingeniería del Agua,,2025,Fundación para el Fomento de la Ingeniería del Agua,PEER_REVIEWED_ARTICLE,Peer reviewed articles,2,peer rewied article,2,,,10.4995/IA.2025.24361,1134-2196
101093806_402757_PUBLIHORIZON,101093806,International Journal of Disaster Risk Reduction,Mattia Federico Leone; Giulio Zuccaro; Daniela De Gregorio; Agnese Turchi; Amanda Tedeschi; Marianne Büegelmayer-Blaschek; Athanasios Sfetsos; Ioannis Zarikos; Alex de la Cruz Coronas; Beniamino Russo,,International Journal of Disaster Risk Reduction,,2025,Elsevier Limited,PEER_REVIEWED_ARTICLE,Peer reviewed articles,2,peer rewied article,2,,,10.1016/J.IJDRR.2025.105319,2212-4209
101093806_46246_PUBLIHORIZON,101093806,"Quantifying the Long-Term Performance of Rainwater Harvesting in Cyclades, Greece",Ioannis Zarikos; Nadia Politi; Nikolaos Gounaris; Stelios Karozis; Diamando Vlachogiannis; Athanasios Sfetsos,15(17),Water,,2023,MDPI,PEER_REVIEWED_ARTICLE,Peer reviewed articles,2,peer rewied article,2,,,10.3390/w15173038,2073-4441
101093806_402756_PUBLIHORIZON,101093806,Atmosphere,Benoît Gacon; David Santuy; Darío Redolat,,Atmosphere,,2024,Rotoweb Cantelli,PEER_REVIEWED_ARTICLE,Peer reviewed articles,2,peer rewied article,2,,,10.3390/ATMOS15070804,2073-4433
101093806_46245_PUBLIHORIZON,101093806,Improving Climate Resilience of Critical Assets: The ICARIA Project,Beniamino Russo; Àlex de la Cruz Coronas; Mattia Leone; Barry Evans; Rita Salgado Brito; Denis Havlik; Marianne Bügelmayer-Blaschek; David Pacheco; Athanasios Sfetsos,15 (9),Sustainabilit,,2023,MDPI,PEER_REVIEWED_ARTICLE,Peer reviewed articles,2,peer rewied article,2,,,10.3390/su151914090,2071-1050
101093806_402755_PUBLIHORIZON,101093806,Synthetic Sewer Networks for Pluvial Flood Assessment in Urban Areas: A Data Gap Filling Methodology,"Cruz Coronas, Àlex de la; Russo, Beniamino",,Hydrological Processes,,2025,WILEY,PEER_REVIEWED_ARTICLE,Peer reviewed articles,2,peer rewied article,2,,,10.1002/HYP.70365,1099-1085
101093806_402752_PUBLIHORIZON,101093806,Proyecto ICARIA: mejora de la resiliencia climática de infraestructuras críticas,"Cruz Coronas, Àlex de la; Russo, Beniamino; Veza, Elena; Romero, Ana",,VII Jornadas de Ingeniería del Agua,,2026,IHAR,CONFERENCE_PROCEEDING,Conference proceedings,3,conference proceedings,3,,,10.31428/10317/21254,
101093806_54046_PUBLIHORIZON,101093806,HISDAC-ES: historical settlement data compilation for Spain (1900–2020),"Johannes H. Uhl, Dominic Royé, Keith Burghardt, José A. Aldrey Vázquez, Manuel Borobio Sanchiz, and Stefan Leyk",15(10),Earth System Science Data,,2023,Copernicus publications,PEER_REVIEWED_ARTICLE,Peer reviewed articles,2,peer rewied article,2,,,10.5194/essd-15-4713-2023,1866-3508
101093806_402750_PUBLIHORIZON,101093806,Sustainability,"Flor Tey, Guillem; Martínez Gomariz, Eduardo; Russo, Beniamino; Bosque Royo, Joaquín",,Sustainability,,2026,MDPI Open Access Publishing,PEER_REVIEWED_ARTICLE,Peer reviewed articles,2,peer rewied article,2,,,10.3390/SU18063074,2071-1050
101093806_402754_PUBLIHORIZON,101093806,Blueprint for evaluating the climate resilience of natural areas,Rita Salgado Brito; Maria Adriana Cardoso; Alex de la Cruz-Coronas; Mattia Federico Leone; Agnese Turchi; Amanda Tedeschi; Patricia Molina Lopez,,Blue-Green Systems,,2025,IWA,PEER_REVIEWED_ARTICLE,Peer reviewed articles,2,peer rewied article,2,,,10.2166/BGS.2025.005,2617-4782
101093806_402751_PUBLIHORIZON,101093806,Flood hazard assessment on wastewater treatment plants: a case study of the Metropolitan Area of Barcelona (Spain),"Flor Tey, Guillem; Martínez Gomariz, Eduardo; Russo, Beniamino; Bosque Royo, Joaquín; Veza, Elena",,Natural Hazards,,2026,Springer,PEER_REVIEWED_ARTICLE,Peer reviewed articles,2,peer rewied article,2,,,10.1007/S11069-026-08010-2,1573-0840
101093854_42344_PUBLIHORIZON,101093854,Review article: Physical Vulnerability Database for Critical Infrastructure Multi-Hazard Risk Assessments – A systematic review and data collection,Sadhana Nirandjan et al,,Natural Hazards and Earth System Sciences,,,European GeoScience Union,PEER_REVIEWED_ARTICLE,Peer reviewed articles,2,peer rewied article,2,,,10.5194/NHESS-2023-20,1684-9981
101093854_50426_PUBLIHORIZON,101093854,Scientific Reports,Judith N. Claassen; Philip J. Ward; James Daniell; Elco E. Koks; Timothy Tiggeloven; Marleen C. Ruiter,,Scientific Reports,,2023,SpringerNature,PEER_REVIEWED_ARTICLE,Peer reviewed articles,2,peer rewied article,2,,,10.21203/rs.3.rs-2635188/v1,2045-2322
101093854_42346_PUBLIHORIZON,101093854,Quantifying climate risks to infrastructure systems: A comparative review of developments across infrastructure sectors,Jasper Verschuur et al,,PLOS Climate,,,PLOS,PEER_REVIEWED_ARTICLE,Peer reviewed articles,2,peer rewied article,2,,,10.1371/JOURNAL.PCLM.0000331,2767-3200
101093854_348270_PUBLIHORIZON,101093854,Stress-testing road network resilience using counterfactual flood events (1953–2024) in Great Britain,"Yue Li, Raghav Pant, Tom Russell, Fred Thomas, Jim W. Hall, Philip Oldham, Rob Lamb, Paul J. Young",155,Transportation Research Part D: Transport and Environment,,2026,Elsevier BV,PEER_REVIEWED_ARTICLE,Peer reviewed articles,2,peer rewied article,2,,,10.1016/J.TRD.2026.105292,1361-9209
101093864_51972_PUBLIHORIZON,101093864,Comparing spatially explicit approaches to assess social vulnerability dynamics to flooding,"L.G. Meijer, L. Reimann, J.C.J.H. Aerts","96, 103883",International Journal of Disaster Risk Reduction,,2023,Elsevier,PEER_REVIEWED_ARTICLE,Peer reviewed articles,2,peer rewied article,2,,,10.1016/j.ijdrr.2023.103883,2212-4209
101093864_350938_PUBLIHORIZON,101093864,Understanding multiple resilience dividends and system boundaries in disaster- and climate-risk management: a systems approach for enhanced decision-making,"Stefan Hochrainer-Stigler, Reinhard Mechler, Oscar Higuera Roa, Michaela Bachmann, Robert Šakić Trogrlić, John Handmer, Ulf Dieckmann",20,Environmental Research Letters,,2025,IOP Publishing,PEER_REVIEWED_ARTICLE,Peer reviewed articles,2,peer rewied article,2,,,10.1088/1748-9326/ADAC7A,1748-9326
101093864_350937_PUBLIHORIZON,101093864,Identifying vulnerability factors associated with heatwave mortality: a spatial statistical analysis across Europe,"B Sestito, L Reimann, M Mazzoleni, W J W Botzen, J C J H Aerts",20,Environmental Research Letters,,2025,IOP Publishing,PEER_REVIEWED_ARTICLE,Peer reviewed articles,2,peer rewied article,2,,,10.1088/1748-9326/ADBCC8,1748-9326
101093864_350608_PUBLIHORIZON,101093864,The state of the art and future of climate risk insurance modeling,"Michiel W. Ingels, W. J. Wouter Botzen, Jeroen C. J. H. Aerts, Jan Brusselaers, Max Tesselaar",1541,Annals of the New York Academy of Sciences,,2024,Wiley,PEER_REVIEWED_ARTICLE,Peer reviewed articles,2,peer rewied article,2,,,10.1111/NYAS.15255,0077-8923
101093864_51967_PUBLIHORIZON,101093864,Modelling the role of multiple risk attitudes in implementing adaptation measures to reduce drought and flood losses,"M. Mazzoleni, E. Mondino, A. Matanó, A.F. Van Loon, M.H. Barendrecht","636, 131305",Journal of Hydrology,,2024,Elsevier,PEER_REVIEWED_ARTICLE,Peer reviewed articles,2,peer rewied article,2,,,10.1016/j.jhydrol.2024.131305,0022-1694
101093864_51966_PUBLIHORIZON,101093864,Compound and consecutive drought-flood events at a global scale,"Alessia Matanó, Wouter R Berghuijs, Maurizio Mazzoleni, Marleen C de Ruiter, Philip J Ward and Anne F Van Loon","19, 064048",Environmental Research Letters,,2024,Institute of Physics and IOP Publishing,PEER_REVIEWED_ARTICLE,Peer reviewed articles,2,peer rewied article,2,,,10.1088/1748-9326/ad4b46,1748-9326
101093864_350943_PUBLIHORIZON,101093864,Drought is associated with human migration in agriculture-dependent middle-income countries,"Maurizio Mazzoleni, Giuliano Di Baldassarre, Ana Hagström, Elena Raffetti",7,Communications Earth &amp; Environment,,2026,Springer Science and Business Media LLC,PEER_REVIEWED_ARTICLE,Peer reviewed articles,2,peer rewied article,2,,,10.1038/S43247-026-03358-6,2662-4435
101093864_350935_PUBLIHORIZON,101093864,Flood experience and access to insurance contribute to differences in homeowners’ post-disaster adaptation in a cross-border region of Western Europe,"Thijs Endendijk, Daniela Rodriguez Castro, Lisa Dillenardt, Ravi Kumar Guntu, W. J. Wouter Botzen, Hans de Moel, Annegret H. Thieken, Heidi Kreibich, Benjamin J. Dewals, Jeroen C. J. H. Aerts",6,Communications Earth &amp; Environment,,2025,Springer Science and Business Media LLC,PEER_REVIEWED_ARTICLE,Peer reviewed articles,2,peer rewied article,2,,,10.1038/S43247-025-02385-Z,2662-4435
101093864_351005_PUBLIHORIZON,101093864,Advancing Climate Resilience: Insights from a European Survey on Regional Climate Risk Assessment,"Gloria Mozzi, Fulvio Biddau, Michaela Bachmann, Davide Serrao, Majid Niazkar, Jaroslav Mysiak, Dana Stuparu, Anna Pirani, Jeremy Pal",,,,2025,Copernicus GmbH,CONFERENCE_PROCEEDING,Conference proceedings,3,conference proceedings,3,,,10.5194/EGUSPHERE-EGU25-10512,
101093864_350944_PUBLIHORIZON,101093864,"""Combining quantitative and qualitative risk aspects for adaptive and flexible climate risk assessment&amp;#160;""","Michaela Bachmann, Reinhard Mechler, Oscar Higuera Roa, Anna Pirani, Jeremy Pal, Gloria Mozzi, Dana Stuparu, Maurizio Mazzoleni",,,,2025,Copernicus GmbH,CONFERENCE_PROCEEDING,Conference proceedings,3,conference proceedings,3,,,10.5194/EGUSPHERE-EGU25-8462,
101093864_351003_PUBLIHORIZON,101093864,"""&amp;#160; Are rainfall warning levels ready for climate change? A case study from Catalonia, Spain""","Erika Meléndez-Landaverde, Daniel Sempere-Torres, Víctor González, Carles Corral",,,,2025,Copernicus GmbH,CONFERENCE_PROCEEDING,Conference proceedings,3,conference proceedings,3,,,10.5194/EGUSPHERE-EGU25-10418,
101093864_51969_PUBLIHORIZON,101093864,An adaptive and flexible Climate Risk Assessment Framework for regions,"Michaela Bachmann, Reinhard Mechler, Oscar Higuera Roa, Anna Pirani, Jeremy Pal, Lena Reimann, Maurizio Mazzoleni, Ted Buskop, and Jaroslav Mysiak",EGU24-16910,EGU General Assembly 2024,,2024,European Geosciences Union,CONFERENCE_PROCEEDING,Conference proceedings,3,conference proceedings,3,,,10.5194/egusphere-egu24-16910,
101093864_350942_PUBLIHORIZON,101093864,Climate Risk STAC: A living metadata catalog of geospatial data for climate risk assessments,"Lena Reimann, Dirk Eilander, Timothy Tiggeloven, Milana Vuckovic, Matti Kummu, Andrea Vajda, Jeremy S. Pal, Maurizio Mazzoleni, Fredrik Wetterhall, Jeroen C.J.H. Aerts",198,Environmental Modelling &amp; Software,,2026,Elsevier BV,PEER_REVIEWED_ARTICLE,Peer reviewed articles,2,peer rewied article,2,,,10.1016/J.ENVSOFT.2026.106906,1364-8152
101093864_350934_PUBLIHORIZON,101093864,Beyond the Floodplain: Integrating Probabilities and Storylines to Explore Regional Uncertain Direct and Cascading Climate Risks in Multi‐Sectoral Systems,"F. E. Buskop, F. Sperna Weiland, S. Hochrainer‐Stigler, R. Šakić Trogrlić, B. J. J. M. van den Hurk",13,Earth's Future,,2025,American Geophysical Union (AGU),PEER_REVIEWED_ARTICLE,Peer reviewed articles,2,peer rewied article,2,,,10.1029/2025EF006499,2328-4277
101093864_52249_PUBLIHORIZON,101093864,Bridging the gap between climate data and policy makers: The CLIMAAX project example,Milana Vuckovic and Fredrik Wetterhall,"Vol. 21, EMS2024-1060, 202",EMS Annual Meeting Abstracts,,2024,European Meteorological Society,CONFERENCE_PROCEEDING,Conference proceedings,3,conference proceedings,3,,,10.5194/ems2024-1060,1812-7053
101093864_351006_PUBLIHORIZON,101093864,Climaax project: Heat wave toolbox,"Martina Kubáňová, Martin Kubáň, Milan Kalaš, Milica Aleksic, Natalia Aleksandrova Aleksandrova, Christopher Polster",,,,2025,Copernicus GmbH,CONFERENCE_PROCEEDING,Conference proceedings,3,conference proceedings,3,,,10.5194/EGUSPHERE-EGU25-4115,
101093864_351004_PUBLIHORIZON,101093864,"Climate Hazard Assessment for Dairy Farming in Aydin, Türkiye: Preliminary Results from the CliResDairy Project","Çağrı Karaman, Hediye Cerit, Kemal Demirkol, Engin Koç, Elif İrem Köse Kiper, Göktuğ Yaşar Çukurlu, Nusret Demir",XLVIII-4/W18-2025,"The International Archives of the Photogrammetry, Remote Sensing and Spatial Information Sciences",,2026,Copernicus GmbH,CONFERENCE_PROCEEDING,Conference proceedings,3,conference proceedings,3,,,10.5194/ISPRS-ARCHIVES-XLVIII-4-W18-2025-167-2026,2194-9034
101093864_350933_PUBLIHORIZON,101093864,The CLIMAAX handbook - an online tool for regional climate risk assessments,"Fredrik Wetterhall, Christopher Polster, Milana Vuckovic, Alon Shtivelman",,,,2025,Copernicus GmbH,CONFERENCE_PROCEEDING,Conference proceedings,3,conference proceedings,3,,,10.5194/EMS2025-685,
101093864_52527_PUBLIHORIZON,101093864,Decision-Relevant Climate Storylines: Using Seasonal Decision-Scaling to Identify Flood Changes in Uncertain GCM Trends,"Ted Buskop, Frederiek Sperna Weiland, and Bart van den Hurk",EGU24-1647,EGU General Assembly 2024,,2024,European Geosciences Union,CONFERENCE_PROCEEDING,Conference proceedings,3,conference proceedings,3,,,,
101093864_51970_PUBLIHORIZON,101093864,Advances and gaps in the science and practice of impact-based forecasting of droughts,"Anastasiya Shyrokaya, Florian Pappenberger, Ilias Pechlivanidis, Gabriele Messori, Sina Khatami, Maurizio Mazzoleni, Giuliano Di Baldassarre",NaN,WIREs Water,,2023,Wiley,PEER_REVIEWED_ARTICLE,Peer reviewed articles,2,peer rewied article,2,,,10.1002/wat2.1698,2049-1948
101093864_350936_PUBLIHORIZON,101093864,Challenges and opportunities in climate risk assessment: future directions for assessing complex climate risks,"Oscar Higuera Roa, Michaela Bachmann, Reinhard Mechler, Robert Šakić Trogrlić, Lena Reimann, Maurizio Mazzoleni, Jeroen C J H Aerts, Franciscus Eduard Buskop, Anna Pirani, Jaroslav Mysiak",20,Environmental Research Letters,,2025,IOP Publishing,PEER_REVIEWED_ARTICLE,Peer reviewed articles,2,peer rewied article,2,,,10.1088/1748-9326/ADC756,1748-9326
101093864_51971_PUBLIHORIZON,101093864,An Empirical Social Vulnerability Map for Flood Risk Assessment at Global Scale (“GlobE‐SoVI”),Lena Reimann; Elco Koks; Hans de Moel; Marijn J. Ton; Jeroen C. J. H. Aerts,e2023EF003895,Earth’s Future,,2024,Wiley,PEER_REVIEWED_ARTICLE,Peer reviewed articles,2,peer rewied article,2,,,10.1029/2023ef003895,2328-4277
101093864_350609_PUBLIHORIZON,101093864,Empirical evaluation of windstorm losses and meteorological variables over the Netherlands,"M. d. S. Fonseca Cerda, H. de Moel, D. van Ederen, J. C. J. H. Aerts, W. J. W. Botzen, T. Haer",121,Natural Hazards,,2025,Springer Science and Business Media LLC,PEER_REVIEWED_ARTICLE,Peer reviewed articles,2,peer rewied article,2,,,10.1007/S11069-024-07024-Y,0921-030X
101093864_350610_PUBLIHORIZON,101093864,Amplifying exploration of regional climate risks: clustering future projections on regionally relevant impact drivers instead of emission scenarios,"Franciscus Eduard Buskop, Frederiek Sperna Weiland, Bart van den Hurk",3,Environmental Research: Climate,,2024,IOP Publishing,PEER_REVIEWED_ARTICLE,Peer reviewed articles,2,peer rewied article,2,,,10.1088/2752-5295/AD9F8F,2752-5295
101093864_51968_PUBLIHORIZON,101093864,Exploring the limits and gaps of flood adaptation,"Jeroen C. J. H. Aerts, Paul D. Bates, W. J. Wouter Botzen, Jens de Bruijn, Jim W. Hall, Bart van den Hurk, Heidi Kreibich, Bruno Merz, Sanne Muis, Jaroslav Mysiak, Eric Tate & Frans Berkhout","volume 2, pages 719–728",Nature Water,,2024,Springer Nature,PEER_REVIEWED_ARTICLE,Peer reviewed articles,2,peer rewied article,2,,,10.1038/s44221-024-00274-x,2731-6084
101093873_210660_PUBLIHORIZON,101093873,Contemporary development directions for urban digital twins,"Virtanen, J-P., Alander, J., Ponto, H., Santala, V., Martijnse-Hartikka, R., Andra, A., Sillander, T.",,Remote Sensing and Spatial Information Sciences,,2024,,CONFERENCE_PROCEEDING,Conference proceedings,3,conference proceedings,3,,,10.5194/ISPRS-ARCHIVES-XLVIII-4-W10-2024-177-2024,
101093873_210666_PUBLIHORIZON,101093873,Enhancing coastal resilience: cross-border collaboration and innovation in the Regions4Climate project,"Cantergiani, C., Garnier, R., Delpey, M., Cipriani, L., Gonçalves, C., García Perez, I.",,,,,,CONFERENCE_PROCEEDING,Conference proceedings,3,conference proceedings,3,,,,
101093873_210659_PUBLIHORIZON,101093873,Relevancia de la morfología intermareal en la inundación compuesta en estuarios,"de Santiago I., Garnier R., Epelde I., Abalia A, del Campo A., Coco G. & Liria P.",,,,2024,,CONFERENCE_PROCEEDING,Conference proceedings,3,conference proceedings,3,,,,
101093873_210667_PUBLIHORIZON,101093873,Development and validation of a modelling chain to quantify coastal flooding exposure at an engineered beach,"Abalia, A., de Santiago, I., Liria, P., Garnier, R., Epelde, I., Nieto, A., Morichon, D.",,,,2024,,CONFERENCE_PROCEEDING,Conference proceedings,3,conference proceedings,3,,,,
101093873_210663_PUBLIHORIZON,101093873,Development and validation of a process-based coastal f looding Early Warning System-Zarautz beach,"Aritz Abalia Patiño, Iñaki de Santiago, Roland Garnier, Pedro Liria, Irati  Epelde, Asier Nieto, Denis Morichon",,,,2024,HAL open access,OTHER,Other,8,other,8,,,,
101093873_126976_PUBLIHORIZON,101093873,Regions4Climate: Innovación Sistémica para una Agricultura Resiliente y Adaptada al Cambio Climático,"EstherSan Jos, José Fermoso, Nuria Fernández, Bárbara  Díez, Raúl Sánchez, Jorge Calvo, Raquel  Marijuán",,,,,CONAMA 2024,CONFERENCE_PROCEEDING,Conference proceedings,3,conference proceedings,3,,,,
101093873_210661_PUBLIHORIZON,101093873,Numerical study to quantify the role of morphological parameters in the coastal flooding: Zarautz beach,"Abalia, A., de Santiago, I., Garnier, R., Liria, P., Epelde, I., Nieto, A., Morichon, D.",,,,2024,HAL open science,CONFERENCE_PROCEEDING,Conference proceedings,3,conference proceedings,3,,,,
101093921_293061_PUBLIHORIZON,101093921,EVALUATING EPISTEMIC (IN)JUSTICE IN KNOWLEDGE CO-PRODUCTION,"Mathilda Englund, Åsa Gerger Swartling, and Karin André",,,,,SEI,CONFERENCE_PROCEEDING,Conference proceedings,3,conference proceedings,3,,,,
101093921_293199_PUBLIHORIZON,101093921,Spanish Climate Change Adaptation Policies: A Comprehensive Analysis of Participatory Elements,"Erokhin, D., N. Komendantova, and M. Mattera",,,,,"International Conference Socioecos, 2024",CONFERENCE_PROCEEDING,Conference proceedings,3,conference proceedings,3,,,,
101093921_293142_PUBLIHORIZON,101093921,Analyzing the use of fact-checking tools in disaster-risk reduction in Europe through the lens of the heuristic-systematic model,"Nadejda Komendantova, Tahereh Zobeidi, Masoud Yazdanpanah",15,Scientific Reports,,2025,Springer Science and Business Media LLC,PEER_REVIEWED_ARTICLE,Peer reviewed articles,2,peer rewied article,2,,,10.1038/S41598-025-03099-0,2045-2322
101093921_293012_PUBLIHORIZON,101093921,"Citizen Engagement Practices That Promote Justice, Mutual Learning, and Collaboration in Situated Climate Adaptation Initiatives","Sam Pickard, Eulàlia Baulenas",105,Bulletin of the American Meteorological Society,,2025,American Meteorological Society,PEER_REVIEWED_ARTICLE,Peer reviewed articles,2,peer rewied article,2,,,10.1175/BAMS-D-24-0172.1,0003-0007
101093921_293010_PUBLIHORIZON,101093921,Unveiling the dynamics of climate change narratives: A Google Trends analysis,"Dmitry Erokhin, Nadejda Komendantova",,Observatorio (OBS*),,2024,Instituto Universitario de Lisboa (ISCTE-IUL),PEER_REVIEWED_ARTICLE,Peer reviewed articles,2,peer rewied article,2,,,10.15847/OBSOBS18520242567,1646-5954
101093921_296148_PUBLIHORIZON,101093921,Social Intelligence Mining: Transforming Land Management with Data and Deep Learning,"Mohammad Reza Yeganegi, Hossein Hassani, Nadejda Komendantova",14,Land,,2025,MDPI AG,PEER_REVIEWED_ARTICLE,Peer reviewed articles,2,peer rewied article,2,,,10.3390/LAND14061198,2073-445X
101093921_293006_PUBLIHORIZON,101093921,Comparative analysis of adaptation policies and policy instruments for water management in Europe,"Tahereh Zobeidi, Nadejda Komendantova",62,Journal of Hydrology: Regional Studies,,2025,Elsevier BV,PEER_REVIEWED_ARTICLE,Peer reviewed articles,2,peer rewied article,2,,,10.1016/J.EJRH.2025.102819,2214-5818
101093921_293201_PUBLIHORIZON,101093921,Promoting the understanding of climate change hazards through citizen science EU projects I-CHANGE and AGORA,"M. Milellia , L. Poloa , F. Munerola , A. Parodia , P. Mercogliano , M. Adinolfib",,,,,SISC2023,CONFERENCE_PROCEEDING,Conference proceedings,3,conference proceedings,3,,,,
101093921_296149_PUBLIHORIZON,101093921,"Sustainability, Climate Change and the Electric Grid: The Case of Spain","Enrique Gonzalez, Marina Mattera, Jieyi Zhou, Raquel Ureña Joyanes",,2024 7th International Conference on Renewable Energy and Power Engineering (REPE),,2025,IEEE,CONFERENCE_PROCEEDING,Conference proceedings,3,conference proceedings,3,,,10.1109/REPE62578.2024.10809631,
101093921_293009_PUBLIHORIZON,101093921,Enhancing the engagement of citizens in weather data collection: the AGORA and I-CHANGE Projects approach,"Milelli, M., Oberto, E., Uboldi, F., Polo, L., Parodi, A., Adinolfi, M., and Mercogliano, P.",,Plinius Conference Abstracts,,2024,EGU European Geoscience Union,CONFERENCE_PROCEEDING,Conference proceedings,3,conference proceedings,3,,,,
101093921_34568_PUBLIHORIZON,101093921,"Application of science, technology and innovation solutions to increase participation in climate change adaptation","Nadejda Komendantova,Dmitry Erokhin",,"Case Study for the Multistakeholder Forum on Science, Technology and Innovation for the SDGs, May 2024",,,United Nations SDG Multistakeholder forum,CONFERENCE_PROCEEDING,Conference proceedings,3,conference proceedings,3,,,,
101093921_293005_PUBLIHORIZON,101093921,Measuring what matters: Building impact pathways to actionable information for the weADAPT platform,"S. Bharwani, K. Williamson, R. Butterfield",38,Climate Services,,2025,Elsevier BV,PEER_REVIEWED_ARTICLE,Peer reviewed articles,2,peer rewied article,2,,,10.1016/J.CLISER.2025.100574,2405-8807
101093921_34569_PUBLIHORIZON,101093921,Participation in climate change adaptation,Nadejda Komendantova and Dmitry Erokhin,,,,,EGU,CONFERENCE_PROCEEDING,Conference proceedings,3,conference proceedings,3,,,10.5194/EGUSPHERE-EGU24-10811,
101093921_296150_PUBLIHORIZON,101093921,Co-designing soft climate adaptation: citizen centred solutions across four European pilots,"Francois Jost, Anna Verones, Nefertari Nachtigall, Marta Ellena, Lucia Moreno, Judith Bielsa, Mathilda Englund, Karin Andre, Asa Gerger Swartling, Rosie Witton, Sukaina Bahrwani, Eulalia Baulenas, Sam",,Frontiers in Climate,,2025,Frontiers,PEER_REVIEWED_ARTICLE,Peer reviewed articles,2,peer rewied article,2,,,10.3389/FCLIM.2025.1738479/ABSTRACTQ,2624-9553
101093921_12921_PUBLIHORIZON,101093921,Misinformation and Its Impact on Contested Policy Issues: The Example of Migration Discourses,"Nadejda Komendantova,Dmitry Erokhin and Teresa Albano",13,Societies,,2023,MDPI,PEER_REVIEWED_ARTICLE,Peer reviewed articles,2,peer rewied article,2,,,10.3390/soc13070168,2075-4698
101093921_293060_PUBLIHORIZON,101093921,Extremvärme i Malmö Vem drabbas och hur kan vi lindra effekterna?,"Ludwig Sonesson (Miljöförvaltningen), Emanuel Toft (Miljöförvaltningen), Mathilda Englund (Stockholm Environment Institute)",,,,2024,Miljöstrategiska avdelningen,OTHER,Other,8,other,8,,,,
101093921_293634_PUBLIHORIZON,101093921,From Awareness to Action: A Study of Capacity‐Building Engagement Techniques for Fostering Climate‐Adaptive Behaviours in Citizens,"Madeline Baldelli, Marina Mattera, Florence Renou‐Wilson",60,European Journal of Education,,2025,Wiley,PEER_REVIEWED_ARTICLE,Peer reviewed articles,2,peer rewied article,2,,,10.1111/EJED.70056,0141-8211
101093921_293007_PUBLIHORIZON,101093921,Reinforcing vulnerability? Evaluation of unintended consequences in knowledge co-production for urban adaptation,"M Englund, Å Gerger Swartling, K André, S Karlsson, M Hjerpe",4,Environmental Research: Climate,,2025,IOP Publishing,PEER_REVIEWED_ARTICLE,Peer reviewed articles,2,peer rewied article,2,,,10.1088/2752-5295/AE1E24,2752-5295
101093921_54958_PUBLIHORIZON,101093921,From Awareness to Action: A Study of Capacity-Building Engagement Techniques for Fostering Climate- Adaptive Behaviours in Citizens,Madeline Baldelli,,,,2023,University College Dublin,THESIS_DISSERTATION,Thesis and dissertations,8,other,8,,,,
101093921_293008_PUBLIHORIZON,101093921,Climate experiences to adaptation participation: a survey study in Catalonia,"Marina Mattera, Dmitry Erokhin, Madeline Baldelli, Nadejda Komendantova",156,Theoretical and Applied Climatology,,2025,Springer Science and Business Media LLC,PEER_REVIEWED_ARTICLE,Peer reviewed articles,2,peer rewied article,2,,,10.1007/S00704-025-05706-6,0177-798X
101093921_54959_PUBLIHORIZON,101093921,A multi-dimensional model of anticipating intention to use social media for disaster risk reduction,"Tahereh Zobeidi, Nadejda Komendantova, Masoud Yazdanpanah, Alexa Lamm",,International Journal of Disaster Risk Reduction,,2024,Elsevier Limited,PEER_REVIEWED_ARTICLE,Peer reviewed articles,2,peer rewied article,2,,,10.1016/j.ijdrr.2024.104356,2212-4209
101093921_296151_PUBLIHORIZON,101093921,Artificial Intelligence Tools in Misinformation Management during Natural Disasters,"Nadejda Komendantova, Dmitry Erokhin",25,Public Organization Review,,2025,Springer Science and Business Media LLC,PEER_REVIEWED_ARTICLE,Peer reviewed articles,2,peer rewied article,2,,,10.1007/S11115-025-00815-2,1566-7170
101093921_54571_PUBLIHORIZON,101093921,"Building up a Digital Academy in AGORA project to aware citizens, improve access to and use of climate data supporting adaptation","Adinolfi M., Reder A., Mercogliano P., Hoy A., Milelli M., Biondi R.",,,,2024,EGU General Assembly 2024,CONFERENCE_PROCEEDING,Conference proceedings,3,conference proceedings,3,,,10.5194/egusphere-egu24-19094,
101093921_293062_PUBLIHORIZON,101093921,Empoderamiento local en la adaptación al cambio climático: el ejemplo del piloto AGORA Aragón,"Moreno, L., Bielsa, J., Mattera, M.",,,,2025,Zenodo,CONFERENCE_PROCEEDING,Conference proceedings,3,conference proceedings,3,,,10.5281/ZENODO.17493251,
101093921_293200_PUBLIHORIZON,101093921,Empowering climate adaptation through modular learning: The Adaptation AGORA digital academy,"Marianna Adinolfi, Andreas Hoy, Massimo Milelli, Riccardo Biondi, Nicola Loglisci, Paola Mercogliano, Alfredo Reder, Davide Dansero, Enora Brunley, Anna Scolobig, and Benedetta Buccolini",,,,,EMS - Annual meeting 2025,CONFERENCE_PROCEEDING,Conference proceedings,3,conference proceedings,3,,,10.5194/EMS2025-353,
101093939_320312_PUBLIHORIZON,101093939,Scientific Reports,"Izonin, Ivan; Nesterenko, Illia; Kazantzi, Athanasia K.; Tkachenko, Roman; Muzyka, Roman; Mitoulis, Stergios Aristoteles",,Scientific Reports,,2024,Springer Nature,PEER_REVIEWED_ARTICLE,Peer reviewed articles,2,peer rewied article,2,,,10.1038/S41598-024-73738-5,2045-2322
101093939_320300_PUBLIHORIZON,101093939,Deterioration rate diagnosis to global climatic change: The case of Dnipro Dam in Ukraine,Kopiika N. S.; Ninic J.; Cucuzza R.; Mitoulis S. A.,,"Bridge Maintenance, Safety, Management, Digitalization and Sustainability ISBN: 9781003483755",,2024,CRC Press,BOOK_CHAPTER,Book chapters,8,other,8,,,10.1201/9781003483755-310,
101093939_320306_PUBLIHORIZON,101093939,Sensors,Ivan Izonin; Roman Muzyka; Roman Tkachenko; Ivanna Dronyuk; Kyrylo Yemets; Stergios Aristoteles Mitoulis,,Sensors,,2024,MDPI AG,PEER_REVIEWED_ARTICLE,Peer reviewed articles,2,peer rewied article,2,,,10.3390/S24154762,1424-8220
101093939_320321_PUBLIHORIZON,101093939,Cause-agnostic bridge damage state identification utilising machine learning,"Athanasia K. Kazantzi, Sokratis Moutsianos, Konstantinos Bakalis, Stergios-Aristoteles Mitoulis",320,Engineering Structures,,2024,Elsevier BV,PEER_REVIEWED_ARTICLE,Peer reviewed articles,2,peer rewied article,2,,,10.1016/J.ENGSTRUCT.2024.118887,0141-0296
101093939_320314_PUBLIHORIZON,101093939,Flood fragility assessment of bridges—Unified framework,"Athanasia K. Kazantzi, Konstantinos Bakalis, Stergios-Aristoteles Mitoulis",262,Reliability Engineering &amp; System Safety,,2025,Elsevier BV,PEER_REVIEWED_ARTICLE,Peer reviewed articles,2,peer rewied article,2,,,10.1016/J.RESS.2025.111196,0951-8320
101093939_71520_PUBLIHORIZON,101093939,Transportation Research Part D: Transport and Environment,"Mitoulis, S-A; Bompa, DV; Argyroudis, S",,Crossref,,2023,Pergamon Press Ltd.,PEER_REVIEWED_ARTICLE,Peer reviewed articles,2,peer rewied article,2,,,10.1016/j.trd.2023.103800,1361-9209
101093939_320333_PUBLIHORIZON,101093939,An indicator-based multi-hazard risk assessment framework for urban-scale applications,"Despoina Skoulidou, Athanasia Kazantzi",,,,2024,Zenodo,CONFERENCE_PROCEEDING,Conference proceedings,3,conference proceedings,3,,,10.5281/ZENODO.12684492,
101093942_54010_PUBLIHORIZON,101093942,Global Environmental Change,"Haasnoot, Marjolijn; di Fant, Valeria; Lawrence, Judy; Kwakkel, Jan",volume 88,Global Environmental Change,,2024,Elsevier BV,OTHER,Other,8,other,8,,,10.1016/j.gloenvcha.2024.102907,0959-3780
101093942_365446_PUBLIHORIZON,101093942,Opportunity windows accelerate action and expand options for climate adaptation in Europe,"Valeria Di Fant, Hans Middelkoop, Karianne de Bruin, Ann-Kathrin Petersen, Bart van den Hurk, Marjolijn Haasnoot",7,Communications Earth &amp; Environment,,2026,Springer Science and Business Media LLC,PEER_REVIEWED_ARTICLE,Peer reviewed articles,2,peer rewied article,2,,,10.1038/S43247-026-03332-2,2662-4435
101093942_364580_PUBLIHORIZON,101093942,Using a dedicated adaptation financing process to close subnational adaptation finance gaps in Europe,"Kit England, Paul Watkiss, Alistair Hunt, Konstantinos Dellis, Sam Barrett, Richard Taylor, Stella Whittaker",242,Ecological Economics,,2025,Elsevier BV,PEER_REVIEWED_ARTICLE,Peer reviewed articles,2,peer rewied article,2,,,10.1016/J.ECOLECON.2025.108898,0921-8009
101094021_51207_PUBLIHORIZON,101094021,Co-creating a Citizen Science Toolkit for Climate Assemblies in Living Labs,"Vicens, J., Alvarez, N., Bertomeu, F., & Laniado, D.",,Openlivinglab Days Conference 2023,,2023,European Network of Living Labs,CONFERENCE_PROCEEDING,Conference proceedings,3,conference proceedings,3,,,10.5281/ZENODO.12530620,
101094021_325779_PUBLIHORIZON,101094021,The CLIMAS project toolbox for climate adaptation and resilience,"Kyriaki Maria Fameli, Anna Maria Kotrikl, Amalia Polydoropoulou, Floridea Di Ciommo, Azizur Rahman, Aelita Skaržauskienė, Monika Mačiulienė , Gintarė Gulevičiūtė",,ERSA Congress proceedings,,2025,ERSA,CONFERENCE_PROCEEDING,Conference proceedings,3,conference proceedings,3,,,,
101094021_60826_PUBLIHORIZON,101094021,Assessment of users’ behavior in Lithuanian online communities,"Aelita Skarzauskiene and Monika Mačiulienė - Faculty of Creative Industries, Vilnius Gediminas Technical University, Vilnius, Lithuania",volume 14  - 2023,Frontiers in Psychology,,2023,Frontiers Research Foundation,PEER_REVIEWED_ARTICLE,Peer reviewed articles,2,peer rewied article,2,,,10.3389/FPSYG.2023.1265341,1664-1078
101094021_325778_PUBLIHORIZON,101094021,Measuring the Impact of Climate Assemblies Through Participant Surveys,"Kyriaki - Maria Fameli, Anna-Maria Kotrikla, Amalia Polydoropoulou, Georgia Priniotaki, Dimitrios Mpontozis, Monica Mačiulienė, Gintare Gulevičiūtė, Julia Hoffman, Constantin Schaefer, Ariana Apine, Ingrīda Strazdiņa, Floridea Di Ciommo",19,"Global NEST International Conference on Environmental Science &amp; Technology, International Conference on Environmental Science and Technology Proceedings",,2025,Cosmos S.A.,CONFERENCE_PROCEEDING,Conference proceedings,3,conference proceedings,3,,,10.30955/GNC2025.00218,
101094021_325772_PUBLIHORIZON,101094021,Climate Change Adaptation: What is Driving Us Into Action?,"Monika Mačiulienė, Aelita Skaržauskienė, Kristina Kovaitė",19,Contemporary Economics,,2025,University of Economics and Human Sciences in Warsaw,CONFERENCE_PROCEEDING,Conference proceedings,3,conference proceedings,3,,,10.5709/CE.1897-9254.551,2300-8814
101094021_325793_PUBLIHORIZON,101094021,Citizen participation in climate politics. Drivers and barriers of Climate Assemblies in Europe,"Erich Griessler, Maria Alonso Raposo, Lucia Cristea, Floridea Di Ciommo, Elisabeth Frankus, Liliana Denisa Andrei, Shauna Stack",6,Open Research Europe,,2026,F1000 Research Ltd,PEER_REVIEWED_ARTICLE,Peer reviewed articles,2,peer rewied article,2,,,10.12688/OPENRESEUROPE.21452.1,2732-5121
101094021_327705_PUBLIHORIZON,101094021,Enhancing Municipal Climate Adaptation: Evaluating Communication Strategies in Lithuanian Cities,"Monika Mačiulienė, Aelita Skaržauskienė, Kristina Kovaitė, Paulius Šūmakaris",,Urban Transitions,,2026,Elsevier BV,PEER_REVIEWED_ARTICLE,Peer reviewed articles,2,peer rewied article,2,,,10.1016/J.UBTR.2026.100027,3050-6972
101094021_325773_PUBLIHORIZON,101094021,Shaping climate action and solutions with local communities: the experience of Adaptation AGORA and CLIMAS projects under the umbrella of the EU Mission Adaptation to Climate Change,"Paola Mercogliano, Alfredo Reder, Arianna Acierno, Marina Mattera, Marianna Adinolfi, Marta Ellena, Antonella Mele, Julian Vicens, Ferran Bertomeu, Nil Alvarez, David Laniado, Anna Maria Kotrikla, Kyriaki Maria Fameli, Amalia Polydoropoulou, Havva Ebrahimi Pour, Floridea Di Ciommo",,,,2025,Copernicus GmbH,CONFERENCE_PROCEEDING,Conference proceedings,3,conference proceedings,3,,,10.5194/EGUSPHERE-EGU25-11843,
101094021_358411_PUBLIHORIZON,101094021,Climate Change Adaptation: What is Driving Us Into Action?,"Mačiulienė, Monika; Skaržauskienė, Aelita; Kovaitė, Kristina",19,Contemporary Economics,,2025,University of Economics and Human Sciences in Warsaw,PEER_REVIEWED_ARTICLE,Peer reviewed articles,2,peer rewied article,2,,,10.5709/CE.1897-9254.551,2300-8814
101094021_325770_PUBLIHORIZON,101094021,Co-creating tomorrow: Participatory democracy and future scenario-building as catalysts for inclusive communication,"Havva Ebrahimi Pour, Carina Veeckman, Dorottya Varga, Ilse Marien",,10th ECREA European Communication Conference 2024 (conference proceedings),,2024,ECREA,CONFERENCE_PROCEEDING,Conference proceedings,3,conference proceedings,3,,,,
101094021_51206_PUBLIHORIZON,101094021,Framing Citizen Science for Climate Assemblies,"A. Skarzauskiene, G. Rondinella, F. du Ciommo, M. Mačiulienė, M. A. Rahman and Y. B. Abati",,"2023 8th International Conference on Smart and Sustainable Technologies (SpliTech), 2023",,2023,IEEE,CONFERENCE_PROCEEDING,Conference proceedings,3,conference proceedings,3,,,10.23919/SPLITECH58164.2023.10193044,
101094021_325780_PUBLIHORIZON,101094021,Future scenario building for a climate resilient society,"KOTRIKLA, A. M., Fameli, K. M., Polydoropoulou, A., Ebrahimi Pour, H., Veeckman, C., Maciuliene, M., Gulevičiūtė, G., Skarzauskiene, A., Kovaitė, K., Di Ciommo, F., & Rahman, A",,64th ERSA Congress Conference Proceedings,,2025,64th European Regional Science Association Congress (ERSA2025),CONFERENCE_PROCEEDING,Conference proceedings,3,conference proceedings,3,,,10.5281/ZENODO.17801790,
101094021_325781_PUBLIHORIZON,101094021,AI-Enhanced Stakeholder Engagement for Climate Adaptation: Evidence from Lithuania,Monika Maciuliene,5,International Conference on AI Research,,2025,Academic Conferences and Publishing International Ltd,PEER_REVIEWED_ARTICLE,Peer reviewed articles,2,peer rewied article,2,,,10.34190/ICAIR.5.1.4252,3049-5628
101094021_325782_PUBLIHORIZON,101094021,Assessing the effectiveness of climate assemblies: framework for measuring deliberative impact,"Aelita Skarzauskiene, Monika Mačiulienė, Kristina Kovaitė, Paulius Šūmakaris, Anna-Maria Kotrikla, Gintarė Gulevičiūtė, Kyriaki-Maria Fameli, Amalia Polydoropoulou, Rūta Balkė",7,Frontiers in Climate,,2025,Frontiers Media SA,PEER_REVIEWED_ARTICLE,Peer reviewed articles,2,peer rewied article,2,,,10.3389/FCLIM.2025.1680125,2624-9553
101094021_387468_PUBLIHORIZON,101094021,Integrating systems through words: a quantitative analysis of climate communication strategies across Lithuania's municipalities for sustainable development,"Monika Mačiulienė, Aelita Skaržauskienė, Kristina Kovaitė, Paulius Šūmakaris",,9th International Conference on Green Urbanism (GU9),,2025,IEREK,CONFERENCE_PROCEEDING,Conference proceedings,3,conference proceedings,3,,,,
101094021_54167_PUBLIHORIZON,101094021,Citizen engagement in climate adaptation surveyed: Identifying challenges in education and capacity building,"Skarzauskiene, Aelita   Mačiulienė, Monika   Kovaitė, Kristina",,European Journal of Education,,2024,John Wiley & Sons Ltd,PEER_REVIEWED_ARTICLE,Peer reviewed articles,2,peer rewied article,2,,,10.1111/EJED.12732,0141-8211
101112705_76029_PUBLIHORIZON,101112705,Bilbao flood proof district. Public-private partnership for urban redevelopment,"Srivastava, Varnika",,,,,Zenodo,OTHER,Other,8,other,8,,,10.5281/ZENODO.13836766,
101112705_76032_PUBLIHORIZON,101112705,Resilient Hampton. Financing green infrastructure with an environmental impact bond,"Machiels, Thomas",,,,,Zenodo,OTHER,Other,8,other,8,,,10.5281/ZENODO.13836681,
101112705_76024_PUBLIHORIZON,101112705,Clean Water Partnership. A community-based public-private partnership in Prince George's County (USA),"Machiels, Thomas",,,,,Zenodo,OTHER,Other,8,other,8,,,10.5281/ZENODO.13835334,
101112705_76035_PUBLIHORIZON,101112705,Gothenburg green bonds. The world's first municipal green bond,"Machiels, Thomas",,,,,Zenodo,OTHER,Other,8,other,8,,,10.5281/ZENODO.13836760,
101112705_76040_PUBLIHORIZON,101112705,Seychelles debt for nature swap Debt restructuring for marine conservation,"Srivastava, Varnika",,,,,Zenodo,OTHER,Other,8,other,8,,,10.5281/ZENODO.13836746,
101112705_76041_PUBLIHORIZON,101112705,Washington SRC trading program. A stormwater credit market to encourage green infrastructure development,"Machiels, Thomas",,,,,Zenodo,OTHER,Other,8,other,8,,,10.5281/ZENODO.13836667,
101112705_76033_PUBLIHORIZON,101112705,Groenfonds Midden-Delfland. A developer obligation-based investment fund to pay farmers for delivering green services,"Machiels, Thomas",,,,,Zenodo,OTHER,Other,8,other,8,,,10.5281/ZENODO.13836656,
101112705_76022_PUBLIHORIZON,101112705,Viveracqua Hydrobond. Pooled mini bonds,"Srivastava, Varnika",,,,,Zenodo,OTHER,Other,8,other,8,,,10.5281/ZENODO.13836748,
101112705_363703_PUBLIHORIZON,101112705,CF_D8 Investment Plans,"Energy and Environmental Consultancy, Stockholm Environment Institute, Paul Watkiss Associates, Stockholm Environment Institute",,,,,Zenodo,OTHER,Other,8,other,8,,,10.5281/ZENODO.17466212,
101112705_76031_PUBLIHORIZON,101112705,"Cloudburst Management Plan. Co-financing with public budget, water tariffs, and private financing in Copenhagen","Machiels, Thomas",,,,,Zenodo,OTHER,Other,8,other,8,,,10.5281/ZENODO.13836539,
101112705_76030_PUBLIHORIZON,101112705,"EcoMarkets, Australia. Offsetting for payments for ecosystem services","Srivastava, var",,,,,Zenodo,OTHER,Other,8,other,8,,,10.5281/ZENODO.13836555,
101112705_76027_PUBLIHORIZON,101112705,Sheffield Lower Don Valley Flood Defence. Leveraging public national funding through a business improvement district,"Machiels, Thomas",,,,,Zenodo,OTHER,Other,8,other,8,,,10.5281/ZENODO.13836708,
101112705_76025_PUBLIHORIZON,101112705,The Greater Cape Town Water Fund. A collective action model that pools public and private financing,"Machiels, Thomas",,,,,Zenodo,OTHER,Other,8,other,8,,,10.5281/ZENODO.13835320,
101112705_76039_PUBLIHORIZON,101112705,Wetland Mitigation Banking program. Offsetting for payment for ecosystem services,"Srivastava, Varnika",,,,,Zenodo,OTHER,Other,8,other,8,,,10.5281/ZENODO.13836754,
101112705_76034_PUBLIHORIZON,101112705,NICE GREEN Nagoya. Greenification Certificate System with financial incentives,"Machiels, Thomas",,,,,Zenodo,OTHER,Other,8,other,8,,,10.5281/ZENODO.13836644,
101112705_363700_PUBLIHORIZON,101112705,CF_D3 Interviews with with best practices of climate finance,"University of Antwerp, World Climate Foundation",,,,,Zenodo,OTHER,Other,8,other,8,,,10.5281/ZENODO.13744895,
101112705_440384_PUBLIHORIZON,101112705,Using a dedicated adaptation financing process to close subnational adaptation finance gaps in Europe,"Kit England, Paul Watkiss, Alistair Hunt, Konstantinos Dellis, Sam Barrett, Richard Taylor, Stella Whittaker",242,Ecological Economics,,2026,Elsevier BV,PEER_REVIEWED_ARTICLE,Peer reviewed articles,2,peer rewied article,2,,,10.1016/J.ECOLECON.2025.108898,0921-8009
101112705_76036_PUBLIHORIZON,101112705,Dorset Heathlands. Financing heathland mitigation with developer obligations,"Machiels, Thomas",,,,,Zenodo,OTHER,Other,8,other,8,,,10.5281/ZENODO.13836713,
101112705_76038_PUBLIHORIZON,101112705,Flood buyouts. Voluntary floodplain property sales for flood risk mitigation,"Srivastava, Varnika",,,,,Zenodo,OTHER,Other,8,other,8,,,10.5281/ZENODO.13836696,
101112705_363702_PUBLIHORIZON,101112705,CF_D1 Interviews with public authorities about climate adaptation finance,"Actierra, University of Antwerp, World Climate Foundation",,,,,Zenodo,OTHER,Other,8,other,8,,,10.5281/ZENODO.13744719,
101112705_363701_PUBLIHORIZON,101112705,CF_D2 financial and investment entities viewpoint and maturity about climate adaptation finance,"World Climate Foundation, University of Antwerp",,,,,Zenodo,OTHER,Other,8,other,8,,,10.5281/ZENODO.13744816,
101112705_76023_PUBLIHORIZON,101112705,Paris Climate Bond. Green bond to co-finance the Paris Climate and Energy Action Plan,"Machiels, Thomas",,,,,Zenodo,OTHER,Other,8,other,8,,,10.5281/ZENODO.13836685,
101112705_76026_PUBLIHORIZON,101112705,Project Finance for Permanence. Sustainable financing for conservation areas,"Machiels, Thomas",,,,,Zenodo,OTHER,Other,8,other,8,,,10.5281/ZENODO.13836731,
101112705_76042_PUBLIHORIZON,101112705,Edwards Aquifer Protection Program. Local options sales tax and green bonds for payment for ecosystem services,"Srivastava, Varnika",,,,,Zenodo,OTHER,Other,8,other,8,,,10.5281/ZENODO.13836770,
101112705_76037_PUBLIHORIZON,101112705,Reserva Particular do Patrimonio Natural Municipal (RPPNM). Transferable development rights to protect urban forests,Srivastava,,,,,Zenodo,OTHER,Other,8,other,8,,,10.5281/ZENODO.13836741,
101112728_148325_PUBLIHORIZON,101112728,IEEE Access,"Gkountakos, Konstantinos; Ioannidis, Konstantinos; Demestichas, Konstantinos; Vrochidis, Stefanos; Kompatsiaris, Ioannis (Yiannis)",12,IEEEAccess,,2024,Institute of Electrical and Electronics Engineers Inc.,PEER_REVIEWED_ARTICLE,Peer reviewed articles,2,peer rewied article,2,,,10.5281/ZENODO.14607944,2169-3536
101112728_148330_PUBLIHORIZON,101112728,BUILDING CLIMATE RESILIENCE IN MOUNTAIN REGIONS,"Xekalakis, Georgios; Anastasiou, Christos; Bügelmayer-Blaschek, Marianne; Molina López, Patricia; Gamallo-Paz, Isabel; Tötzer, Tanja; Pavone, Venera; Kazamia, Evi; Christou, Petros; Havlik, Denis",11,RSCy2025,,2025,ERASTOTHENES,OTHER,Other,8,other,8,,,10.5281/ZENODO.15058105,
101112728_606381_PUBLIHORIZON,101112728,"Analysis of Climate Change Indicators in Troodos Mountain Geopark, Cyprus: Quantitative and Qualitative Perspectives","Georgios Xekalakis, Christos Anastasiou, Petros Christou",1558,IOP Conference Series: Earth and Environmental Science,,2025,IOP Publishing,CONFERENCE_PROCEEDING,Conference proceedings,3,conference proceedings,3,,,10.1088/1755-1315/1558/1/012046,1755-1307
101112728_604821_PUBLIHORIZON,101112728,An Indicator Service Framework for assessing and integrating climate adaptation–mitigation interdependencies across spatial scales,"Ivan Murano, Gigliola D'Angelo, Venera Pavone, Paola Del Prete, Giulio Zuccaro",,,,2026,Copernicus GmbH,CONFERENCE_PROCEEDING,Conference proceedings,3,conference proceedings,3,,,10.5194/EGUSPHERE-EGU26-5739,
101112728_604819_PUBLIHORIZON,101112728,Climate-Resilient Land-Use Planning Across Heterogeneous Southern European Hazard Regions,"Georgios Xekalakis, Gigliola D’Angelo, Mattia Leone, Giulio Zuccaro, Marija Vurnek, Denis Havlik",15,Land,,2026,MDPI AG,PEER_REVIEWED_ARTICLE,Peer reviewed articles,2,peer rewied article,2,,,10.3390/LAND15081352,2073-445X
101112728_148404_PUBLIHORIZON,101112728,Analysis of flood compound events in the Andalusian Costa del Sol. A ClimEmpower Case Study,"Molina López, Patricia; Russo, Beniamino; D'Alessandro, Felice",,EGU conference proceedings,,2025,EGU,CONFERENCE_PROCEEDING,Conference proceedings,3,conference proceedings,3,,,10.5194/EGUSPHERE-EGU25-15647,
101112728_604820_PUBLIHORIZON,101112728,"""Fostering Climate-Resilient Development through Collaborative Practices: Insights from the CLIMEMPOWER Project in Sicily.&amp;#160;""","Venera Pavone, Giulio Zuccaro, Gigliola D'Angelo, Ivan Murano, Nicola Addabbo, Pietro Colonna, Vincenzo Petruso",,,,2025,Copernicus GmbH,CONFERENCE_PROCEEDING,Conference proceedings,3,conference proceedings,3,,,10.5194/EGUSPHERE-EGU25-20410,
101112728_148326_PUBLIHORIZON,101112728,ClimEmpower: User Driven Climate Applications Empowering Regional Resilience – One Year in,"Petricioli, Lucija; Pale, Predrag; Kezdorf, Vesna; Vurnek, Marija",5,"""SCIENTIFIC-EXPERT CONFERENCE """"Adaptations to climate change and preservation of marine ecosystems of the Adriatic Sea""""""",,2024,University Zadar,CONFERENCE_PROCEEDING,Conference proceedings,3,conference proceedings,3,,,10.5281/ZENODO.13889467,
101112728_31461_PUBLIHORIZON,101112728,ClimEmpower: User Driven Climate Applications Empowering Regional Resilience,"Petricioli, Lucija; Pale, Predrag; Kezdorf, Vesna; Vurnek, Marija",4,SCIENTIFIC-EXPERT CONFERENCE Adaptations to climate change and preservation of marine ecosystems of the Adriatic Sea,,2023,University of Zadar,CONFERENCE_PROCEEDING,Conference proceedings,3,conference proceedings,3,,,10.5281/ZENODO.11275947,
101112728_148328_PUBLIHORIZON,101112728,User-Driven Climate Resilience Across Southern European Regions,"Xekalakis, Georgios; Molina López, Patricia; Argamasilla Ruiz, Manuel; Tötzer, Tanja; Kaleta, Patrick; Karystinakis, Konstantinos; Moumtzidou, Anastasia; Forjan, Renata; Christou, Petros; Anastasiou, Christos; Pavone, Venera; D'angelo, Gigliola; Solano Cobos, Francisco; Bügelmayer-Blaschek, Marianne; Boutsis, Socrates; Vurnek, Marija; Murano, Ivan; del prete, paola; Kutschera, Peter; Leonidis, Dimitrios; Kazamia, Evi; Warde, Adam; Hawkes, James; Colonna, Pietro; Petruso, Vincenzo; Russo, Beniamino; LEONE, MATTIA FEDERICO; Schneider, Martin; Hochebner, Andrea; Zuccaro, Giulio; Havlik, Denis",13(1),Climate,,2024,MDPI,PEER_REVIEWED_ARTICLE,Peer reviewed articles,2,peer rewied article,2,,,10.3390/CLI13010002,2225-1154
101112728_148403_PUBLIHORIZON,101112728,InterJIA seminar. Pluvial and coastal coupled flood modelling: Case study in Costa del Sol Occidental,"Molina López, Patricia; Russo, Beniamino; D'Alessandro, Felice",1,Libro de resúmenes Seminario InterJIA,,2024,International Association for Hydro-Environmnet Engineering and Research,CONFERENCE_PROCEEDING,Conference proceedings,3,conference proceedings,3,,,10.5281/ZENODO.15095705,
101112731_161807_PUBLIHORIZON,101112731,The missing piece in restoring Europe's ecosystems: Urban riverscapes,"Niki Frantzeskaki, Simos Malamis",75,BioScience,,2024,Oxford University Press (OUP),PEER_REVIEWED_ARTICLE,Peer reviewed articles,2,peer rewied article,2,,,10.1093/BIOSCI/BIAE116,0006-3568
101112731_164944_PUBLIHORIZON,101112731,"Hydrological-hydraulic modelling to assess Nature-Based Solutions for flood risk mitigation in an urban area of Catania (Sicily, Italy)","L. Sciuto, F. Licciardello, E.R. Giuffrida, S. Barresi, V. Scavera, D. Verde, S. Barbagallo, G.L. Cirelli",7,Nature-Based Solutions,,2025,Elsevier BV,PEER_REVIEWED_ARTICLE,Peer reviewed articles,2,peer rewied article,2,,,10.1016/J.NBSJ.2024.100210,2772-4115
101112731_164948_PUBLIHORIZON,101112731,"Retrofitting interventions with Sustainable urban Drainage Solutions for the hydraulic risk mitigation: the case study of Catania (Sicily, Italy)","Sciuto, L., Rizzo, A.,Licciardello, F., Masi, F., Scavera, V., Barbagallo, S., Cirelli, G. L.",,,,2024,"16th International Conference on Urban Drainage, Delft",CONFERENCE_PROCEEDING,Conference proceedings,3,conference proceedings,3,,,,
101112731_164946_PUBLIHORIZON,101112731,Upgrading of the Dittaino River Conditions Assessment by Hydro-morphological Indices,"Emanuela Rita Giuffrida, Liviana Sciuto, Daniele Verde, Feliciana Licciardello, Salvatore Barbagallo, Giuseppe Luigi Cirelli",,"Lecture Notes in Civil Engineering, Biosystems Engineering Promoting Resilience to Climate Change - AIIA 2024 - Mid-Term Conference",,2025,Springer Nature Switzerland,CONFERENCE_PROCEEDING,Conference proceedings,3,conference proceedings,3,,,10.1007/978-3-031-84212-2_35,
101112731_161810_PUBLIHORIZON,101112731,"Premises, practices and politics of co-creation for urban sustainability transitions","Frantzeskaki, Niki; Collier, Marcus; Hölscher, Katharina; Gaziulusoy, Idil; Ossola, Alessandro; Albulescu, Patricia; Marcelline, Bonneau; Borgström, Sara; Connop, Stuart; Dumitru, Adina; Geneletti, Davide; Gorissen, Leen; Levin‑Keitel, Meike; MacIntyre, Tadhg; Macsinga, Irina; McQuaid, Siobhan; Tabory, Samuel; von Wirth, Timo; Vandergert, Paula; Vos, Peter; Penha‑Lopes, Gil; Säumel, Ina; Wachtel, Thomas; Wittmayer, Julia M",,Urban Transformations,,2025,Springer Nature,PEER_REVIEWED_ARTICLE,Peer reviewed articles,2,peer rewied article,2,,,10.1186/S42854-025-00075-9,2524-8162
101112731_164945_PUBLIHORIZON,101112731,"Assessing the Potential of Traditional Stone Weirs in Stormwater Management Through Integrated EO, In-situ and Crowdsourcing Data","Panagiotis Michalis, Stylianos Kossieris, Efthymios Papachristos, Konstantinos Petrakos, Fanourios-Nikolaos Sakellarakis, Georgios Tsimiklis, Angelos Amditis",,,,2025,Copernicus GmbH,CONFERENCE_PROCEEDING,Conference proceedings,3,conference proceedings,3,,,10.5194/EGUSPHERE-EGU25-1523,
101112731_164947_PUBLIHORIZON,101112731,Multicriteria Analysis to Locate Nature-Based Solutions for Runoff and Sediment Control: The Case Study of Pietrarossa River,"Liviana Sciuto, Emanuela Rita Giuffrida, Vincenzo Scavera, Giuseppe Longo-Minnolo, Giuseppe Luigi Cirelli, Salvatore Barbagallo, Feliciana Licciardello",,"Lecture Notes in Civil Engineering, Biosystems Engineering Promoting Resilience to Climate Change - AIIA 2024 - Mid-Term Conference",,2025,Springer Nature Switzerland,CONFERENCE_PROCEEDING,Conference proceedings,3,conference proceedings,3,,,10.1007/978-3-031-84212-2_34,
101112738_152042_PUBLIHORIZON,101112738,The influence of vegetation on the microstructure and erosivity of precipitation,Lana Radulović; Nejc Bezak; Mojca Šraj,,Acta hydrotechnica,,2023,Acta hydrotechnica,PEER_REVIEWED_ARTICLE,Peer reviewed articles,2,peer rewied article,2,,,10.15292/ACTA.HYDRO.2023.04,1581-0267
101112738_152044_PUBLIHORIZON,101112738,NbS for ecological and hydrological resilience in Upper Biebrza wetlands,,,,,2025,NetworkNature,CONFERENCE_PROCEEDING,Conference proceedings,3,conference proceedings,3,,,10.5281/ZENODO.15005455,
101112738_152041_PUBLIHORIZON,101112738,Geodesign to Address Floods and Droughts on a Landscape Scale: Insights from SpongeScapes,"Jajeh, Sana; Anderson, Carl; Albert, Christian",,,,2024,Zenodo,CONFERENCE_PROCEEDING,Conference proceedings,3,conference proceedings,3,,,10.5281/ZENODO.15052435,
101112738_148565_PUBLIHORIZON,101112738,SpongeScapes: Understanding the role of nature-based solutions in improving sponge functioning of landscapes – the case of regenerative agriculture,"Neeraj Sah, James Blake, Brenda D’Acunha, Vicky Bell, Jon Evans, Ross Morrison, Alejandro Dussaillant",599,E3S Web of Conferences,,2024,EDP Sciences,CONFERENCE_PROCEEDING,Conference proceedings,3,conference proceedings,3,,,10.1051/E3SCONF/202459905004,2267-1242
101112738_148566_PUBLIHORIZON,101112738,An evaluation of the stormwater runoff reduction of two distinct tree species to support urban greening as nature-based solutions,"Mark Bryan Alivio, Matej Radinja, Mojca Šraj, Nejc Bezak",107,Urban Forestry &amp; Urban Greening,,2025,Elsevier BV,PEER_REVIEWED_ARTICLE,Peer reviewed articles,2,peer rewied article,2,,,10.1016/J.UFUG.2025.128792,1618-8667
101112738_152043_PUBLIHORIZON,101112738,From Drainage to Water Retention - Advancing a Paradigm Shift Towards Sponge Landscapes for Enhanced Climate Resilience,"Penning, Ellis; Wittmann, Christopher; Fribourg-Blanc, Benoît; Dechelette, Chloé; Sear, David; Dussaillant, Alejandro",,,,2024,SpongeScapes,OTHER,Other,8,other,8,,,10.5281/ZENODO.14202903,
101112781_140774_PUBLIHORIZON,101112781,Futures,"Thaler, T.; Kaufmann, M.",,Futures,,2024,Elsevier BV,PEER_REVIEWED_ARTICLE,Peer reviewed articles,2,peer rewied article,2,,,10.1016/J.FUTURES.2024.103480,0016-3287
101112836_152490_PUBLIHORIZON,101112836,Attribution of summer 2022 extreme wildfire season in Southwest France to anthropogenic climate change,"Lanet, Marine; Li, Laurent; Ehret, Antoine; Turquety, Solène; Le Treut, Hervé",,npj Climate and Atmospheric Science,,2024,npj Climate and Atmospheric Science,PEER_REVIEWED_ARTICLE,Peer reviewed articles,2,peer rewied article,2,,,10.1038/S41612-024-00821-Z,2397-3722
101112836_155708_PUBLIHORIZON,101112836,Garonne River Behavior Under Climate Change and the Potential Adaptation Strategies,"Nazeer Asmael, Alain Dupuy, Sophie Leleu, Paul McLachlan, Francois Larroque, Michel Franceschi, Jean-François Bethoumieu, Nicolas Cardot",,"Water Science and Technology Library, Water Resources Management and Sustainability",,2025,Springer Nature Switzerland,BOOK_CHAPTER,Book chapters,8,other,8,,,10.1007/978-3-031-80520-2_14,
101112836_164873_PUBLIHORIZON,101112836,Measuring Infiltration Rates in Permeable Asphalt Pavement in Urban Landscapes,"Dansani Vasanthan Muttuvelu, Simon Wyke, Jes Vollertsen",28,KSCE Journal of Civil Engineering,,2025,Elsevier BV,PEER_REVIEWED_ARTICLE,Peer reviewed articles,2,peer rewied article,2,,,10.1007/S12205-024-0014-Y,1226-7988
101112837_385709_PUBLIHORIZON,101112837,"System innovation to address the urgency, scale and complexity of climate action: Climate KIC’s European vision and experience",Thanh-Tâm Lê,358,Comptes Rendus. Géoscience,,2026,MathDoc/Centre Mersenne,PEER_REVIEWED_ARTICLE,Peer reviewed articles,2,peer rewied article,2,,,10.5802/CRGEOS.329,1631-0713
101112837_415591_PUBLIHORIZON,101112837,The challenge of upscaling climate services: Towards a common framework,"Cristóbal Reveco Umaña, Jörg Cortekar et al.",42,Climate Services,,2026,ScienceDirect,PEER_REVIEWED_ARTICLE,Peer reviewed articles,2,peer rewied article,2,,,10.1016/J.CLISER.2026.100662,2405-8807
101112837_385723_PUBLIHORIZON,101112837,Integrating value systems and place-based characteristics in climate risk assessments,"Cristóbal Reveco, Joerg Cortekar, Chiara Trozzo, Martin Vokral, Lola Kotova, Eeva Kuntsi-Reunanen, Giulia Galluccio, Natalia Korhonen",7,Frontiers in Climate,,2025,Frontiers Media SA,PEER_REVIEWED_ARTICLE,Peer reviewed articles,2,peer rewied article,2,,,10.3389/FCLIM.2025.1719404,2624-9553
101112841_114401_PUBLIHORIZON,101112841,The state of the art and future of climate risk insurance modeling,"Michiel W. Ingels, W. J. Wouter Botzen, Jeroen C. J. H. Aerts, Jan Brusselaers, Max Tesselaar",1541,Annals of the New York Academy of Sciences,,2024,Wiley,PEER_REVIEWED_ARTICLE,Peer reviewed articles,2,peer rewied article,2,,,10.1111/nyas.15255,0077-8923
101112841_485691_PUBLIHORIZON,101112841,Less frequent but more intense summertime precipitation in Finland: results from a convection-permitting climate model,"Utriainen L., Virman M., Laakso A., Ritvanen J., Jylhä K. & Merikanto J",30,BOREAL ENVIRONMENT RESEARCH,,2025,Boreal Environment Research,PEER_REVIEWED_ARTICLE,Peer reviewed articles,2,peer rewied article,2,,,10.60910/ber2025.xv04-3n48,1797-2469
101112841_466981_PUBLIHORIZON,101112841,Assessing effects of nature-based and other municipal adaptation measures on insured heavy rain damages,"Vylon Ooms, Thijs Endendijk, Jeroen C. J. H. Aerts, W. J. Wouter Botzen, Peter J. Robinson",25,Natural Hazards and Earth System Sciences,,2025,Copernicus GmbH,PEER_REVIEWED_ARTICLE,Peer reviewed articles,2,peer rewied article,2,,,10.5194/NHESS-25-4283-2025,1684-9981
101112841_466982_PUBLIHORIZON,101112841,Behavioural public policy for natural disaster preparedness and the role of economic experiments,"Peter John Robinson, W. J. Wouter Botzen",12,Humanities and Social Sciences Communications,,2025,Springer Science and Business Media LLC,PEER_REVIEWED_ARTICLE,Peer reviewed articles,2,peer rewied article,2,,,10.1057/S41599-025-05086-2,2662-9992
101112841_516466_PUBLIHORIZON,101112841,Pro-social versus pro-self motivations for green roof adoption: Evidence from a discrete choice experiment,"Georges Farina, Peter J. Robinson, W.J. Wouter Botzen, Pieter Van Beukering",250,Ecological Economics,,2026,Elsevier BV,PEER_REVIEWED_ARTICLE,Peer reviewed articles,2,peer rewied article,2,,,10.1016/J.ECOLECON.2026.109146,0921-8009
101112841_485653_PUBLIHORIZON,101112841,Expanding CMCC seasonal prediction system v3.5 applications to the local scale through statistical downscaling techniques,"Leonardo Aragão, Andrea Borrelli, Silvio Gualdi",336,Atmospheric Research,,2026,Elsevier BV,PEER_REVIEWED_ARTICLE,Peer reviewed articles,2,peer rewied article,2,,,10.1016/J.ATMOSRES.2026.108811,0169-8095
101112859_241518_PUBLIHORIZON,101112859,Spatial variability of hydraulic conductivity of the Cretaceous aquifer in Belgium,"Miguel Moreno Gómez, Gert Ghysels, Syed M.T. Mustafa, Simon Six, Alexander Vandenbohede, Tom Diez, Dirk Gijsbert Cirkel, Marijke Huysmans",60,Journal of Hydrology: Regional Studies,,2025,Elsevier BV,PEER_REVIEWED_ARTICLE,Peer reviewed articles,2,peer rewied article,2,,,10.1016/J.EJRH.2025.102462,2214-5818
101112859_424941_PUBLIHORIZON,101112859,Climate Projections and Temperature Evolution in the Canary Islands: High Resolution Analysis at Island Scale,Noelia Cruz‐Pérez; Joselin S. Rodríguez‐Alcántara; Susana Clavijo‐Núñez; César Paradinas‐Blázquez; Juan C. Santamarta,,International Journal of Climatology,,2025,International Journal of Climatology,PEER_REVIEWED_ARTICLE,Peer reviewed articles,2,peer rewied article,2,,,10.1002/JOC.70139,1097-0088
101112859_424945_PUBLIHORIZON,101112859,Spatial variability of hydraulic conductivity of the Cretaceous aquifer in Belgium,"Miguel Moreno Gómez, Gert Ghysels, Syed M.T. Mustafa, Simon Six, Alexander Vandenbohede, Tom Diez, Dirk Gijsbert Cirkel, Marijke Huysmans",60,Journal of Hydrology: Regional Studies,,2025,Elsevier BV,PEER_REVIEWED_ARTICLE,Peer reviewed articles,2,peer rewied article,2,,,10.1016/J.EJRH.2025.102462,2214-5818
101112859_424944_PUBLIHORIZON,101112859,Climate projections of intensifying heat waves in the Canary Islands by 2100 (Spain),"Joselin S. Rodríguez-Alcántara, Noelia Cruz-Pérez, Susana Clavijo-Núñez, Juan C. Santamarta",26,Regional Environmental Change,,2026,Springer Science and Business Media LLC,PEER_REVIEWED_ARTICLE,Peer reviewed articles,2,peer rewied article,2,,,10.1007/S10113-026-02553-7,1436-3798
101112860_344526_PUBLIHORIZON,101112860,Harmonizing Living Lab Services: Towards consolidated service portfolio,"Santonen Teemu, Despoina Petsani, Vasileia Petronikolou, Desole Martina, Bamidis Panagiotis, Konsdtantinidis Evdokimos",,Proceedings of the XXXV ISPIM Innovation Conference,,2024,The International Society for Professional Innovation Management Ltd,CONFERENCE_PROCEEDING,Conference proceedings,3,conference proceedings,3,,,,
101112860_164511_PUBLIHORIZON,101112860,Cooking unforgettable experiences: sensory marketing in slow food restaurants,"Mariana Alves Santos, Ana Dopico-Parada, Pablo Cabanelas",,European Journal of Management and Business Economics,,2025,Emerald,PEER_REVIEWED_ARTICLE,Peer reviewed articles,2,peer rewied article,2,,,10.1108/EJMBE-05-2024-0174,2444-8451
101112860_140548_PUBLIHORIZON,101112860,Value tensions and actionable knowledge in grassroots innovation: a study of invitational ambiguity and implementation challenges,"Gabriella Esposito, Paola De Bernardi, Alberto Bertello, Demetris Vrontis",29,Journal of Knowledge Management,,2024,Emerald,PEER_REVIEWED_ARTICLE,Peer reviewed articles,2,peer rewied article,2,,,10.1108/JKM-04-2024-0385,1367-3270
101112860_140550_PUBLIHORIZON,101112860,Towards Living Lab Value Proposition: Living lab Experts’ Perceptions of Living Lab Value,"Teemu Santonen, Vasileia Petronikolou, Despoina Petsani, Sarantis Dimitriadis, Panagiotis Bamidis, Evdokimos Konsdtantinidis",12,Journal of Innovation Management,,2024,University of Porto,PEER_REVIEWED_ARTICLE,Peer reviewed articles,2,peer rewied article,2,,,10.24840/2183-0606_012.003_0011,2183-0606
101112860_344493_PUBLIHORIZON,101112860,Understanding the determinants of sustainable consumption behavior: Insights from a meta and weight analysis,"Catarina Neves, Tiago Oliveira, Fernando Santini",393,Journal of Environmental Management,,2025,Elsevier BV,PEER_REVIEWED_ARTICLE,Peer reviewed articles,2,peer rewied article,2,,,10.1016/J.JENVMAN.2025.126932,0301-4797
101112860_381452_PUBLIHORIZON,101112860,Toward circular economy: Investigating citizens’ willingness to use digital product passports,"João Simões, Catarina Neves, Tiago Oliveira, Hossein Azadi, Imaneh Goli",4,Green Technologies and Sustainability,,2026,Elsevier BV,PEER_REVIEWED_ARTICLE,Peer reviewed articles,2,peer rewied article,2,,,10.1016/J.GRETS.2026.100393,2949-7361
101112860_140549_PUBLIHORIZON,101112860,Analyzing Climate Change Mitigation and Adaptation Strategies in the Agri-Food Value Chain: A Systematic Literature Review,"Paola De Bernardi, Gabriella Esposito, Martina Panero, Caterina Marcacci",,Proceedings IFKAD 2024 - Translating Knowledge into Innovation Dynamics,,2024,Gustavo Morales-Alonso; Giovanni Schiuma,CONFERENCE_PROCEEDING,Conference proceedings,3,conference proceedings,3,,,,
101112860_381451_PUBLIHORIZON,101112860,"How Does Social Identity Influence Experiential Value, Customer Satisfaction, and Post-Purchase Intentions in Portuguese Slow Food Restaurants?","Mariana Santos, Ana Dopico-Parada, Pablo Cabanelas",26,Cuadernos de Gestión,,2026,Enpresa Institutua - Instituto de Economia Aplicada a la Empresa,PEER_REVIEWED_ARTICLE,Peer reviewed articles,2,peer rewied article,2,,,10.5295/CDG.252478AD,1131-6837
101112860_344524_PUBLIHORIZON,101112860,Exploring Service Categorization Across Thematic Domains in Living Labs,"Santonen Teemu, Petsani Despoina, Bamidis Panagiotis, Konsdtantinidis Evdokimos",,Proceedings of ISPIM Connects Osaka – Connecting and Empowering Society,,2024,The International Society for Professional Innovation Management Ltd,CONFERENCE_PROCEEDING,Conference proceedings,3,conference proceedings,3,,,,
101112860_344525_PUBLIHORIZON,101112860,Alignment of Living Lab Process with Technology Readiness Levels,"Santonen Teemu, Petsani Despoina, Bamidis Panagiotis, Konsdtantinidis Evdokimos",,Proceedings of XXXVI ISPIM Innovation Conference,,2025,The International Society for Professional Innovation Management Ltd,CONFERENCE_PROCEEDING,Conference proceedings,3,conference proceedings,3,,,,
101112867_357515_PUBLIHORIZON,101112867,"Sustainable Insurance. Principles, Rules and Policy Recommendations.","Marina Lehmann, Barbara Lesniewska, Bernhard Schauberger",1/2026,Zeitschrift für Umweltpolitik & Umweltrecht,,2026,dfv Mediengruppe,MONOGRAPHIC_BOOK,Monographic books,8,other,8,,,10.13140/RG.2.2.29967.04009,
101112867_357512_PUBLIHORIZON,101112867,Financing Urban Transitions to Climate Neutrality and Increased Resilience in Cities,"Peter B. Meyer, Oleksandr Sushchenko, Zehra Yakut, Paolo Bertoldi, Reimund Schwarze, Benjamin Leffel, Pedro Ninô de Carvalho, Ahmad Garba Khaleel, Joyce Coffee, Jesse M. Keenan, William Solecki, Minal Pathak, Martha Barata, Aliyu Salisu Barau, Maria Dombrov, Cynthia Rosenzweig",,,,2026,Cambridge University Press,CONFERENCE_PROCEEDING,Conference proceedings,3,conference proceedings,3,,,10.1017/9781009589147,
101112867_330922_PUBLIHORIZON,101112867,Policy Recommendation on Sustainable Insurance – principles and rules (1),,,,,,OpenAIRE,OTHER,Other,8,other,8,,,,
101112867_357493_PUBLIHORIZON,101112867,An ontology-centered approach to climate loss data integration and analytics,"Luis Caetano, Kristian Skeie, Reidar Kind, Berit Time, Oihana Luque",137,International Journal of Disaster Risk Reduction,,2026,Elsevier BV,PEER_REVIEWED_ARTICLE,Peer reviewed articles,2,peer rewied article,2,,,10.1016/J.IJDRR.2026.106096,2212-4209
101112906_214316_PUBLIHORIZON,101112906,Suitability of different in-water algorithms for eutrophic and absorbing waters applied to Sentinel-2 MSI and Sentinel-3 OLCI data,"Ave Ansper-Toomsalu, Mirjam Uusõue, Kersti Kangro, Martin Hieronymi, Krista Alikas",5,Frontiers in Remote Sensing,,2024,Frontiers Media SA,PEER_REVIEWED_ARTICLE,Peer reviewed articles,2,peer rewied article,2,,,10.3389/FRSEN.2024.1423332,2673-6187
101112906_220085_PUBLIHORIZON,101112906,Land requirements for floodplain development and restoration in Europe,"Scholz, M., de Moraes Bonilha, O., Stammel, B., Damm, C., Henle, K., Kaden, U.S., Korinth, H., Schulz-Zunkel, C., Tschikof, M., Kasperidus, H.D.",,"9th conference of the European chapter of the Society of Wetland Scientists. Wetlands across timescales. Book of Abstract. June 24-26, 2024, Goniądz, Poland",,2024,SWS Europe Chapter,CONFERENCE_PROCEEDING,Conference proceedings,3,conference proceedings,3,,,,
101112919_339514_PUBLIHORIZON,101112919,"Dynamics, predictability, impacts, and climate change considerations of the catastrophic Mediterranean Storm Daniel (2023)","Flaounas, Emmanouil; Dafis, Stavros; Davolio, Silvio; Faranda, Davide; Ferrarin, Christian; Hartmuth, Katharina; Hochman, Assaf; Koutroulis, Aristeidis; Khodayar, Samira; Miglietta, Mario Marcello; Pantillon, Florian; Patlakas, Platon; Sprenger, Michael; Thurnherr, Iris",,Weather and Climate Dynamics,,2024,EGU,PEER_REVIEWED_ARTICLE,Peer reviewed articles,2,peer rewied article,2,,,10.5194/WCD-6-1515-2025,2698-4016
101112919_482191_PUBLIHORIZON,101112919,From maritime scholarship to marine governance: Academic contributions to marine spatial planning in Spain,"Fraile Jurado, Pablo",,Marine Policy,,2026,Science Direct,PEER_REVIEWED_ARTICLE,Peer reviewed articles,2,peer rewied article,2,,,10.1016/J.MARPOL.2026.107083,1872-9460
101112919_339512_PUBLIHORIZON,101112919,OCEANIDS: Empowering Citizen-Driven Climate Resilience and Inclusive Governance for a Sustainable Blue Economy in Mediterranean Coastal Regions,"Marinou, Eirini; Kolokoussis, Polychronis; KONTOPOULOS, CHRISTOS; Charalampopoulou, Vasiliki (Betty)",,Crossref,,2026,Zenodo,OTHER,Other,8,other,8,,,10.5281/ZENODO.12700981,
101112919_238301_PUBLIHORIZON,101112919,"Seismic vulnerability and economic losses for the port of Heraklion, Crete","Poalas Angelos-Alexandros, Pantousa Daphne, Skoulidou Despoina, Vamvatsikos Dimitrios",,6th Panhellenic Conference on Earthquake Engineering and Seismology (ΠΣΑΜΤΣ),,2025,Zenodo,CONFERENCE_PROCEEDING,Conference proceedings,3,conference proceedings,3,,,10.5281/ZENODO.17249220,
101112919_218046_PUBLIHORIZON,101112919,OCEANIDS: Empowering Citizen-Driven Climate Resilience and Inclusive Governance for a Sustainable Blue Economy in Mediterranean Coastal Regions,"Eirini Marinou, Polychronis Kolokoussis, Christos Kontopoulos, Vasiliki (Betty) Charalampopoulou",,,,2024,Copernicus GmbH,OTHER,Other,8,other,8,,,10.5194/EGUSPHERE-PLINIUS18-47,
101112919_339517_PUBLIHORIZON,101112919,Resilience and inclusive pathways to a blue economy in coastal regions,"Fraile, Pablo; Prados, María-José; Del Valle, Carolina; Suárez, Juan Luis; Kontopoulos, Christos; Charalampopoulou, Betty",,35th International Geographical Congress 2024 (IGU),,2024,Zenodo,OTHER,Other,8,other,8,,,10.5281/ZENODO.15512617,
101112919_339516_PUBLIHORIZON,101112919,Innovative coastal management: leveraging AI and satellite imagery for monitoring urban and port environments within the OCEANIDS project,"Marinou, Eirini; Magkoufis, Efthymios; KONTOPOULOS, CHRISTOS; Charalampopoulou, Vasiliki (Betty)",,Eleventh International Conference on Remote Sensing and Geoinformation of the Environment (RSCy2025),,2025,SPIE,PEER_REVIEWED_ARTICLE,Peer reviewed articles,2,peer rewied article,2,,,10.1117/12.3073311,1996-756X
101112919_339515_PUBLIHORIZON,101112919,"Seismic vulnerability and economic losses for the port of Heraklion, Crete","Poalas, Angelos-Alexandros; Pantousa, Daphne, Dafni; Skoulidou, Despoina; Vamvatsikos, Dimitrios",,6th Panhellenic Conference on Earthquake Engineering and Seismology (ΠΣΑΜΤΣ),,2025,Zenodo,CONFERENCE_PROCEEDING,Conference proceedings,3,conference proceedings,3,,,10.5281/ZENODO.17249220,
101112919_197275_PUBLIHORIZON,101112919,OCEAN-DC: AN ANALYSIS READY DATA CUBE FRAMEWORK FOR ENVIRONMENTAL AND CLIMATE CHANGE MONITORING OVER THE PORT AREAS,Ioannis Kavouras; Ioannis Rallis; Nikolaos Bakalos; Anastasios Doulamis,,,,2024,Zenodo,CONFERENCE_PROCEEDING,Conference proceedings,3,conference proceedings,3,,,10.48550/ARXIV.2405.06730,
101112919_197266_PUBLIHORIZON,101112919,Assessing Coastal Degradation Through Spatiotemporal Earth Observation Data Cubes Analytics and Multidimensional Visualization,"Ioannis Kavouras, Ioannis Rallis, Nikolaos Bakalos, Anastasios Doulamis",13,Journal of Marine Science and Engineering,,2025,MDPI AG,PEER_REVIEWED_ARTICLE,Peer reviewed articles,2,peer rewied article,2,,,10.3390/JMSE13071239,2077-1312
101112919_339521_PUBLIHORIZON,101112919,Assessing Coastal Heritage Vulnerability to Sea-Level Rise in the Mediterranean: A Semi-Quanti-tative Review Towards Usable Knowledge and In-tegrated Adaptation Frameworks,"Fraile Jurado, Pablo, María José Prados-Velasco, Eirini Marinou, and Betty Charalampopoulou",17(1),European Journal of Geography,,2026,European Journal of Geography,PEER_REVIEWED_ARTICLE,Peer reviewed articles,2,peer rewied article,2,,,10.48088/EJG.P.FRA.17.1.035.047,1792-1341
101112919_238294_PUBLIHORIZON,101112919,Innovative coastal management: leveraging AI and satellite imagery for monitoring urban and port environments within the OCEANIDS project,"Eirini Marinou, Efthymios Magkoufis, Christos Kontopoulos, Vasiliki Charalampopoulou",,Eleventh International Conference on Remote Sensing and Geoinformation of the Environment (RSCy2025),,2025,SPIE,CONFERENCE_PROCEEDING,Conference proceedings,3,conference proceedings,3,,,10.1117/12.3073311,
101112919_294475_PUBLIHORIZON,101112919,Resilience and inclusive pathways to a blue economy in coastal regions,"Fraile, Pablo; Prados, María-José; Del Valle, Carolina; Suárez, Juan Luis; Kontopoulos, Christos; Charalampopoulou, Betty",,International Geographical Congress,,2025,International Geographical Congress,CONFERENCE_PROCEEDING,Conference proceedings,3,conference proceedings,3,,,10.5281/ZENODO.15512617,
101112919_294474_PUBLIHORIZON,101112919,Integrating Remote Sensing Products and Advanced Methodological Models for Resilient Blue Economy: The OCEANIDS Approach,"Marinou, Eirini; Kolokoussis, Polychronis; KONTOPOULOS, CHRISTOS; Charalampopoulou, Vasiliki (Betty)",,43rd EARSeL Symposium (EARSeL),,2024,EARSeL,OTHER,Other,8,other,8,,,10.5281/ZENODO.12701314,
101112919_365070_PUBLIHORIZON,101112919,An LLM-Constructed Database of Natural Disasters' Impacts,"Palaiologos Konstantinos, Raptis Panagiotis Ioannis, Lampropoulos Giorgos, Flaounas Emmanouil",,,,2026,Zenodo,CONFERENCE_PROCEEDING,Conference proceedings,3,conference proceedings,3,,,10.5281/ZENODO.19592046,
101112919_339513_PUBLIHORIZON,101112919,Ocean-DC: An analysis ready data cube framework for environmental and climate change monitoring over the port areas,"Kavouras, Ioannis; Rallis, Ioannis; Doulamis, Nikolaos; Doulamis, Anastasios",,Proceedings of the 17th International Conference on PErvasive Technologies Related to Assistive Environments,,2024,ACM digital library,PEER_REVIEWED_ARTICLE,Peer reviewed articles,2,peer rewied article,2,,,10.48550/ARXIV.2405.06730,2168-4081
101112919_218045_PUBLIHORIZON,101112919,"OCEANIDS: Utilizing Copernicus Satellite Imagery Open Data Infrastructures for User-driven applications and Tools for Climate-Informed Maritime Spatial Planning and Integrated Seascape Management, towards a Resilient &amp;amp; Inclusive Blue Economy.","Vasiliki Charalampopoulou, Eirini Marinou, Christos Kontopoulos, Pol Kolokoussis",,,,2025,Copernicus GmbH,OTHER,Other,8,other,8,,,10.5194/EGUSPHERE-EGU24-2538,
101112919_294476_PUBLIHORIZON,101112919,Mediterranean Cyclones in a Changing Climate: A Review on Their Socio‐Economic Impacts,"Khodayar, Samira; Kushta, Jonilda; Catto, Jennifer L.; Dafis, Stavros; Davolio, Silvio; Ferrarin, Christian; Flaounas, Emmanouil; Groenemeijer, Pieter; Hatzaki, Maria; Hochman, Assaf; Kotroni, Vassili",,Reviews of Geophysics,,2024,AGU,PEER_REVIEWED_ARTICLE,Peer reviewed articles,2,peer rewied article,2,,,10.22541/ESSOAR.172202069.91367609/V1,1944-9208
101139598_595114_PUBLIHORIZON,101139598,One Pocket at a time: A practical guide to Pocket Parks for Urban Greening and Resilience,"""""""Nicole Ponce, Fitsum Gelalye, Nilofer Tajuddin (Resilient Cities Network) Kirsten Smith, Alec Michaelis, Martin Shouler (Arup)  Hans Gehrels (Deltares)""""""",,,,2026,Resilient Cities Network,MONOGRAPHIC_BOOK,Monographic books,8,other,8,,,,
101139598_595115_PUBLIHORIZON,101139598,A justice evaluation framework for the participatory planning and implementation of nature-based solutions,"ARIANNA FELICIANI, DAVID CAMACHO-CABALLERO, JOHANNES LANGEMEYER",10,Nature-Based Solutions,,2026,Elsevier BV,PEER_REVIEWED_ARTICLE,Peer reviewed articles,2,peer rewied article,2,,,10.1016/J.NBSJ.2026.100359,2772-4115
101139636_217435_PUBLIHORIZON,101139636,Proximity in practice,Chiara Martinuzzi,,,,,ReGreeneration Website,OTHER,Other,8,other,8,,,,
101139711_215772_PUBLIHORIZON,101139711,Urban Greening and Renaturing towards Climate Neutrality: the URBREATH approach,"Giuseppe Ciulla, Alessandro Deserti, Roberto Di Bernardo, Alice Iordache, Mario Lovric, Francesco Mureddu and Francesca Rizzo",,EGOV-CeDEM- ePart 2024,,2024,zenodo,CONFERENCE_PROCEEDING,Conference proceedings,3,conference proceedings,3,,,10.5281/ZENODO.15828497,
101139711_215822_PUBLIHORIZON,101139711,Highlighting the Technical Dimension of Living Labs: Cluj-Napoca Workshop Insights,Jurgen Silence,,,,2025,zenodo,OTHER,Other,8,other,8,,,10.5281/ZENODO.15829381,
101139711_215821_PUBLIHORIZON,101139711,Building Inclusive and Climate-Resilient Cities: Insights from Nature-Based Solutions Projects Across Europe,Lars Petrova-Taylor,,,,2025,zenodo,OTHER,Other,8,other,8,,,10.5281/ZENODO.15829366,
101139711_215789_PUBLIHORIZON,101139711,Poster presenting the projects under the same Cluster,ATC,,Third Forum for the Mission on Adaptation to Climate Change,,2024,zenodo,OTHER,Other,8,other,8,,,10.5281/ZENODO.15834988,
101139711_215818_PUBLIHORIZON,101139711,"Rethinking Urban Spaces: How Nature, Community, and Innovation Are Shaping Cluj’s Green Transformation","Liviu Purtător,  Codrut Papina, Alexandra Poliec",,,,2025,zenodo,OTHER,Other,8,other,8,,,10.5281/ZENODO.15829168,
101139711_215749_PUBLIHORIZON,101139711,Breaking Silos: A Systemic Portfolio Approach and Digital Tool for Collaborative Urban Decarbonisation,"Manuel Alméstar, Sara Romero-Muñoz, Nieves Mestre",17,Sustainability,,2025,MDPI AG,PEER_REVIEWED_ARTICLE,Peer reviewed articles,2,peer rewied article,2,,,10.5281/ZENODO.15828497,2071-1050
101139711_215788_PUBLIHORIZON,101139711,"Meteorological Early warning systems, a tailor-made tool for climate change adaptation","Toni Rubio, Emma Gaitán, Robert Monjo, Carlos Carravilla, Sonia Rubio",,"13th AECLIM Congress - Climate change and society: from basic science to climate services, Madrid (Spain)",,2024,zenodo,OTHER,Other,8,other,8,,,10.5281/ZENODO.15837809,
101139711_215787_PUBLIHORIZON,101139711,Co- Creation of Nature Based Solutions for Managing snowmelt runoff in Urban Environments,"Ella Lukkari, Henna-Mari Laurila, KAMK UAS",,7th Nordic Conference on Climate Change Adaptation,,2025,Zenodo,OTHER,Other,8,other,8,,,10.5281/ZENODO.15834728,
101139711_215809_PUBLIHORIZON,101139711,Social report of Villaverde “Imaginarios de Villaverde”,"Marisol Mena, Paula Jiménez, Begoña Pernas (Gea21, SL), Gonzalo Navarrete, Clara Majadas",,,,2025,zenodo,OTHER,Other,8,other,8,,,10.5281/ZENODO.15828996,
101139711_215820_PUBLIHORIZON,101139711,Integrating Digital Twins and Creative Methods in Urban Co-Design: A Living Lab Workshop Experience in Cluj-Napoca”,"Jurgen Silence, Max Beijneveld",,,,2025,zenodo,OTHER,Other,8,other,8,,,10.5281/ZENODO.15829209,
101139711_215824_PUBLIHORIZON,101139711,URBREATH poster presenting the objectives,ATC,,Cities Mission Conference 2024,,2024,zenodo,OTHER,Other,8,other,8,,,10.5281/ZENODO.15828463,
101139711_215784_PUBLIHORIZON,101139711,Data for Policy 2025 (DfP'25) - Europe Book of Abstracts,"Data for Policy CIC, Giest, Sarah, Klievink, Bram",,Data for Policy 2025,,2025,zenodo,CONFERENCE_PROCEEDING,Conference proceedings,3,conference proceedings,3,,,10.5281/ZENODO.15828608,
101139711_215773_PUBLIHORIZON,101139711,Statistical Predictability of Euro-Mediterranean Subseasonal Anomalies: The TeWA Approach,"Darío Redolat, Robert Monjo",39,Weather and Forecasting,,2024,American Meteorological Society,PEER_REVIEWED_ARTICLE,Peer reviewed articles,2,peer rewied article,2,,,10.1175/WAF-D-23-0061.1,0882-8156
101139730_201257_PUBLIHORIZON,101139730,‘Archeology’ of Hidden Values of Underutilized Historic Industrial Sites in Context of Urban Regeneration and Nature-Based Solutions,"Indre Grazuleviciute-Vileniske, Diana Zmejauskaite",15,Buildings,,2025,MDPI AG,PEER_REVIEWED_ARTICLE,Peer reviewed articles,2,peer rewied article,2,,,10.3390/BUILDINGS15020205,2075-5309
101139730_201252_PUBLIHORIZON,101139730,POTENTIAL APPLICATIONS OF AI IN BIOPHILIC URBANISM AND NATURE-BASED SOLUTIONS IN CITIES,"null null, Indrė Gražulevičiūtė-Vileniškė",8,New Design Ideas,,2024,Jomard Publishing,PEER_REVIEWED_ARTICLE,Peer reviewed articles,2,peer rewied article,2,,,10.62476/NDI83490,2522-4875
101139730_201255_PUBLIHORIZON,101139730,A data-driven building thermal zoning algorithm for digital twin-enabled advanced control,"Lina Morkunaite, Adil Rasheed, Darius Pupeikis, Vangelis Angelakis, Tobias Davidsson",336,Energy and Buildings,,2025,Elsevier BV,PEER_REVIEWED_ARTICLE,Peer reviewed articles,2,peer rewied article,2,,,10.1016/J.ENBUILD.2025.115633,0378-7788
101155958_270620_PUBLIHORIZON,101155958,Empirical Evidence of the Effects of Climate Change on NCDs: A Literature Review,Lea Bernhardt; Prasanta Kumar Roy,,Review of Economics,,2024,De Gruyter Brill Oldenburg,PEER_REVIEWED_ARTICLE,Peer reviewed articles,2,peer rewied article,2,,,10.1515/ROE-2024-0058,2366-035X
101155958_287044_PUBLIHORIZON,101155958,The impacts of extreme weather events on health services and systems: A systematic review of reviews,"Martina Valente, Clara Del Prete, Giulia Facci, Francesco Musso, Stefano Cenati, Sara Calligaro, Luca Ragazzoni, Francesco Barone-Adesi",250,Public Health,,2025,Elsevier BV,PEER_REVIEWED_ARTICLE,Peer reviewed articles,2,peer rewied article,2,,,10.1016/J.PUHE.2025.106049,0033-3506
101156076_285550_PUBLIHORIZON,101156076,The Role of Mediterranean Agrosilvopastoral Ecosystems in and Around Cities in Mitigating Climate Extremes,"Maria Paula Mendes, Fabio Salbitano, Maciek W. Lubczyński, Anastasio J. Villanueva, Anastasia Pantera, Alain Francés, Ana Silva, Javier Samper",,"Lecture Notes in Civil Engineering, Construction, Energy, Environment and Sustainability",,2026,Springer Nature Singapore,BOOK_CHAPTER,Book chapters,8,other,8,,,10.1007/978-981-95-1818-0_42,2366-2557
101156076_357071_PUBLIHORIZON,101156076,Estudios de la zona no saturada del suelo,"Miguel A. Campos-Bescós, Rafael Giménez Díaz",,,,2026,Universidad Pública de Navarra / Nafarroako Unibertsitate Publikoa,CONFERENCE_PROCEEDING,Conference proceedings,3,conference proceedings,3,,,10.48035/978-84-9769-422-3,
101156076_357072_PUBLIHORIZON,101156076,Satellite Remote Sensing for Monitoring Cork Oak Woodlands—A Comprehensive Literature Review,"Emma Bambagioni, Solaria Anzilotti, Costanza Borghi, Gherardo Chirici, Fabio Salbitano, Marco Marchetti, Saverio Francini",17,Diversity,,2025,MDPI AG,PEER_REVIEWED_ARTICLE,Peer reviewed articles,2,peer rewied article,2,,,10.3390/D17060420,1424-2818
101156116_375425_PUBLIHORIZON,101156116,Advancing the Water Resilience Strategy through Sponge Landscapes and Nature-Based Solutions for a Climate Resilient Europe,"Penning, Ellis; Wittmann, Christopher; Alexiou, Ioannis; Barreau, Simon; Bérczi-Siket, Anna; Brotherton, Paul; Carvalho, Laurence; Déchelette, Chloé; Dussaillant, Alejandro; Fribourg-Blanc, Benoît; Grondard, Nicolas; King, Phoebe; Koprivšek, Maja; Albert, Christian",,,,,,OTHER,Other,8,other,8,,,10.5281/ZENODO.18853448,
101156281_600038_PUBLIHORIZON,101156281,Annual and Seasonal Variations in Aflatoxin M1 in Milk: Updated Health Risk Assessment in Serbia,"Saša Krstović, Sandra Jakšić, Jelena Miljanić, Borislav Iličić, Milica Živkov Baloš, Darko Guljaš, Marko Damjanović, Igor Jajić",,Toxins,,2025,Multidisciplinary Digital Publishing Institute (MDPI),PEER_REVIEWED_ARTICLE,Peer reviewed articles,2,peer rewied article,2,,,10.3390/TOXINS17110544,2072-6651
101156281_600095_PUBLIHORIZON,101156281,Molecular screening of Septoria tritici blotch resistance genes in European bread wheat cultivars using validated gene‑specific SSR markers,"Rada Šućur, Velimir Mladenov",,Phytopathology Research,,2026,Springer Nature,PEER_REVIEWED_ARTICLE,Peer reviewed articles,2,peer rewied article,2,,,10.1186/S42483-026-00411-2,2524-4167
101156281_600091_PUBLIHORIZON,101156281,The role of spermidine in plants and humans: a pathway from climate change adaptation to health benefits,"Bojana D. Blagojević, Sophie Brunel-Muguet, Rada Šućur, Velimir Mladenov, Igor Balaž, Johann Vollmann, Vasileios Fotopoulos & Karsten Mäder",,NPJ Science of Food,,2026,Springer Nature,PEER_REVIEWED_ARTICLE,Peer reviewed articles,2,peer rewied article,2,,,10.1038/S41538-025-00695-2,2396-8370
101156281_600060_PUBLIHORIZON,101156281,"Challenges in building Pannonian climate resilience across agriculture: something old, something new, something borrowed, something blue?","Velimir Mladenov1, Svetlana Vujić1, Saša Krstović1, Ranko Čabilovski1, Borislav Banjac1, Rada Šućur1, Milana Čurčić1, Teodora Feher1, Maja Radišić1, Borislav Iličić1, Gábor Halupka2, Mihály Jancsó2, Györgyi Gelybó2, Jenő Varga3, Andrea Vityi4, Muhammad Az",,Open Europe Research,,2025,F1000 Research,PEER_REVIEWED_ARTICLE,Peer reviewed articles,2,peer rewied article,2,,,10.12688/OPENRESEUROPE.21666.2,2732-5121
101156653_475308_PUBLIHORIZON,101156653,Relief or Aggravation? A 31-Year study of sea-Land Breezes and Their Impacts on Coastal Heat Stress,"Claudia Di Napoli, David A. Lavers, Peter Bechtold, Florian Pappenberger",10,Earth Systems and Environment,,2026,Springer Science and Business Media LLC,PEER_REVIEWED_ARTICLE,Peer reviewed articles,2,peer rewied article,2,,,10.1007/S41748-025-00917-3,2509-9426
101156653_421434_PUBLIHORIZON,101156653,The role of heatwave characteristics in cardiovascular mortality in the Eastern Mediterranean region,"Panayiotis Kouis, Kyriaki Psistaki, Panayiotis K. Yiallouros, Anastasia Κ. Paschalidou",201,Environment International,,2025,Elsevier BV,PEER_REVIEWED_ARTICLE,Peer reviewed articles,2,peer rewied article,2,,,10.1016/J.ENVINT.2025.109563,0160-4120
101156653_421433_PUBLIHORIZON,101156653,"The health burden of wildfire smoke in a changing climate: Exposure, risks, and strategies for mitigation","Myriam Lopes, Alexandra Monteiro, Petros Mouzourides, Panayiotis Kouis",46,Current Opinion in Environmental Science &amp; Health,,2025,Elsevier BV,PEER_REVIEWED_ARTICLE,Peer reviewed articles,2,peer rewied article,2,,,10.1016/J.COESH.2025.100631,2468-5844
101157094_272981_PUBLIHORIZON,101157094,Coping with novel disturbance regimes: Suitability of 53 tree species for regenerating Central European forests,"Dominik Thom, Marie-Christin Wimmler, Sarah Le Berre, Anna Wöhlbrandt, Holger Fischer, Frieder Füger, Karola Plümpe, Falk Schrewe, Katja Skibbe, Beatrice Thumb von Neuburg, Katharina Tiebel",599,Forest Ecology and Management,,2025,Elsevier BV,PEER_REVIEWED_ARTICLE,Peer reviewed articles,2,peer rewied article,2,,,10.1016/J.FORECO.2025.123247,0378-1127
101157094_272980_PUBLIHORIZON,101157094,Rising cost of disturbances for forestry in Europe under climate change,"Johannes S. Mohr, Werner Rammer, Félix Bastit, Marc Grünig  Cornelius Senf , Thomas Knoke, Dominik Thom, Rupert Seidl",,Nature Climate Change,,2025,Nature Publishing Group (Springer Nature),PEER_REVIEWED_ARTICLE,Peer reviewed articles,2,peer rewied article,2,,,10.1038/S41558-025-02408-9,1758-6798
101157094_283030_PUBLIHORIZON,101157094,Characterizing implementers of on-going large-scale diversification of land use in Finland – One of the northernmost agricultural regions in Europe,Jauhiainen Lauri; Peltonen-Sainio Pirjo,,Agricultural Systems,,2025,Elsevier,PEER_REVIEWED_ARTICLE,Peer reviewed articles,2,peer rewied article,2,,,10.1016/J.AGSY.2025.104315,1873-2267
101157094_283031_PUBLIHORIZON,101157094,Assessing the impacts of forest stand structure and landscape on the formation of <i>Ips typographus</i> damage hotspots in Finland,"John Alexander Pulgarín Díaz, Juliana Pérez-Pérez, Markus Melin, Heli Peltola, Olli-Pekka Tikkanen",,Forestry: An International Journal of Forest Research,,2025,Oxford University Press (OUP),PEER_REVIEWED_ARTICLE,Peer reviewed articles,2,peer rewied article,2,,,10.1093/FORESTRY/CPAF058,0015-752X
101157094_283032_PUBLIHORIZON,101157094,Climate-smart agriculture: Insights and challenges,"Yilai Lou, Liangshan Feng, Wen Xing, Ning Hu, Elke Noellemeyer, Edith Le Cadre, Kazunori Minamikawa, Pardon Muchaonyerwa, Mohamed A.E. AbdelRahman, Érika Flávia Machado Pinheiro, Wim de Vries, Jian",1,Climate Smart Agriculture,,2024,Elsevier BV,PEER_REVIEWED_ARTICLE,Peer reviewed articles,2,peer rewied article,2,,,10.1016/J.CSAG.2024.100003,2950-4090
101157447_375194_PUBLIHORIZON,101157447,Reducing 3D Hydraulic Interferences in Water Tunnels through the Strategic Installation of Artificial Bulkheads in Geological Hydraulic Barriers,"Alejandro García-Gil, Jorge Martínez-León, Rodrigo Sariago, Carlos Baquedano, Jon Jimenez, Samanta Gasco Gasco, Gerardo Meixueiro Ríos, Miguel Ángel Marazuela, Ivan Hernández Ríos, Juan Jesús Coello Bravo, Juan Carlos Santamarta",,,,2025,Copernicus GmbH,CONFERENCE_PROCEEDING,Conference proceedings,3,conference proceedings,3,,,10.5194/EGUSPHERE-EGU25-15289,
101157447_367771_PUBLIHORIZON,101157447,Simulación preventiva de fallos en cascada en sistemas hídricos insulares,"Santamarta, J. C.; Cruz-Pérez, N.; Koritnik, J.; Khoury, M.; Expósito Brazier, M.; García-Gil, A.",320(2),"Ingeopres: Actualidad técnica de ingeniería civil, minería, geología y medio ambiente",,2026,Interempresas / Ingeopres,PEER_REVIEWED_ARTICLE,Peer reviewed articles,2,peer rewied article,2,,,10.5281/ZENODO.19680132,1136-4785
101157447_367768_PUBLIHORIZON,101157447,Infraestructura hídrica de las Islas Canarias: riesgos naturales y fallos en cascada,"Juan Carlos Santamarta Cerezal, Noelia Cruz Pérez, Jelena Koritnik, Mehdi Khoury, Megan Expósito Brazier",,,,2026,Universidad de La Laguna,MONOGRAPHIC_BOOK,Monographic books,8,other,8,,,10.25145/B.2026.01,
101157447_367770_PUBLIHORIZON,101157447,Island water stress: analyzing the Canary Islands’ hydrological response to climate change,"Juan C. Santamarta, Alejandro García-Gil, Susana Clavijo-Núñez, Noelia Cruz-Pérez",198,Environmental Monitoring and Assessment,,2026,Springer Science and Business Media LLC,PEER_REVIEWED_ARTICLE,Peer reviewed articles,2,peer rewied article,2,,,10.1007/S10661-026-15219-Y,1573-2959
101157447_368989_PUBLIHORIZON,101157447,"Impacts of the 2021 La Palma volcanic eruption on drinking water quality (Canary Islands, Spain)",Jelena Koritnik; Noelia Cruz-Pérez; Alejandro García-Gil; Juan Carlos Santamarta,121,Natural Hazards,,2025,Springer Nature,PEER_REVIEWED_ARTICLE,Peer reviewed articles,2,peer rewied article,2,,,10.1007/S11069-025-07682-6,1573-0840
101157447_367769_PUBLIHORIZON,101157447,Regulación de caudales de agua subterráneos en acuíferos de islas volcánicas mediante cierres hidráulicos aprovechando los diques geológicos,"Santamarta, J. C.; García-Gil, A.; Cruz-Pérez, N.",312(6),"Ingeopres: Actualidad técnica de ingeniería civil, minería, geología y medio ambiente",,2024,Interempresas / Ingeopres,PEER_REVIEWED_ARTICLE,Peer reviewed articles,2,peer rewied article,2,,,10.5281/ZENODO.19681747,1136-4785
101157448_265313_PUBLIHORIZON,101157448,From Risk to Resilience: Integrating Climate Adaptation and Disaster Reduction in the Pursuit of Sustainable Development,"Andrea Majlingova, Tibor Sándor Kádár",17,Sustainability,,2025,MDPI AG,PEER_REVIEWED_ARTICLE,Peer reviewed articles,2,peer rewied article,2,,,10.3390/SU17125447,2071-1050
101157448_337075_PUBLIHORIZON,101157448,Embankment Fires on Railways—Where and How to Mitigate?,"Lars Symmank, Shahriar Mohammadzadeh, Sonja Szymczak",10,Infrastructures,,2025,MDPI AG,PEER_REVIEWED_ARTICLE,Peer reviewed articles,2,peer rewied article,2,,,10.3390/INFRASTRUCTURES10120337,2412-3811
101157448_274116_PUBLIHORIZON,101157448,NbS to Enhance Bridge Resilience: Addressing Climate Change Impacts and Mitigation Strategies,"Mosbeh R. Kaloop, Mohamed Eldessouki",8,ce/papers,,2025,Wiley,CONFERENCE_PROCEEDING,Conference proceedings,3,conference proceedings,3,,,10.1002/CEPA.3378,2509-7075
101157448_337076_PUBLIHORIZON,101157448,Resilience-Oriented Extension of the RAMSSHEEP Framework to Address Natural Hazards Through Nature-Based Solutions: Insights from an Alpine Infrastructure Study,"Sérgio Fernandes, Erik Kuschel, Michael Obriejetan, Rosemarie Stangl, Johannes Hübl, Florentina D. Ionescu, Agnieszka Bigaj-van Vliet, José Matos, Alfred Strauss",11,Infrastructures,,2026,MDPI AG,PEER_REVIEWED_ARTICLE,Peer reviewed articles,2,peer rewied article,2,,,10.3390/INFRASTRUCTURES11010035,2412-3811
101157448_274118_PUBLIHORIZON,101157448,A Systematic Framework for Assessing the Temporally Variable Protective Capacity of Nature-Based Solutions Against Natural Hazards,"Erik Kuschel, Michael Obriejetan, Tamara Kuzmanić, Matjaž Mikoš, Lukas Seifert, Slaven Conevski, Maria Wirth, Eriona Canga, Sérgio Fernandes, Johannes Hübl, Rosemarie Stangl",10,Infrastructures,,2025,MDPI AG,PEER_REVIEWED_ARTICLE,Peer reviewed articles,2,peer rewied article,2,,,10.3390/INFRASTRUCTURES10120318,2412-3811
101157448_561975_PUBLIHORIZON,101157448,Bridging Ecology and Infrastructure: Evaluating the Integrated Benefits of Nature‐based Solutions,"Shahriar Mohammadzadeh, Tobias Scholz, Lars Symmank",8,ce/papers,,2026,Wiley,PEER_REVIEWED_ARTICLE,Peer reviewed articles,2,peer rewied article,2,,,10.1002/CEPA.3390,2509-7075
101157448_561976_PUBLIHORIZON,101157448,InSAR interferometry for structural health characterization prior and after Nature‐based Solutions implementation,"Maria de Farago, Erlinda Biescas, Erik Kuschel, Sérgio Fernandes, Alfred Strauss, Rosemarie Stangl, Johannes Hübl",8,ce/papers,,2026,Wiley,PEER_REVIEWED_ARTICLE,Peer reviewed articles,2,peer rewied article,2,,,10.1002/CEPA.3385,2509-7075
101157448_265480_PUBLIHORIZON,101157448,Sustainability,"Ahmed Gamal Abdel Haffez, Mosbeh R. Kaloop, Mohamed Eldessouki, Usama Hamed Issa",17(22),Sustainability,,2025,MDPI,PEER_REVIEWED_ARTICLE,Peer reviewed articles,2,peer rewied article,2,,,10.3390/SU172210178,2071-1050
101157458_466894_PUBLIHORIZON,101157458,Using smart thermostats to reduce indoor exposure to wildfire fine particulate matter (PM2.5),"Federico Dallo, Thomas Parkinson, Carlos Duarte, Stefano Schiavon, Chai Yoon Um, Mark P. Modera, Paul Raftery, Carlo Barbante, Brett C. Singer",2,Indoor Environments,,2025,Elsevier BV,PEER_REVIEWED_ARTICLE,Peer reviewed articles,2,peer rewied article,2,,,10.1016/J.INDENV.2025.100088,2950-3620
101157458_466764_PUBLIHORIZON,101157458,"Integrating Technical, Nature-Based, and Social Solutions: A Stakeholder-driven Approach to Climate Adaptation-Mitigation Synergies","Denyse S. Dookie, Federico Dallo, Hai-Ying Liu, Sebastiaan Wezenberg, Piet Jacobs, Eliane Khoury, Stefania Marcheggiani, Julien Beaumet, Mattia Leone, Tuan-Vu Cao",,,,2026,Copernicus GmbH,CONFERENCE_PROCEEDING,Conference proceedings,3,conference proceedings,3,,,10.5194/EGUSPHERE-EGU26-14753,
101157458_466850_PUBLIHORIZON,101157458,Stakeholder Perspectives on Urban Air Quality Governance in Santiago,Hai-Ying Liu; Héctor Jorquera; Constanza Molina; Andres Gonzalez,,Air quality mitigation measures and stakeholder engagement – Stakeholder workshop,,2026,Zenodo,OTHER,Other,8,other,8,,,,
101157458_466852_PUBLIHORIZON,101157458,Transport of Wildfire Smoke into the Arctic,Sabine Eckhardt; Kerstin Stebel; Nikolaos Evangeliou,,,,2025,Zenodo,OTHER,Other,8,other,8,,,,
101157458_480452_PUBLIHORIZON,101157458,High-resolution Atmospheric Transfer Matrices for policy-oriented air quality assessment in Italy: the new GAINS-Italy model,"I. D'Elia, G. Briganti, G. Kiesewetter, A. Cappelletti, R. Sander, M. D'Isidoro, W. Schöpp, A. Piersanti",382,Atmospheric Environment,,2026,Elsevier BV,PEER_REVIEWED_ARTICLE,Peer reviewed articles,2,peer rewied article,2,,,10.1016/J.ATMOSENV.2026.122183,1352-2310
101157458_466851_PUBLIHORIZON,101157458,Nature in Action. Post-Implementation Nature-Based Solutions and Their Air-Quality Pathways,Hai-Ying Liu,,Nobel X 2025 // PhD X 2025,,2025,Zenodo,OTHER,Other,8,other,8,,,,
101157458_466859_PUBLIHORIZON,101157458,"Forecasting and Analysing Wildfire Plumes in the European Atmosphere, Demonstrated by the Case of Canadian Wildfire Plumes in June 2025",Sabine Eckhardt; Nikolaos Evangeliou; Espen Sollum; Kerstin Stebel; Johannes Kaiser; Cathrine Lund Myhre; Lise Eder Murberg; Lucja Janicka; Ivona Stachlewska,,5th European Lidar Conference (ELC2025),,2025,Zenodo,OTHER,Other,8,other,8,,,,
101157458_466809_PUBLIHORIZON,101157458,"Linking Nature, Climate, Air Quality and Health for Sustainable Cities: From Integrated Assessment to Evidence-Based Nature-Based Solutions",Hai-Ying Liu,,,,2026,Zenodo,OTHER,Other,8,other,8,,,,
101157458_466464_PUBLIHORIZON,101157458,Pathways to Impactful Water-Energy-Food+ Nexus Projects in Europe: Insights From a European Expert Survey,"Mirela Sertić Perić, Hai-Ying Liu, Edyta Hewelke, Barbora Duží, Vesna Gulin Beljak, Ivar Zekker, Janez Sušnik, Floor Brouwer, Chrysi Laspidou",76,Environmental Management,,2026,Springer Science and Business Media LLC,PEER_REVIEWED_ARTICLE,Peer reviewed articles,2,peer rewied article,2,,,10.1007/S00267-026-02529-7,0364-152X
101157458_466704_PUBLIHORIZON,101157458,Climate induced changes to emissions and Air quality in Oslo towards 2050,Henrik Grythe; Susana Lopez-Aparicio; Tobias Wolf; Rune Åvar Ødegård; Tuan-Vu Cao,,15th International Conference on Air Quality (Prague),,2026,15th International Conference on Air Quality,CONFERENCE_PROCEEDING,Conference proceedings,3,conference proceedings,3,,,,
101157458_466766_PUBLIHORIZON,101157458,A Global Compendium of Nature-based Solutions in Small-Medium Islands,"Mark D. C. Mansoldo, Elisa Serra, Erika Igondová, Aristides Moustakas, Abdullah Hüseyin Dönmez, Alexandra Tsatsou, Berre Kumuk, Christos Zoumides, Elli Tzirkalli, Emine Keleş Özgenç, Erich Wolff, Francesco Sica, Franziska Paul, George Zittis, Giuseppe Fenu, Hai-Ying Liu, Ioannis P. Kokkoris, Ioannis N. Vogiatzakis, Irene Christoforidi, Jean-José Filippi, Katerina-Shelagh Boucoyannis, Viviana Ligorini, Marilena Stamatiou, Marina Antic, Osman Kumuk, Periklis Kleitou, Paraskevi Manolaki, Peter Davids, Rocío Pineda-Martos, Savvas Zotos, Senka Ždero, Shiri Zemah-Shamir, Tanya Trenkova, Yael Shaked Mandelberg, Ziv Zemah-Shamir, Zorica Srđević, Mario V. Balzan",13,Scientific Data,,2026,Springer Science and Business Media LLC,PEER_REVIEWED_ARTICLE,Peer reviewed articles,2,peer rewied article,2,,,10.1038/S41597-025-06476-6,2052-4463
101157458_466860_PUBLIHORIZON,101157458,High-resolution Atmospheric Transfer Matrices for policy-oriented air quality assessment in Italy: the new GAINS-Italy model,"I. D'Elia, G. Briganti, G. Kiesewetter, A. Cappelletti, R. Sander, M. D'Isidoro, W. Schöpp, A. Piersanti",382,Atmospheric Environment,,2026,Elsevier BV,PEER_REVIEWED_ARTICLE,Peer reviewed articles,2,peer rewied article,2,,,10.1016/J.ATMOSENV.2026.122183,1352-2310
101157458_466731_PUBLIHORIZON,101157458,Urban Forestry and Air Quality: When Trees Help and When They Don't,Hai-Ying Liu,,"Diversity in Urban Forestry, bringing People, Trees and Ideas together - EFUF2026. Book of Abstracts",,2026,Zenodo,CONFERENCE_PROCEEDING,Conference proceedings,3,conference proceedings,3,,,,
101157643_307553_PUBLIHORIZON,101157643,"""White Paper """"Early Findings from the AURORA Project in Fighting the Climate Effect: Health Systems Response to Climate Change Adaptation""""""",Vilnius City Municipality Public Health Bureau,,,,2026,Zenodo,OTHER,Other,8,other,8,,,10.5281/ZENODO.18348056,
101157643_596367_PUBLIHORIZON,101157643,"Analysis of a drinking water contamination incident: Hydraulic intrusion pathways, preparedness gaps, and lessons for water safety management","Katrin Kaur, Ivar Annus, Raul Hansen, Nils Kändler, Kerta Kõiv, Inga Sarand, Kristjan Suits, Vahur Värk",32,Water Research X,,2026,Elsevier BV,PEER_REVIEWED_ARTICLE,Peer reviewed articles,2,peer rewied article,2,,,10.1016/J.WROA.2026.100601,2589-9147
101157643_307554_PUBLIHORIZON,101157643,"""White Paper """"Early Findings from the AURORA Project in Fighting the Climate Effect: Risks of Climate Change Impacts on Human Health""""""",Lithuanian University of Health Sciences,,,,2026,Zenodo,OTHER,Other,8,other,8,,,10.5281/ZENODO.18348154,
101157643_307176_PUBLIHORIZON,101157643,The effect of seasonal and meteorological factors on suicide rates in the Lithuanian population in 2001–2021: a case‑crossover study,"Vidmantas Vaičiulis, Ričardas Radišauskas, Olga Meščeriakova, Gintarė Kalinienė, Donatas Valiukas, Laura Seiduanova, Akmaral Abikulova, Jonė Venclovienė",25,BMC Public Health,,2025,Springer Science and Business Media LLC,PEER_REVIEWED_ARTICLE,Peer reviewed articles,2,peer rewied article,2,,,10.1186/S12889-025-25586-9,1471-2458
101157643_550285_PUBLIHORIZON,101157643,Climate Change Impacts on Human Health in the Northern Hemisphere: A Narrative Review,"Vidmantas Vaičiulis, Gabrielė Domkutė, Anna Papadima, Ričardas Radišauskas, Ivar Annus, Katrin Kaur, Gintarė Kalinienė",17,Atmosphere,,2026,MDPI AG,PEER_REVIEWED_ARTICLE,Peer reviewed articles,2,peer rewied article,2,,,10.3390/ATMOS17080736,2073-4433
101157643_253506_PUBLIHORIZON,101157643,TREND OF TICK BORNE ENCEPHALITIS INCIDENCE IN THE BOREAL REGION OVER THE PAST 30 YEARS: OFFICIAL STATISTICS DATA FROM 1995 TO 2024 (LITHUANIA),"Radisauskas, Ricardas; Vaiciulis, Vidmantas; Kaliniene, Gintare; Liseckiene, Ida",,,,2025,Zenodo,THESIS_DISSERTATION,Thesis and dissertations,8,other,8,,,10.5281/ZENODO.17473922,
101157643_253504_PUBLIHORIZON,101157643,Effect of seasonal and meteorological factors on suicide in the Boreal region 2001 2021 (pilot study of the Lithuanian case),"Vaiciulis, Vidmantas; Radisauskas, Ricardas; Mesceriakova, Olga; Kaliniene, Gintare; Valiukas, Donatas; Vencloviene, Jone",,,,2025,Zenodo,THESIS_DISSERTATION,Thesis and dissertations,8,other,8,,,10.5281/ZENODO.17474052,
101157643_351433_PUBLIHORIZON,101157643,Decision-Support Systems as Enablers of Effective and Facilitated Decision-Making,"Zec, Ajdin",,,,2025,Laurea University of Applied Sciences,THESIS_DISSERTATION,Thesis and dissertations,8,other,8,,,,
101157643_307551_PUBLIHORIZON,101157643,"""White Paper """"Early Findings from the AURORA Project in Fighting the Climate Effect: Potential for Climate Change Mitigation""""""",Administration of Jūrmala Local Government,,,,2026,Zenodo,OTHER,Other,8,other,8,,,10.5281/ZENODO.18339977,
101157643_349530_PUBLIHORIZON,101157643,"Ambient temperature, solar radiation and sickness absence due to mental disorders in Finland: A distributed lag non-linear regional analysis","Marianna Virtanen, Lisa Haga, Reija Ruuhela, Christian Hakulinen, Marko Elovainio, Timo Partonen",207,Environment International,,2026,Elsevier BV,PEER_REVIEWED_ARTICLE,Peer reviewed articles,2,peer rewied article,2,,,10.1016/J.ENVINT.2025.109988,0160-4120
101157707_621330_PUBLIHORIZON,101157707,Implementing digital tools and stakeholders' engagement in addressing flood protection in CI. The Sitia case study,"Sfetsos Athanasios, Zarikos Ioannis, Vlachogiannis DIAMANDO, Dimitropoulou Panagiota, Kapetanakis Pavlos Alexandros, Fylladaki Konstantina",,European Safety and Reliability Conference (ESREL 2026),,,"Research Publishing, Singapore",CONFERENCE_PROCEEDING,Conference proceedings,3,conference proceedings,3,,,10.3850/ESREL2026061419_ESREL26-P29154-CD,
101157707_621372_PUBLIHORIZON,101157707,Preliminary Indicators for Social and Human Resilience: An Exploratory Approach for Infrastructure Safety,"Araújo Emilia, Santamaria-Ariza Monica, Sousa Hélder, Matos José C.",,European Safety and Reliability Conference (ESREL 2026),,,"Research Publishing, Singapore",CONFERENCE_PROCEEDING,Conference proceedings,3,conference proceedings,3,,,10.3850/ESREL2026061419_ESREL26-P27789-CD,
101157707_621421_PUBLIHORIZON,101157707,Research to application: the evolution of the CREMA Tool across MULTICLIMACT and MedIREN projects for advancing climate resilience in Europe,"Cristina Attanasio, Valsecchi Ruben, Solari Celina, Verga Arianna, Fuggini Clemente, Osmani Saimir, DE MAIO FLORENCIA VICTORIA",,European Safety and Reliability Conference (ESREL 2026),,,"Research Publishing, Singapore",CONFERENCE_PROCEEDING,Conference proceedings,3,conference proceedings,3,,,10.3850/ESREL2026061419_ESREL26-P27899-CD,
101157707_414657_PUBLIHORIZON,101157707,Shaping local disaster risk governance through multi-stakeholder collaboration: Insights from the public-private-civil partnership approach - Application to the case studies of the municipality of Egaleo (Greece) and Centro Region (Portugal),"Juliette Rimlinger, Alexandra Jaumouillé, Catherine Freissinet, João Lutas Craveiro, Ana Catarina Zózimo, Manuel M. Oliveira, Maria Manuel Cruz, Evangelia Bakogianni, Dimitrios Tzempelikos, Evrydiki Pavlidi, Athanasios Sfetsos",133,International Journal of Disaster Risk Reduction,,2026,Elsevier BV,PEER_REVIEWED_ARTICLE,Peer reviewed articles,2,peer rewied article,2,,,10.1016/J.IJDRR.2025.105973,2212-4209
101157707_414196_PUBLIHORIZON,101157707,A Uniform Framework for Climate Change Adaptation of Critical Infrastructure Using Nature-Based Solutions,"Diamando Vlachogiannis, Ioannis Zarikos, Athanasios Sfetsos, Juliette Rimlinger, Alexandra Jaumouillé, Catherine Freissinet, Ville Santala, Dimitrios Tzempelikos, Maria Dubovik",11,Infrastructures,,2026,MDPI AG,PEER_REVIEWED_ARTICLE,Peer reviewed articles,2,peer rewied article,2,,,10.3390/INFRASTRUCTURES11020065,2412-3811
