source_row,project_id,project_name,mission_call_topic,project_type,project_call_year,authority_name,country,country_iso,nuts_original,territory_codes,territory_labels,code_system,nuts_levels,n_codes,is_signatory,region_role,cascade_cohort,ta_status,ta_completion_date,cleaning_category,cleaning_note,geo_check,geo_lat,geo_lon,source,territory_id
2,101093921,Adaptation AGORA,HORIZON-MISS-2021-CLIMA-02-05,RIA,2021,Dresden,Germany,DE,DED2,DED2,Dresden,NUTS 2024,2,1,False,,,,,ok,,coincide,51.0493286,13.7381437,"Barometer 6th update, Appendix 5 (data 31-03-2026)",T0142
3,101093921,Adaptation AGORA,HORIZON-MISS-2021-CLIMA-02-05,RIA,2021,Rome,Italy,IT,ITI43,ITI43,Roma,NUTS 2024,3,1,False,,,,,ok,,coincide,41.8933203,12.4829321,"Barometer 6th update, Appendix 5 (data 31-03-2026)",T0439
4,101093921,Adaptation AGORA,HORIZON-MISS-2021-CLIMA-02-05,RIA,2021,Malmö,Sweden,SE,SE22,SE22,Sydsverige,NUTS 2024,2,1,True,,,,,ok,,coincide,55.6052931,13.0001566,"Barometer 6th update, Appendix 5 (data 31-03-2026)",T0304
5,101112737,ARCADIA,HORIZON-MISS-2022-CLIMA-01-06,IA,2022,Lower Austria,Austria,AT,AT12,AT12,Niederösterreich,NUTS 2024,2,1,True,Demonstrator,,,,ok,,coincide,48.2817813,15.7632457,"Barometer 6th update, Appendix 5 (data 31-03-2026)",T0287
6,101112737,ARCADIA,HORIZON-MISS-2022-CLIMA-01-06,IA,2022,Plovdiv,Bulgaria,BG,BG421,BG421,Plovdiv,NUTS 2024,3,1,False,Replicator,,,,ok,,coincide,42.1418541,24.7499297,"Barometer 6th update, Appendix 5 (data 31-03-2026)",T0396
7,101112737,ARCADIA,HORIZON-MISS-2022-CLIMA-01-06,IA,2022,Krapina-zagorje county,Croatia,HR,HR064,HR064,Krapinsko-zagorska županija,NUTS 2024,3,1,True,Demonstrator,,,,ok,,coincide,46.0983218,15.9377404,"Barometer 6th update, Appendix 5 (data 31-03-2026)",T0249
8,101112737,ARCADIA,HORIZON-MISS-2022-CLIMA-01-06,IA,2022,Zagreb City,Croatia,HR,HR050,HR050,Grad Zagreb,NUTS 2024,3,1,True,Demonstrator,,,,ok,,coincide,45.8185783,15.9750163,"Barometer 6th update, Appendix 5 (data 31-03-2026)",T0601
9,101112737,ARCADIA,HORIZON-MISS-2022-CLIMA-01-06,IA,2022,Funen,Denmark,DK,DK031,DK031,Fyn,NUTS 2024,3,1,False,Demonstrator,,,,ok,,coincide,55.32465655,10.347141692689295,"Barometer 6th update, Appendix 5 (data 31-03-2026)",T0176
10,101112737,ARCADIA,HORIZON-MISS-2022-CLIMA-01-06,IA,2022,Emilia-Romagna Region,Italy,IT,ITH5,ITH5,Emilia-Romagna,NUTS 2024,2,1,True,Demonstrator,,,,ok,,coincide,44.4914458,11.3435713,"Barometer 6th update, Appendix 5 (data 31-03-2026)",T0156
11,101112737,ARCADIA,HORIZON-MISS-2022-CLIMA-01-06,IA,2022,Centru Region,Romania,RO,RO12,RO12,Centru,NUTS 2024,2,1,False,Replicator,,,,ok,,sin geocodificar,,,"Barometer 6th update, Appendix 5 (data 31-03-2026)",T0100
12,101112737,ARCADIA,HORIZON-MISS-2022-CLIMA-01-06,IA,2022,Podravska,Slovenia,SI,SI032,SI032,Podravska,NUTS 2024,3,1,True,Replicator,,,,ok,,sin geocodificar,,,"Barometer 6th update, Appendix 5 (data 31-03-2026)",T0399
13,101112737,ARCADIA,HORIZON-MISS-2022-CLIMA-01-06,IA,2022,Skåne Region,Sweden,SE,SE224,SE224,Skåne län,NUTS 2024,3,1,False,Demonstrator,,,,ok,,coincide,56.0319247,14.1562326,"Barometer 6th update, Appendix 5 (data 31-03-2026)",T0474
14,101037424,ARSINOE,H2020-LC-GD-2020-2,IA,2020,Black Sea Region,"Bulgaria, Romania, Turkey",BG|RO|TR,"BG311, EL611, RO211, R414",,,,,0,False,Demonstrator,,,,revisar,"BG311 (Vidin), EL611 (Karditsa, Trikala) y RO211 (Bacău) no son costeros y R414 no existe; además la fila no cita Grecia como país. Las regiones costeras serían BG331/BG332/BG341, RO223/RO225 y TR8x/TR90",sin geocodificar,,,"Barometer 6th update, Appendix 5 (data 31-03-2026)",T0062
15,101037424,ARSINOE,H2020-LC-GD-2020-2,IA,2020,Limassol,Cyprus,CY,CY022,CY000,Kýpros,NUTS 2024,3,1,False,Demonstrator,,,,error,CY022 no existe; Chipre tiene un único NUTS-3 (CY000),coincide,34.6852901,33.0332657,"Barometer 6th update, Appendix 5 (data 31-03-2026)",T0278
16,101037424,ARSINOE,H2020-LC-GD-2020-2,IA,2020,Southern Denmark Region,Denmark,DK,DK031,DK03,Syddanmark,NUTS 2024,2,1,True,Demonstrator,,,,nivel,DK031 es solo Fyn; la Región de Dinamarca Meridional es DK03,coincide,55.378426250000004,9.13180637450161,"Barometer 6th update, Appendix 5 (data 31-03-2026)",T0485
17,101037424,ARSINOE,H2020-LC-GD-2020-2,IA,2020,Main River Basin,Germany,DE,DE712,DE712,"Frankfurt am Main, Kreisfreie Stadt",NUTS 2024,3,1,False,Demonstrator,,,,ok,,sin geocodificar,,,"Barometer 6th update, Appendix 5 (data 31-03-2026)",T0302
18,101037424,ARSINOE,H2020-LC-GD-2020-2,IA,2020,Athens Metropolitan Area,Greece,EL,EL304,EL304,Notios Tomeas Athinon,NUTS 2024,3,1,False,Demonstrator,,,,ok,,sin geocodificar,,,"Barometer 6th update, Appendix 5 (data 31-03-2026)",T0035
19,101037424,ARSINOE,H2020-LC-GD-2020-2,IA,2020,Mediterranean Ports Piraeus,Greece,EL,EL302,EL302,Dytikos Tomeas Athinon,NUTS 2024,3,1,False,Demonstrator,,,,ok,,sin geocodificar,,,"Barometer 6th update, Appendix 5 (data 31-03-2026)",T0316
20,101037424,ARSINOE,H2020-LC-GD-2020-2,IA,2020,Sardinia Region,Italy,IT,ITG2,ITG2,Sardegna,NUTS 2024,2,1,True,Demonstrator,,,,ok,,coincide,39.2227173,9.1022627,"Barometer 6th update, Appendix 5 (data 31-03-2026)",T0454
21,101037424,ARSINOE,H2020-LC-GD-2020-2,IA,2020,Ohrid/Prespa Lakes,North Macedonia,MK,MK002,MK002,Источен,SR 2024,3,1,False,Demonstrator,,,,ok,,sin geocodificar,,,"Barometer 6th update, Appendix 5 (data 31-03-2026)",T0373
22,101037424,ARSINOE,H2020-LC-GD-2020-2,IA,2020,Canary Islands,Spain,ES,ES703,ES70,Canarias,NUTS 2024,2,1,True,Demonstrator,,,,nivel,ES703 es El Hierro; Canarias es ES70,coincide,28.286398900000002,-16.796011808910734,"Barometer 6th update, Appendix 5 (data 31-03-2026)",T0084
23,101037424,ARSINOE,H2020-LC-GD-2020-2,IA,2020,Municipality of Valencia,Spain,ES,ES523,ES523,Valencia/València,NUTS 2024,3,1,True,Demonstrator,,,,ok,,sin geocodificar,,,"Barometer 6th update, Appendix 5 (data 31-03-2026)",T0337
24,101037424,ARSINOE,H2020-LC-GD-2020-2,IA,2020,Torbay and Devon County,United Kingdom,UK,UKK43,UKK42|UKK43,Torbay|Devon CC,NUTS 2021 (UK),3,2,False,Demonstrator,,,,error,UKK43 es solo Devon CC; Torbay es UKK42 (NUTS 2021),sin geocodificar,,,"Barometer 6th update, Appendix 5 (data 31-03-2026)",T0529
25,101157643,AURORA,HORIZON-MISS-2023-CLIMA-01-03,IA,2023,Tallinn City,Estonia,EE,EE001,EE001,Põhja-Eesti,NUTS 2024,3,1,True,Demonstrator,,,,ok,,coincide,59.4386893,24.7481496,"Barometer 6th update, Appendix 5 (data 31-03-2026)",T0508
26,101157643,AURORA,HORIZON-MISS-2023-CLIMA-01-03,IA,2023,Porti,Finland,FI,FI193,FI198,Keski-Suomi,NUTS 2024,3,1,False,Demonstrator,,,,version,FI193 -> FI198: código NUTS 2021 sustituido en NUTS 2024,sin geocodificar,,,"Barometer 6th update, Appendix 5 (data 31-03-2026)",T0402
27,101157643,AURORA,HORIZON-MISS-2023-CLIMA-01-03,IA,2023,Tampere City,Finland,FI,FI197,FI19B,Pirkanmaa,NUTS 2024,3,1,True,Demonstrator,,,,version,FI197 -> FI19B: código NUTS 2021 sustituido en NUTS 2024,coincide,61.49346265,23.778950047654092,"Barometer 6th update, Appendix 5 (data 31-03-2026)",T0509
28,101157643,AURORA,HORIZON-MISS-2023-CLIMA-01-03,IA,2023,Jūrmala,Latvia,LV,LV007,LV00A,Rīga,NUTS 2024,3,1,False,Replicator,,,,version,LV007 (Pierīga) desaparece en NUTS 2024; Jūrmala queda en Rīga (LV00A),coincide,56.9727164,23.7886979,"Barometer 6th update, Appendix 5 (data 31-03-2026)",T0232
29,101157643,AURORA,HORIZON-MISS-2023-CLIMA-01-03,IA,2023,Riga,Latvia,LV,LV006,LV00A,Rīga,NUTS 2024,3,1,False,Demonstrator,,,,version,LV006 -> LV00A: código NUTS 2021 sustituido en NUTS 2024,coincide,56.9493977,24.1051846,"Barometer 6th update, Appendix 5 (data 31-03-2026)",T0435
30,101157643,AURORA,HORIZON-MISS-2023-CLIMA-01-03,IA,2023,Joniskis,Lithuania,LT,LT011,LT026,Šiaulių apskritis,NUTS 2024,3,1,False,Replicator,,,,error,LT011 es Vilniaus apskritis; Joniškis está en Šiaulių apskritis (LT026),coincide,56.2412052,23.6151344,"Barometer 6th update, Appendix 5 (data 31-03-2026)",T0230
31,101157643,AURORA,HORIZON-MISS-2023-CLIMA-01-03,IA,2023,Klaipeda City,Lithuania,LT,LT023,LT023,Klaipėdos apskritis,NUTS 2024,3,1,True,Replicator,,,,ok,,coincide,55.7127529,21.1350469,"Barometer 6th update, Appendix 5 (data 31-03-2026)",T0241
32,101157643,AURORA,HORIZON-MISS-2023-CLIMA-01-03,IA,2023,Vilnius City,Lithuania,LT,LT011,LT011,Vilniaus apskritis,NUTS 2024,3,1,True,Demonstrator,,,,ok,,coincide,54.6870458,25.2829111,"Barometer 6th update, Appendix 5 (data 31-03-2026)",T0571
33,101214563,BLOSSOM,HORIZON-MISS-2024-CLIMA-01,IA,2024,Aarhus City,Denmark,DK,DK042,DK042,Østjylland,NUTS 2024,3,1,True,Replicator,,,,ok,,coincide,56.15037175,10.209258281758697,"Barometer 6th update, Appendix 5 (data 31-03-2026)",T0003
34,101214563,BLOSSOM,HORIZON-MISS-2024-CLIMA-01,IA,2024,Parma,Italy,IT,ITH52,ITH52,Parma,NUTS 2024,3,1,False,Replicator,,,,ok,,coincide,44.8013678,10.3280833,"Barometer 6th update, Appendix 5 (data 31-03-2026)",T0387
35,101214563,BLOSSOM,HORIZON-MISS-2024-CLIMA-01,IA,2024,Kielce city,Poland,PL,PL726,PL721,Kielecki,NUTS 2024,3,1,False,Demonstrator,,,,error,PL726 no existe; Kielce está en el subregión Kielecki (PL721),coincide,50.86575755,20.641118429075153,"Barometer 6th update, Appendix 5 (data 31-03-2026)",T0240
36,101214563,BLOSSOM,HORIZON-MISS-2024-CLIMA-01,IA,2024,Alentejo,Portugal,PT,PT18,PT1C,Alentejo,NUTS 2024,2,1,True,Replicator,,,,version,PT18 -> PT1C: código NUTS 2021 sustituido en NUTS 2024,coincide,38.49104545,-8.027353044950193,"Barometer 6th update, Appendix 5 (data 31-03-2026)",T0013
37,101214563,BLOSSOM,HORIZON-MISS-2024-CLIMA-01,IA,2024,Lisbon Metropolitan Area,Portugal,PT,PT170,PT1A0|PT1B0,Grande Lisboa|Península de Setúbal,NUTS 2024,3,2,True,Demonstrator,,,,version,PT170 (AML) se divide en PT1A0 y PT1B0 en NUTS 2024,coincide,38.6272781,-8.92989495988593,"Barometer 6th update, Appendix 5 (data 31-03-2026)",T0280
38,101214563,BLOSSOM,HORIZON-MISS-2024-CLIMA-01,IA,2024,Birmingham City,United Kingdom,UK,UKG31,UKG31,Birmingham,NUTS 2021 (UK),3,1,False,Demonstrator,,,,ok,,sin geocodificar,,,"Barometer 6th update, Appendix 5 (data 31-03-2026)",T0061
39,101214563,BLOSSOM,HORIZON-MISS-2024-CLIMA-01,IA,2024,London Borough of Newham,United Kingdom,UK,UKI4,UKI4,Inner London — East,NUTS 2021 (UK),2,1,False,Replicator,,,,ok,,sin geocodificar,,,"Barometer 6th update, Appendix 5 (data 31-03-2026)",T0285
40,101112731,CARDIMED,HORIZON-MISS-2022-CLIMA-01-06,IA,2022,Carinthi,Austria,AT,AT21,AT21,Kärnten,NUTS 2024,2,1,False,Replicator,,,,ok,,coincide,46.7500001,13.8333333,"Barometer 6th update, Appendix 5 (data 31-03-2026)",T0086
41,101112731,CARDIMED,HORIZON-MISS-2022-CLIMA-01-06,IA,2022,Adriatic Croatia,Croatia,HR,HR03,HR03,Jadranska Hrvatska,NUTS 2024,2,1,False,Replicator,,,,ok,,no coincide (punto en HR050; revisado a mano),45.7834229,15.9519208,"Barometer 6th update, Appendix 5 (data 31-03-2026)",T0004
42,101112731,CARDIMED,HORIZON-MISS-2022-CLIMA-01-06,IA,2022,Nicosia Municipality,Cyprus,CY,CY000,CY000,Kýpros,NUTS 2024,3,1,True,Demonstrator,,,,ok,,coincide,35.027078,33.41038498484849,"Barometer 6th update, Appendix 5 (data 31-03-2026)",T0351
43,101112731,CARDIMED,HORIZON-MISS-2022-CLIMA-01-06,IA,2022,Provence-Alpes-Côte d'Azur Region,France,FR,FRL,FRL,Provence-Alpes-Côte d’Azur,NUTS 2024,1,1,True,Demonstrator,,,,ok,,coincide,43.30126025,5.373151968013632,"Barometer 6th update, Appendix 5 (data 31-03-2026)",T0410
44,101112731,CARDIMED,HORIZON-MISS-2022-CLIMA-01-06,IA,2022,Central Greece Region,Greece,EL,EL6,EL6,Kentriki Elláda,NUTS 2024,1,1,False,Demonstrator,,,,ok,,sin geocodificar,,,"Barometer 6th update, Appendix 5 (data 31-03-2026)",T0094
45,101112731,CARDIMED,HORIZON-MISS-2022-CLIMA-01-06,IA,2022,North - South Aegean,Greece,EL,EL41,EL41,Voreio Aigaio,NUTS 2024,2,1,False,Demonstrator,,,,ok,,sin geocodificar,,,"Barometer 6th update, Appendix 5 (data 31-03-2026)",T0358
46,101112731,CARDIMED,HORIZON-MISS-2022-CLIMA-01-06,IA,2022,Alghero,Italy,IT,ITG25,ITG2D,Sassari,NUTS 2024,3,1,False,Demonstrator,,,,version,ITG25 -> ITG2D: NUTS 2013 (Sassari),coincide,40.5587291,8.3153206,"Barometer 6th update, Appendix 5 (data 31-03-2026)",T0016
47,101112731,CARDIMED,HORIZON-MISS-2022-CLIMA-01-06,IA,2022,Sicily Region,Italy,IT,ITG1,ITG1,Sicilia,NUTS 2024,2,1,True,Demonstrator,,,,ok,,sin geocodificar,,,"Barometer 6th update, Appendix 5 (data 31-03-2026)",T0466
48,101112731,CARDIMED,HORIZON-MISS-2022-CLIMA-01-06,IA,2022,Catania,Italy,IT,ITG17,ITG17,Catania,NUTS 2024,3,1,True,Replicator,,,,ok,,coincide,37.5023612,15.0873718,"Barometer 6th update, Appendix 5 (data 31-03-2026)",T0091
49,101112731,CARDIMED,HORIZON-MISS-2022-CLIMA-01-06,IA,2022,Malta,Malta,MT,MT001,MT001,Malta,NUTS 2024,3,1,False,Replicator,,,,ok,,coincide,35.8885993,14.4476911,"Barometer 6th update, Appendix 5 (data 31-03-2026)",T0305
50,101112731,CARDIMED,HORIZON-MISS-2022-CLIMA-01-06,IA,2022,Alentejo,Portugal,PT,PT18,PT1C,Alentejo,NUTS 2024,2,1,True,Demonstrator,,,,version,PT18 -> PT1C: código NUTS 2021 sustituido en NUTS 2024,coincide,38.49104545,-8.027353044950193,"Barometer 6th update, Appendix 5 (data 31-03-2026)",T0013
51,101112731,CARDIMED,HORIZON-MISS-2022-CLIMA-01-06,IA,2022,Aragon,Spain,ES,ES24,ES24,Aragón,NUTS 2024,2,1,True,Demonstrator,,,,ok,,coincide,41.3787291,-0.7639373,"Barometer 6th update, Appendix 5 (data 31-03-2026)",T0029
52,101112731,CARDIMED,HORIZON-MISS-2022-CLIMA-01-06,IA,2022,Catalonia,Spain,ES,ES51,ES51,Cataluña,NUTS 2024,2,1,True,Replicator,,,,ok,,coincide,41.8523094,1.5745043,"Barometer 6th update, Appendix 5 (data 31-03-2026)",T0090
53,101112731,CARDIMED,HORIZON-MISS-2022-CLIMA-01-06,IA,2022,Murcia City,Spain,ES,ES620,ES620,Murcia,NUTS 2024,3,1,True,Replicator,,,,ok,,coincide,37.629865550000005,-0.9700979264882121,"Barometer 6th update, Appendix 5 (data 31-03-2026)",T0339
54,101112731,CARDIMED,HORIZON-MISS-2022-CLIMA-01-06,IA,2022,Izmit Municipality,Turkey,TR,TR310,TR310,İzmir,SR 2024,3,1,True,Demonstrator,,,,ok,,geocodificado fuera de NUTS,40.7604008,29.933138172296175,"Barometer 6th update, Appendix 5 (data 31-03-2026)",T0229
55,101093864,CLIMAAX,HORIZON-MISS-2021-CLIMA-02-01,Cascade,2021,Municipality of Belsh,Albania,AL,AL02,AL02,Qender,SR 2024,2,1,False,,Cohort 2,Ongoing,,ok,,sin geocodificar,,,"Barometer 6th update, Appendix 5 (data 31-03-2026)",T0325
56,101093864,CLIMAAX,HORIZON-MISS-2021-CLIMA-02-01,Cascade,2021,Municipality of Libohove,Albania,AL,AL03,AL03,Jug,SR 2024,2,1,False,,Cohort 2,Ongoing,,ok,,sin geocodificar,,,"Barometer 6th update, Appendix 5 (data 31-03-2026)",T0329
57,101093864,CLIMAAX,HORIZON-MISS-2021-CLIMA-02-01,Cascade,2021,Neum Municipality,Bosnia and Herzegovina,BA,BA-J,BA01,Federacija Bosne i Hercegovine,SR 2024,2,1,False,,Cohort 2,Ongoing,,no_nuts,Neum (cantón Herzegovina-Neretva) está en la Federación (BA01),geocodificado fuera de NUTS,42.9540616,17.805657336419152,"Barometer 6th update, Appendix 5 (data 31-03-2026)",T0349
58,101093864,CLIMAAX,HORIZON-MISS-2021-CLIMA-02-01,Cascade,2021,"Dobrich Municipality, Dobrich district",Bulgaria,BG,BG332,BG332,Dobrich,NUTS 2024,3,1,False,,Cohort 1,Ongoing,,ok,,coincide,43.5688397,27.8297415,"Barometer 6th update, Appendix 5 (data 31-03-2026)",T0140
59,101093864,CLIMAAX,HORIZON-MISS-2021-CLIMA-02-01,Cascade,2021,Garmen Muncipality,Bulgaria,BG,BG413,BG413,Blagoevgrad,NUTS 2024,3,1,True,,Cohort 1,Ongoing,,ok,,coincide,41.6744205,23.819509586363633,"Barometer 6th update, Appendix 5 (data 31-03-2026)",T0182
60,101093864,CLIMAAX,HORIZON-MISS-2021-CLIMA-02-01,Cascade,2021,Svoge Muncipality,Bulgaria,BG,BG41,BG41,Yugozapaden,NUTS 2024,2,1,True,,Cohort 2,Ongoing,,ok,,coincide,43.0532229,23.4088846,"Barometer 6th update, Appendix 5 (data 31-03-2026)",T0505
61,101093864,CLIMAAX,HORIZON-MISS-2021-CLIMA-02-01,Cascade,2021,Pernik Muncipality,Bulgaria,BG,BG414,BG414,Pernik,NUTS 2024,3,1,True,,Cohort 2,Ongoing,,ok,,coincide,42.6092185,23.0309457,"Barometer 6th update, Appendix 5 (data 31-03-2026)",T0392
62,101093864,CLIMAAX,HORIZON-MISS-2021-CLIMA-02-01,Cascade,2021,Pomorie Municipality,Bulgaria,BG,BG34,BG34,Yugoiztochen,NUTS 2024,2,1,False,,Cohort 2,Ongoing,,ok,,coincide,42.5684133,27.6167754,"Barometer 6th update, Appendix 5 (data 31-03-2026)",T0400
63,101093864,CLIMAAX,HORIZON-MISS-2021-CLIMA-02-01,Cascade,2021,Ruse Municipality,Bulgaria,BG,BG323,BG323,Ruse,NUTS 2024,3,1,False,,Cohort 1,Ongoing,,ok,,coincide,43.84770475,25.954589618284075,"Barometer 6th update, Appendix 5 (data 31-03-2026)",T0444
64,101093864,CLIMAAX,HORIZON-MISS-2021-CLIMA-02-01,Cascade,2021,Silistra Municipality,Bulgaria,BG,BG325,BG325,Silistra,NUTS 2024,3,1,False,,Cohort 1,Ongoing,,ok,,coincide,44.02194765,27.222721525764186,"Barometer 6th update, Appendix 5 (data 31-03-2026)",T0469
65,101093864,CLIMAAX,HORIZON-MISS-2021-CLIMA-02-01,Cascade,2021,Kula Norinska municipality,Croatia,HR,HR037,HR037,Dubrovačko-neretvanska županija,NUTS 2024,3,1,False,,Cohort 2,Ongoing,,ok,,coincide,43.0302324,17.6051727,"Barometer 6th update, Appendix 5 (data 31-03-2026)",T0255
66,101093864,CLIMAAX,HORIZON-MISS-2021-CLIMA-02-01,Cascade,2021,Nicosia Municipality,Cyprus,CY,CY000,CY000,Kýpros,NUTS 2024,3,1,True,,Cohort 2,Ongoing,,ok,,coincide,35.027078,33.41038498484849,"Barometer 6th update, Appendix 5 (data 31-03-2026)",T0351
67,101093864,CLIMAAX,HORIZON-MISS-2021-CLIMA-02-01,Cascade,2021,Southwest Finland Region,Finland,FI,FI1C1,FI1C1,Varsinais-Suomi,NUTS 2024,3,1,True,,Cohort 2,Ongoing,,ok,,coincide,60.4453239,22.2628533,"Barometer 6th update, Appendix 5 (data 31-03-2026)",T0489
68,101093864,CLIMAAX,HORIZON-MISS-2021-CLIMA-02-01,Cascade,2021,Département du Nord,France,FR,FRE11,FRE11,Nord,NUTS 2024,3,1,False,,Cohort 2,Ongoing,,ok,,coincide,50.619940650000004,3.042623430144832,"Barometer 6th update, Appendix 5 (data 31-03-2026)",T0144
69,101093864,CLIMAAX,HORIZON-MISS-2021-CLIMA-02-01,Cascade,2021,Hauts-de-France Region,France,FR,FRE,FRE,Hauts-de-France,NUTS 2024,1,1,True,,Cohort 2,Ongoing,,ok,,coincide,51.04806275,2.375819858683206,"Barometer 6th update, Appendix 5 (data 31-03-2026)",T0210
70,101093864,CLIMAAX,HORIZON-MISS-2021-CLIMA-02-01,Cascade,2021,Region Reunion,France,FR,FRY4,FRY4,La Réunion,NUTS 2024,2,1,False,,Cohort 1,Ongoing,,ok,,sin geocodificar,,,"Barometer 6th update, Appendix 5 (data 31-03-2026)",T0425
71,101093864,CLIMAAX,HORIZON-MISS-2021-CLIMA-02-01,Cascade,2021,District of St. Wendel,Germany,DE,DEC06,DEC06,St. Wendel,NUTS 2024,3,1,False,,Cohort 2,Ongoing,,ok,,sin geocodificar,,,"Barometer 6th update, Appendix 5 (data 31-03-2026)",T0138
72,101093864,CLIMAAX,HORIZON-MISS-2021-CLIMA-02-01,Cascade,2021,Crete Region,Greece,EL,EL43,EL43,Kriti,NUTS 2024,2,1,True,,Cohort 1,Ongoing,,ok,,sin geocodificar,,,"Barometer 6th update, Appendix 5 (data 31-03-2026)",T0126
73,101093864,CLIMAAX,HORIZON-MISS-2021-CLIMA-02-01,Cascade,2021,Dimos Egaleo,Greece,EL,EL302,EL302,Dytikos Tomeas Athinon,NUTS 2024,3,1,False,,Cohort 1,Ongoing,,ok,,sin geocodificar,,,"Barometer 6th update, Appendix 5 (data 31-03-2026)",T0136
74,101093864,CLIMAAX,HORIZON-MISS-2021-CLIMA-02-01,Cascade,2021,Municipality of Mantoudi - Limni - Agia Anna,Greece,EL,EL64,EL64,Sterea Elláda,NUTS 2024,2,1,False,,Cohort 2,Ongoing,,ok,,sin geocodificar,,,"Barometer 6th update, Appendix 5 (data 31-03-2026)",T0330
75,101093864,CLIMAAX,HORIZON-MISS-2021-CLIMA-02-01,Cascade,2021,Municipality of Rafina-Pikermi,Greece,EL,EL306,EL306,Dytiki Attiki,NUTS 2024,3,1,False,,Cohort 1,Ongoing,,ok,,sin geocodificar,,,"Barometer 6th update, Appendix 5 (data 31-03-2026)",T0334
76,101093864,CLIMAAX,HORIZON-MISS-2021-CLIMA-02-01,Cascade,2021,Municipality of Xanthi,Greece,EL,EL512,EL512,Xanthi,NUTS 2024,3,1,False,,Cohort 1,Ongoing,,ok,,sin geocodificar,,,"Barometer 6th update, Appendix 5 (data 31-03-2026)",T0338
77,101093864,CLIMAAX,HORIZON-MISS-2021-CLIMA-02-01,Cascade,2021,Perifereia Attikis,Greece,EL,EL30,EL30,Attiki,NUTS 2024,2,1,False,,Cohort 1,Ongoing,,ok,,sin geocodificar,,,"Barometer 6th update, Appendix 5 (data 31-03-2026)",T0391
78,101093864,CLIMAAX,HORIZON-MISS-2021-CLIMA-02-01,Cascade,2021,Region of Central Macedonia,Greece,EL,EL52,EL52,Kentriki Makedonia,NUTS 2024,2,1,False,,Cohort 1,Ongoing,,ok,,sin geocodificar,,,"Barometer 6th update, Appendix 5 (data 31-03-2026)",T0428
79,101093864,CLIMAAX,HORIZON-MISS-2021-CLIMA-02-01,Cascade,2021,Region of Eastern Macedonia & Thrace,Greece,EL,EL51,EL51,"Anatoliki Makedonia, Thraki",NUTS 2024,2,1,True,,Cohort 2,Ongoing,,ok,,sin geocodificar,,,"Barometer 6th update, Appendix 5 (data 31-03-2026)",T0429
80,101093864,CLIMAAX,HORIZON-MISS-2021-CLIMA-02-01,Cascade,2021,Municipality of Budapest,Hungary,HU,HU110,HU110,Budapest,NUTS 2024,3,1,True,,Cohort 1,Ongoing,,ok,,sin geocodificar,,,"Barometer 6th update, Appendix 5 (data 31-03-2026)",T0327
81,101093864,CLIMAAX,HORIZON-MISS-2021-CLIMA-02-01,Cascade,2021,Louth,Ireland,IE,IE062,IE062,Mid-East,NUTS 2024,3,1,True,,Cohort 2,Ongoing,,ok,,coincide,53.9508294,-6.5403319,"Barometer 6th update, Appendix 5 (data 31-03-2026)",T0286
82,101093864,CLIMAAX,HORIZON-MISS-2021-CLIMA-02-01,Cascade,2021,Tipperary County,Ireland,IE,IE051,IE051,Mid-West,NUTS 2024,3,1,True,,Cohort 2,Ongoing,,ok,,coincide,52.68482145,-7.898147186112796,"Barometer 6th update, Appendix 5 (data 31-03-2026)",T0526
83,101093864,CLIMAAX,HORIZON-MISS-2021-CLIMA-02-01,Cascade,2021,Gemeinde Bozen,Italy,IT,ITH10,ITH10,Bolzano-Bozen,NUTS 2024,3,1,False,,Cohort 2,Ongoing,,ok,,coincide,46.62793535,10.773239150000002,"Barometer 6th update, Appendix 5 (data 31-03-2026)",T0185
84,101093864,CLIMAAX,HORIZON-MISS-2021-CLIMA-02-01,Cascade,2021,Marche,Italy,IT,ITI3,ITI3,Marche,NUTS 2024,2,1,True,,Cohort 1,Ongoing,,ok,,coincide,43.3458388,13.1415872,"Barometer 6th update, Appendix 5 (data 31-03-2026)",T0308
85,101093864,CLIMAAX,HORIZON-MISS-2021-CLIMA-02-01,Cascade,2021,Mountain Community of Valchiavenna,Italy,IT,ITC44,ITC44,Sondrio,NUTS 2024,3,1,True,,Cohort 1,Ongoing,,ok,,sin geocodificar,,,"Barometer 6th update, Appendix 5 (data 31-03-2026)",T0324
86,101093864,CLIMAAX,HORIZON-MISS-2021-CLIMA-02-01,Cascade,2021,Molise Region,Italy,IT,ITF2,ITF2,Molise,NUTS 2024,2,1,True,,Cohort 2,Ongoing,,ok,,coincide,41.5622717,14.6632625,"Barometer 6th update, Appendix 5 (data 31-03-2026)",T0322
87,101093864,CLIMAAX,HORIZON-MISS-2021-CLIMA-02-01,Cascade,2021,Unione dei Comuni della Valcerrina,Italy,IT,ITC18,ITC18,Alessandria,NUTS 2024,3,1,False,,Cohort 2,Ongoing,,ok,,no coincide (punto en ITF12; revisado a mano),42.8131688,13.806637368762201,"Barometer 6th update, Appendix 5 (data 31-03-2026)",T0547
88,101093864,CLIMAAX,HORIZON-MISS-2021-CLIMA-02-01,Cascade,2021,Municipality of Bijelo Polje,Montenegro,ME,ME000,ME000,Црна Гора,SR 2024,3,1,False,,Cohort 2,Ongoing,,ok,,geocodificado fuera de NUTS,43.0598004,19.5747298,"Barometer 6th update, Appendix 5 (data 31-03-2026)",T0326
89,101093864,CLIMAAX,HORIZON-MISS-2021-CLIMA-02-01,Cascade,2021,Meteorological Department Curaçao,Netherlands,NL,NO NUTS,,,,,0,False,,Cohort 1,Ongoing,,no_nuts,fuera del sistema NUTS (tercer país o ámbito no territorial),sin geocodificar,,,"Barometer 6th update, Appendix 5 (data 31-03-2026)",T0318
90,101093864,CLIMAAX,HORIZON-MISS-2021-CLIMA-02-01,Cascade,2021,Lodzkie Region,Poland,PL,PL711,PL711,Miasto Łódź,NUTS 2024,3,1,False,,Cohort 2,Ongoing,,ok,,coincide,51.76009245,19.427581463140417,"Barometer 6th update, Appendix 5 (data 31-03-2026)",T0283
91,101093864,CLIMAAX,HORIZON-MISS-2021-CLIMA-02-01,Cascade,2021,CIMAT - Comunidade Intermunicipal do Alto Tâmega e Barroso,Portugal,PT,PT11B,PT11B,Alto Tâmega e Barroso,NUTS 2024,3,1,False,,Cohort 2,Ongoing,,ok,,coincide,41.7434506,-7.4712149,"Barometer 6th update, Appendix 5 (data 31-03-2026)",T0080
92,101093864,CLIMAAX,HORIZON-MISS-2021-CLIMA-02-01,Cascade,2021,CIMRL - Comunidade Intermunicipal da Região de Leiria,Portugal,PT,PT193,PT193,Região de Leiria,NUTS 2024,3,1,False,,Cohort 2,Ongoing,,ok,,coincide,39.77749435,-8.84389764012261,"Barometer 6th update, Appendix 5 (data 31-03-2026)",T0081
93,101093864,CLIMAAX,HORIZON-MISS-2021-CLIMA-02-01,Cascade,2021,Comunidade Intermunicipal da Beira Baixa,Portugal,PT,PT16,PT195,Beira Baixa,NUTS 2024,3,1,False,,Cohort 1,Ongoing,,nivel,PT16 es la región Centro; la CIM Beira Baixa es PT195,coincide,39.93098855,-7.487542971241981,"Barometer 6th update, Appendix 5 (data 31-03-2026)",T0119
94,101093864,CLIMAAX,HORIZON-MISS-2021-CLIMA-02-01,Cascade,2021,Comunidade Intermunicipal das Beiras e Serra da Estrela,Portugal,PT,PT16,PT196,Beiras e Serra da Estrela,NUTS 2024,3,1,False,,Cohort 1,Ongoing,,nivel,PT16 es la región Centro; la CIM Beiras e Serra da Estrela es PT196,coincide,40.507572350000004,-7.29408498962067,"Barometer 6th update, Appendix 5 (data 31-03-2026)",T0120
95,101093864,CLIMAAX,HORIZON-MISS-2021-CLIMA-02-01,Cascade,2021,Comunidade Intermunicipal das Região de Aveiro,Portugal,PT,PT191,PT191,Região de Aveiro,NUTS 2024,3,1,False,,Cohort 2,Ongoing,,ok,,coincide,40.68574015,-8.520178681910679,"Barometer 6th update, Appendix 5 (data 31-03-2026)",T0121
96,101093864,CLIMAAX,HORIZON-MISS-2021-CLIMA-02-01,Cascade,2021,Baixo Alentejo Intermunicipal Community,Portugal,PT,PT181,PT1C2,Baixo Alentejo,NUTS 2024,3,1,True,,Cohort 1,Ongoing,,error,PT181 es Alentejo Litoral; Baixo Alentejo es PT184 (2021) / PT1C2 (2024),coincide,37.82491315,-7.85717437419054,"Barometer 6th update, Appendix 5 (data 31-03-2026)",T0048
97,101093864,CLIMAAX,HORIZON-MISS-2021-CLIMA-02-01,Cascade,2021,Viana do Castelo,Portugal,PT,PT11,PT11,Norte,NUTS 2024,2,1,True,,Cohort 1,Ongoing,,ok,,coincide,41.8803257,-8.523255293554344,"Barometer 6th update, Appendix 5 (data 31-03-2026)",T0567
98,101093864,CLIMAAX,HORIZON-MISS-2021-CLIMA-02-01,Cascade,2021,Cluj Metropolitan area,Romania,RO,RO11,RO11,Nord-Vest,NUTS 2024,2,1,True,,Cohort 1,Ongoing,,ok,,coincide,46.769379,23.5899542,"Barometer 6th update, Appendix 5 (data 31-03-2026)",T0114
99,101093864,CLIMAAX,HORIZON-MISS-2021-CLIMA-02-01,Cascade,2021,National Institute of Hydrology and Water Management,Romania,RO,RO321,RO321,Bucureşti,NUTS 2024,3,1,False,,Cohort 1,Ongoing,,ok,,sin geocodificar,,,"Barometer 6th update, Appendix 5 (data 31-03-2026)",T0346
100,101093864,CLIMAAX,HORIZON-MISS-2021-CLIMA-02-01,Cascade,2021,Targu Secuiesc Municipality,Romania,RO,RO12,RO12,Centru,NUTS 2024,2,1,True,,Cohort 1,Ongoing,,ok,,coincide,46.0007042,26.1373615,"Barometer 6th update, Appendix 5 (data 31-03-2026)",T0510
101,101093864,CLIMAAX,HORIZON-MISS-2021-CLIMA-02-01,Cascade,2021,Provincial Secretariat for Urban Planning and Environmental Protection,Serbia,RS,NO NUTS,RS12,Регион Војводине,SR 2024,2,1,False,,Cohort 1,Ongoing,,no_nuts,Secretaría provincial de Vojvodina: Regija Vojvodine (RS12),sin geocodificar,,,"Barometer 6th update, Appendix 5 (data 31-03-2026)",T0414
102,101093864,CLIMAAX,HORIZON-MISS-2021-CLIMA-02-01,Cascade,2021,Banská Bystrica Self Governing Region,Slovakia,SK,SK03,SK03,Stredné Slovensko,NUTS 2024,2,1,True,,Cohort 1,Ongoing,,ok,,coincide,48.7652795,19.2071386,"Barometer 6th update, Appendix 5 (data 31-03-2026)",T0050
103,101093864,CLIMAAX,HORIZON-MISS-2021-CLIMA-02-01,Cascade,2021,Košice Self Governing Region,Slovakia,SK,SK04,SK042,Košický kraj,NUTS 2024,3,1,True,,Cohort 1,Ongoing,,nivel,SK04 es Východné Slovensko; Košický kraj es SK042,no coincide (punto en SK010; revisado a mano),48.16072585,17.14792868351475,"Barometer 6th update, Appendix 5 (data 31-03-2026)",T0248
104,101093864,CLIMAAX,HORIZON-MISS-2021-CLIMA-02-01,Cascade,2021,Trnava Self Governing Region,Slovakia,SK,SK021,SK021,Trnavský kraj,NUTS 2024,3,1,True,,Cohort 2,Ongoing,,ok,,no coincide (punto en SK010; revisado a mano),48.16072585,17.14792868351475,"Barometer 6th update, Appendix 5 (data 31-03-2026)",T0536
105,101093864,CLIMAAX,HORIZON-MISS-2021-CLIMA-02-01,Cascade,2021,Žilina Region,Slovakia,SK,SK031,SK031,Žilinský kraj,NUTS 2024,3,1,True,,Cohort 2,Ongoing,,ok,,coincide,49.1775455,19.205817977591973,"Barometer 6th update, Appendix 5 (data 31-03-2026)",T0617
106,101093864,CLIMAAX,HORIZON-MISS-2021-CLIMA-02-01,Cascade,2021,Pososki razvojni center,Slovenia,SI,SI043,SI043,Goriška,NUTS 2024,3,1,False,,Cohort 2,Ongoing,,ok,,no coincide (punto en SI037; revisado a mano),45.8045894,15.1333655,"Barometer 6th update, Appendix 5 (data 31-03-2026)",T0404
107,101093864,CLIMAAX,HORIZON-MISS-2021-CLIMA-02-01,Cascade,2021,Ayuntamiento de Huércal-Overa,Spain,ES,ES611,ES611,Almería,NUTS 2024,3,1,False,,Cohort 2,Ongoing,,ok,,coincide,37.3905817,-1.9437459766863698,"Barometer 6th update, Appendix 5 (data 31-03-2026)",T0044
108,101093864,CLIMAAX,HORIZON-MISS-2021-CLIMA-02-01,Cascade,2021,Diputación Provincial de Alicante,Spain,ES,ES521,ES521,Alicante/Alacant,NUTS 2024,3,1,False,,Cohort 1,Ongoing,,ok,,coincide,38.34583345,-0.4922815908709137,"Barometer 6th update, Appendix 5 (data 31-03-2026)",T0137
109,101093864,CLIMAAX,HORIZON-MISS-2021-CLIMA-02-01,Cascade,2021,Municipality of Quart de Poblet,Spain,ES,ES523,ES523,Valencia/València,NUTS 2024,3,1,False,,Cohort 1,Ongoing,,ok,,coincide,39.48018715,-0.4331848934641751,"Barometer 6th update, Appendix 5 (data 31-03-2026)",T0333
110,101093864,CLIMAAX,HORIZON-MISS-2021-CLIMA-02-01,Cascade,2021,Murcia Region,Spain,ES,ES62,ES62,Región de Murcia,NUTS 2024,2,1,True,,Cohort 2,Ongoing,,ok,,coincide,37.9923795,-1.1305431,"Barometer 6th update, Appendix 5 (data 31-03-2026)",T0340
111,101093864,CLIMAAX,HORIZON-MISS-2021-CLIMA-02-01,Cascade,2021,Håbo kommun,Sweden,SE,SE211,SE211,Jönköpings län,NUTS 2024,3,1,False,,Cohort 2,Ongoing,,ok,,coincide,57.9160149,14.0527108,"Barometer 6th update, Appendix 5 (data 31-03-2026)",T0216
112,101093864,CLIMAAX,HORIZON-MISS-2021-CLIMA-02-01,Cascade,2021,Länsstyrelsen Västernorrland,Sweden,SE,SE321,SE321,Västernorrlands län,NUTS 2024,3,1,False,,Cohort 2,Ongoing,,ok,,coincide,62.632628499999996,17.945816049999998,"Barometer 6th update, Appendix 5 (data 31-03-2026)",T0297
113,101093864,CLIMAAX,HORIZON-MISS-2021-CLIMA-02-01,Cascade,2021,Skåne,Sweden,SE,SE224,SE224,Skåne län,NUTS 2024,3,1,False,,Cohort 2,Ongoing,,ok,,coincide,55.8479416,13.633711699754647,"Barometer 6th update, Appendix 5 (data 31-03-2026)",T0473
114,101093864,CLIMAAX,HORIZON-MISS-2021-CLIMA-02-01,Cascade,2021,Antalya Metropolitan Municipality,Turkey,TR,TR611,TR611,Antalya,SR 2024,3,1,False,,Cohort 1,Ongoing,,ok,,geocodificado fuera de NUTS,36.88083105,30.70750339400844,"Barometer 6th update, Appendix 5 (data 31-03-2026)",T0027
115,101093864,CLIMAAX,HORIZON-MISS-2021-CLIMA-02-01,Cascade,2021,Aydın İli Damizlik Siğir Yetiştiricileri Birliği,Turkey,TR,TR32,TR32,"Aydın, Denizli, Muğla",SR 2024,2,1,False,,Cohort 1,Ongoing,,ok,,sin geocodificar,,,"Barometer 6th update, Appendix 5 (data 31-03-2026)",T0043
116,101093864,CLIMAAX,HORIZON-MISS-2021-CLIMA-02-01,Cascade,2021,Hopa Belediyesi,Turkey,TR,TR905,TR905,Artvin,SR 2024,3,1,False,,Cohort 2,Ongoing,,ok,,geocodificado fuera de NUTS,41.395466299999995,41.421881211455656,"Barometer 6th update, Appendix 5 (data 31-03-2026)",T0214
117,101093864,CLIMAAX,HORIZON-MISS-2021-CLIMA-02-01,Cascade,2021,Izmir City,Turkey,TR,TR31,TR31,İzmir,SR 2024,2,1,True,,Cohort 1,Ongoing,,ok,,geocodificado fuera de NUTS,37.8513204,27.519655153828452,"Barometer 6th update, Appendix 5 (data 31-03-2026)",T0228
118,101093864,CLIMAAX,HORIZON-MISS-2021-CLIMA-02-01,Cascade,2021,Marmara Municipalities Union,Turkey,TR,TR2,TR2,Batı Marmara,SR 2024,1,1,False,,Cohort 2,Ongoing,,ok,,geocodificado fuera de NUTS,41.019008,28.9687391,"Barometer 6th update, Appendix 5 (data 31-03-2026)",T0310
119,101093864,CLIMAAX,HORIZON-MISS-2021-CLIMA-02-01,Cascade,2021,Mersin Metropolitan Municipality,Turkey,TR,TR622,TR622,Mersin,SR 2024,3,1,False,,Cohort 2,Ongoing,,ok,,geocodificado fuera de NUTS,36.79133065,34.62392583451408,"Barometer 6th update, Appendix 5 (data 31-03-2026)",T0317
120,101093864,CLIMAAX,HORIZON-MISS-2021-CLIMA-02-01,Cascade,2021,Şanlıurfa Metropolitan Municipality,Turkey,TR,TRC2,TRC2,"Şanlıurfa, Diyarbakır",SR 2024,2,1,True,,Cohort 1,Ongoing,,ok,,geocodificado fuera de NUTS,40.9917696,39.75149196503165,"Barometer 6th update, Appendix 5 (data 31-03-2026)",T0615
121,101093864,CLIMAAX,HORIZON-MISS-2021-CLIMA-02-01,Cascade,2021,Bilhorod Dnistrovskyi,Ukraine,UA,UA422,UA422,Білгород-Дністровський Район,SR 2024,3,1,False,,Cohort 2,Ongoing,,ok,,geocodificado fuera de NUTS,46.1909823,30.345784,"Barometer 6th update, Appendix 5 (data 31-03-2026)",T0060
122,101139637,ClimaGen,HORIZON-MISS-2023-CLIMA-CITIES-01-01,IA,2023,Tartu City,Estonia,EE,EE008,EE008,Lõuna-Eesti,NUTS 2024,3,1,True,Demonstrator,,,,ok,,coincide,58.3819747,26.7289356,"Barometer 6th update, Appendix 5 (data 31-03-2026)",T0511
123,101139637,ClimaGen,HORIZON-MISS-2023-CLIMA-CITIES-01-01,IA,2023,Thessaloniki Municipality,Greece,EL,EL522,EL522,Thessaloniki,NUTS 2024,3,1,True,Replicator,,,,ok,,sin geocodificar,,,"Barometer 6th update, Appendix 5 (data 31-03-2026)",T0522
124,101139637,ClimaGen,HORIZON-MISS-2023-CLIMA-CITIES-01-01,IA,2023,Torino,Italy,IT,ITC11,ITC11,Torino,NUTS 2024,3,1,False,Demonstrator,,,,ok,,coincide,45.0677551,7.6824892,"Barometer 6th update, Appendix 5 (data 31-03-2026)",T0530
125,101139637,ClimaGen,HORIZON-MISS-2023-CLIMA-CITIES-01-01,IA,2023,Eindhoven,Netherlands,NL,NL414,NL414,Zuidoost-Noord-Brabant,NUTS 2024,3,1,False,Replicator,,,,ok,,coincide,51.4392648,5.478633,"Barometer 6th update, Appendix 5 (data 31-03-2026)",T0154
126,101139637,ClimaGen,HORIZON-MISS-2023-CLIMA-CITIES-01-01,IA,2023,Trondheim,Norway,NO,NO060,NO060,Trøndelag/Trööndelage,NUTS 2024,3,1,False,Demonstrator,,,,ok,,coincide,63.4304475,10.3952118,"Barometer 6th update, Appendix 5 (data 31-03-2026)",T0538
127,101139637,ClimaGen,HORIZON-MISS-2023-CLIMA-CITIES-01-01,IA,2023,Gdansk,Poland,PL,PL633,PL633,Trójmiejski,NUTS 2024,3,1,False,Demonstrator,,,,ok,,coincide,54.3706858,18.61298309190141,"Barometer 6th update, Appendix 5 (data 31-03-2026)",T0183
128,101139637,ClimaGen,HORIZON-MISS-2023-CLIMA-CITIES-01-01,IA,2023,Cluj-Napoca Municipality,Romania,RO,RO063,RO113,Cluj,NUTS 2024,3,1,True,Replicator,,,,error,RO063 no existe; Cluj es RO113,coincide,46.769379,23.5899542,"Barometer 6th update, Appendix 5 (data 31-03-2026)",T0115
129,101139637,ClimaGen,HORIZON-MISS-2023-CLIMA-CITIES-01-01,IA,2023,Belgrade,Serbia,RS,RS110,RS110,Београдска област,SR 2024,3,1,False,Demonstrator,,,,ok,,geocodificado fuera de NUTS,44.8178131,20.4568974,"Barometer 6th update, Appendix 5 (data 31-03-2026)",T0057
130,101139637,ClimaGen,HORIZON-MISS-2023-CLIMA-CITIES-01-01,IA,2023,Gernika,Spain,ES,ES213,ES213,Bizkaia,NUTS 2024,3,1,False,Replicator,,,,ok,,coincide,43.3143976,-2.6778593,"Barometer 6th update, Appendix 5 (data 31-03-2026)",T0187
131,101156281,ClimaPannonia,HORIZON-MISS-2023-CLIMA-01-01,IA,2023,Koprivnica Križevci County,Croatia,HR,HR063,HR063,Koprivničko-križevačka županija,NUTS 2024,3,1,True,Replicator,,,,ok,,coincide,46.1254508,16.8221278,"Barometer 6th update, Appendix 5 (data 31-03-2026)",T0243
132,101156281,ClimaPannonia,HORIZON-MISS-2023-CLIMA-01-01,IA,2023,Southern Moravia,Czechia,CZ,CZ064,CZ064,Jihomoravský kraj,NUTS 2024,3,1,False,Replicator,,,,ok,,coincide,49.2837667,17.0718052,"Barometer 6th update, Appendix 5 (data 31-03-2026)",T0486
133,101156281,ClimaPannonia,HORIZON-MISS-2023-CLIMA-01-01,IA,2023,Fertőd,Hungary,HU,HU221,HU221,Győr-Moson-Sopron,NUTS 2024,3,1,False,Demonstrator,,,,ok,,coincide,47.6216348,16.8645834,"Barometer 6th update, Appendix 5 (data 31-03-2026)",T0166
134,101156281,ClimaPannonia,HORIZON-MISS-2023-CLIMA-01-01,IA,2023,Püspökszilágy,Hungary,HU,HU120,HU120,Pest,NUTS 2024,3,1,False,Demonstrator,,,,ok,,coincide,47.7402533,19.3154773,"Barometer 6th update, Appendix 5 (data 31-03-2026)",T0419
135,101156281,ClimaPannonia,HORIZON-MISS-2023-CLIMA-01-01,IA,2023,Szarvas Municipality,Hungary,HU,HU332,HU332,Békés,NUTS 2024,3,1,True,Demonstrator,,,,ok,,sin geocodificar,,,"Barometer 6th update, Appendix 5 (data 31-03-2026)",T0506
136,101156281,ClimaPannonia,HORIZON-MISS-2023-CLIMA-01-01,IA,2023,Rusca,Romania,RO,RO422,RO422,Caraş-Severin,NUTS 2024,3,1,False,Replicator,,,,ok,,no coincide (punto en RO216; revisado a mano),46.6436873,28.0640762,"Barometer 6th update, Appendix 5 (data 31-03-2026)",T0443
137,101156281,ClimaPannonia,HORIZON-MISS-2023-CLIMA-01-01,IA,2023,Autonomous Province of Vojvodina,Serbia,RS,RS127,RS127,Сремска област,SR 2024,3,1,True,Demonstrator,,,,ok,,geocodificado fuera de NUTS,45.25341125,19.848462918178765,"Barometer 6th update, Appendix 5 (data 31-03-2026)",T0039
138,101156281,ClimaPannonia,HORIZON-MISS-2023-CLIMA-01-01,IA,2023,Temerin,Serbia,RS,RS127,RS127,Сремска област,SR 2024,3,1,False,Demonstrator,,,,ok,,geocodificado fuera de NUTS,45.4073868,19.8876546,"Barometer 6th update, Appendix 5 (data 31-03-2026)",T0515
139,101156281,ClimaPannonia,HORIZON-MISS-2023-CLIMA-01-01,IA,2023,Bački Jarak,Serbia,RS,RS123,RS123,Јужнобачка област,SR 2024,3,1,False,Demonstrator,,,,ok,,geocodificado fuera de NUTS,45.372111,19.8728898,"Barometer 6th update, Appendix 5 (data 31-03-2026)",T0054
140,101156281,ClimaPannonia,HORIZON-MISS-2023-CLIMA-01-01,IA,2023,Rimski Šančevi,Serbia,RS,RS111,RS123,Јужнобачка област,SR 2024,3,1,False,Demonstrator,,,,no_nuts,RS111 no existe; Rimski Šančevi (Novi Sad) está en Južnobačka oblast (RS123),geocodificado fuera de NUTS,45.6675653,19.086142,"Barometer 6th update, Appendix 5 (data 31-03-2026)",T0436
141,101094021,CLIMAS,HORIZON-MISS-2021-CLIMA-02-05,RIA,2021,Municipality of Edermünde,Germany,DE,DE735,DE735,Schwalm-Eder-Kreis,NUTS 2024,3,1,False,,,,,ok,,sin geocodificar,,,"Barometer 6th update, Appendix 5 (data 31-03-2026)",T0328
142,101094021,CLIMAS,HORIZON-MISS-2021-CLIMA-02-05,RIA,2021,Chios,Greece,EL,EL413,EL413,Chios,NUTS 2024,3,1,False,,,,,ok,,sin geocodificar,,,"Barometer 6th update, Appendix 5 (data 31-03-2026)",T0106
143,101094021,CLIMAS,HORIZON-MISS-2021-CLIMA-02-05,RIA,2021,Riga,Latvia,LV,LV006,LV00A,Rīga,NUTS 2024,3,1,False,,,,,version,LV006 -> LV00A: código NUTS 2021 sustituido en NUTS 2024,coincide,56.9493977,24.1051846,"Barometer 6th update, Appendix 5 (data 31-03-2026)",T0435
144,101094021,CLIMAS,HORIZON-MISS-2021-CLIMA-02-05,RIA,2021,Vilnius City,Lithuania,LT,LT011,LT011,Vilniaus apskritis,NUTS 2024,3,1,True,,,,,ok,,coincide,54.6870458,25.2829111,"Barometer 6th update, Appendix 5 (data 31-03-2026)",T0571
145,101094021,CLIMAS,HORIZON-MISS-2021-CLIMA-02-05,RIA,2021,Catalonia,Spain,ES,ES51,ES51,Cataluña,NUTS 2024,2,1,True,,,,,ok,,coincide,41.8523094,1.5745043,"Barometer 6th update, Appendix 5 (data 31-03-2026)",T0090
146,101112705,CLIMATEFIT,HORIZON-MISS-2022-CLIMA-01-02,RIA,2022,Flanders,Belgium,BE,BE2,BE2,Vlaams Gewest,NUTS 2024,1,1,True,,,,,ok,,coincide,51.096246199999996,4.178629103169916,"Barometer 6th update, Appendix 5 (data 31-03-2026)",T0171
147,101112705,CLIMATEFIT,HORIZON-MISS-2022-CLIMA-01-02,RIA,2022,Bohemia Region,Czechia,CZ,CZ02,CZ02,Střední Čechy,NUTS 2024,2,1,False,,,,,ok,,coincide,50.0601579,13.83074794209991,"Barometer 6th update, Appendix 5 (data 31-03-2026)",T0067
148,101112705,CLIMATEFIT,HORIZON-MISS-2022-CLIMA-01-02,RIA,2022,Strasbourg City,France,FR,FR211,FRF11,Bas-Rhin,NUTS 2024,3,1,True,,,,,version,FR211 -> FRF11: NUTS 2013 (Bas-Rhin),sin geocodificar,,,"Barometer 6th update, Appendix 5 (data 31-03-2026)",T0499
149,101112705,CLIMATEFIT,HORIZON-MISS-2022-CLIMA-01-02,RIA,2022,Lombardia Region,Italy,IT,ITC4,ITC4,Lombardia,NUTS 2024,2,1,False,,,,,ok,,coincide,45.4906014,9.1965611,"Barometer 6th update, Appendix 5 (data 31-03-2026)",T0284
150,101112705,CLIMATEFIT,HORIZON-MISS-2022-CLIMA-01-02,RIA,2022,Porto Municipality,Portugal,PT,PT11A,PT11A,Área Metropolitana do Porto,NUTS 2024,3,1,True,,,,,ok,,sin geocodificar,,,"Barometer 6th update, Appendix 5 (data 31-03-2026)",T0403
151,101112705,CLIMATEFIT,HORIZON-MISS-2022-CLIMA-01-02,RIA,2022,Centru Region,Romania,RO,RO12,RO12,Centru,NUTS 2024,2,1,False,,,,,ok,,sin geocodificar,,,"Barometer 6th update, Appendix 5 (data 31-03-2026)",T0100
152,101112705,CLIMATEFIT,HORIZON-MISS-2022-CLIMA-01-02,RIA,2022,Podravska,Slovenia,SI,SI032,SI032,Podravska,NUTS 2024,3,1,True,,,,,ok,,sin geocodificar,,,"Barometer 6th update, Appendix 5 (data 31-03-2026)",T0399
153,101112705,CLIMATEFIT,HORIZON-MISS-2022-CLIMA-01-02,RIA,2022,Province of Àvila,Spain,ES,ES411,ES411,Ávila,NUTS 2024,3,1,False,,,,,ok,,sin geocodificar,,,"Barometer 6th update, Appendix 5 (data 31-03-2026)",T0413
154,101112728,ClimEmpower,HORIZON-MISS-2022-CLIMA-01-01,RIA,2022,Osijek-Baranja County,Croatia,HR,HR025,HR025,Osječko-baranjska županija,NUTS 2024,3,1,False,,,,,ok,,coincide,45.541111,18.4384615,"Barometer 6th update, Appendix 5 (data 31-03-2026)",T0375
155,101112728,ClimEmpower,HORIZON-MISS-2022-CLIMA-01-01,RIA,2022,Troodos,Cyprus,CY,CY0,CY0,Kýpros,NUTS 2024,1,1,False,,,,,ok,,coincide,34.9239083,32.8817347,"Barometer 6th update, Appendix 5 (data 31-03-2026)",T0539
156,101112728,ClimEmpower,HORIZON-MISS-2022-CLIMA-01-01,RIA,2022,Central Greece Region,Greece,EL,EL24,EL64,Sterea Elláda,NUTS 2024,2,1,False,,,,,version,EL24 -> EL64: NUTS 2010 (Sterea Elláda),sin geocodificar,,,"Barometer 6th update, Appendix 5 (data 31-03-2026)",T0094
157,101112728,ClimEmpower,HORIZON-MISS-2022-CLIMA-01-01,RIA,2022,Sicily Region,Italy,IT,ITG1,ITG1,Sicilia,NUTS 2024,2,1,True,,,,,ok,,sin geocodificar,,,"Barometer 6th update, Appendix 5 (data 31-03-2026)",T0466
158,101112728,ClimEmpower,HORIZON-MISS-2022-CLIMA-01-01,RIA,2022,Western Costa del Sol,Spain,ES,ES61,ES61,Andalucía,NUTS 2024,2,1,False,,,,,ok,,sin geocodificar,,,"Barometer 6th update, Appendix 5 (data 31-03-2026)",T0594
159,101212947,CLIMINVEST,HORIZON-MISS-2024-CLIMA-01,IA,2024,Amathouda Municipality,Cyprus,CY,CY000,CY000,Kýpros,NUTS 2024,3,1,False,Demonstrator,,,,ok,,coincide,34.7083446,33.1204148,"Barometer 6th update, Appendix 5 (data 31-03-2026)",T0020
160,101212947,CLIMINVEST,HORIZON-MISS-2024-CLIMA-01,IA,2024,"Tavropos, Thessaly",Greece,EL,EL61,EL61,Thessalia,NUTS 2024,2,1,False,Demonstrator,,,,ok,,sin geocodificar,,,"Barometer 6th update, Appendix 5 (data 31-03-2026)",T0513
161,101212947,CLIMINVEST,HORIZON-MISS-2024-CLIMA-01,IA,2024,Trikala - Astiki Anaptyxi Trikalon,Greece,EL,EL611,EL611,"Karditsa, Trikala",NUTS 2024,3,1,False,Replicator,,,,ok,,sin geocodificar,,,"Barometer 6th update, Appendix 5 (data 31-03-2026)",T0535
162,101212947,CLIMINVEST,HORIZON-MISS-2024-CLIMA-01,IA,2024,Ventimiglia,Italy,IT,ITC31,ITC31,Imperia,NUTS 2024,3,1,False,Replicator,,,,ok,,coincide,43.7917623,7.6033131,"Barometer 6th update, Appendix 5 (data 31-03-2026)",T0565
163,101212947,CLIMINVEST,HORIZON-MISS-2024-CLIMA-01,IA,2024,Principality of Asturias,Spain,ES,ES120,ES120,Asturias,NUTS 2024,3,1,True,Replicator,,,,ok,,coincide,43.3133868,-5.94192,"Barometer 6th update, Appendix 5 (data 31-03-2026)",T0409
164,101213138,COAST-SCAPES,HORIZON-MISS-2024-CLIMA-01,IA,2024,Magdalena Estuary,Colombia,CO,NO NUTS,,,,,0,False,Demonstrator,,,,no_nuts,fuera del sistema NUTS (tercer país o ámbito no territorial),sin geocodificar,,,"Barometer 6th update, Appendix 5 (data 31-03-2026)",T0301
165,101213138,COAST-SCAPES,HORIZON-MISS-2024-CLIMA-01,IA,2024,Wadden Sea,Denmark,DK,DK03,DK03,Syddanmark,NUTS 2024,2,1,False,Demonstrator,,,,ok,,coincide,55.1886602,8.5000172234543,"Barometer 6th update, Appendix 5 (data 31-03-2026)",T0580
166,101213138,COAST-SCAPES,HORIZON-MISS-2024-CLIMA-01,IA,2024,Venice lagoon,Italy,IT,ITH35,ITH35,Venezia,NUTS 2024,3,1,False,Demonstrator,,,,ok,,coincide,45.5013912,12.3262886,"Barometer 6th update, Appendix 5 (data 31-03-2026)",T0564
167,101213138,COAST-SCAPES,HORIZON-MISS-2024-CLIMA-01,IA,2024,Mar Chica Lagoon,Morocco,MA,NO NUTS,,,,,0,False,Demonstrator,,,,no_nuts,fuera del sistema NUTS (tercer país o ámbito no territorial),sin geocodificar,,,"Barometer 6th update, Appendix 5 (data 31-03-2026)",T0307
168,101213138,COAST-SCAPES,HORIZON-MISS-2024-CLIMA-01,IA,2024,Inhambane Bay,Mozambique,MZ,NO NUTS,,,,,0,False,Demonstrator,,,,no_nuts,fuera del sistema NUTS (tercer país o ámbito no territorial),geocodificado fuera de NUTS,-21.7080002,35.4528008,"Barometer 6th update, Appendix 5 (data 31-03-2026)",T0220
169,101213138,COAST-SCAPES,HORIZON-MISS-2024-CLIMA-01,IA,2024,Aveiro lagoon,Portugal,PT,PT191,PT191,Região de Aveiro,NUTS 2024,3,1,False,Replicator,,,,ok,,coincide,40.7702322,-8.6433869,"Barometer 6th update, Appendix 5 (data 31-03-2026)",T0042
170,101213138,COAST-SCAPES,HORIZON-MISS-2024-CLIMA-01,IA,2024,Danube delta,Romania,RO,RO225,RO225,Tulcea,NUTS 2024,3,1,False,Replicator,,,,ok,,coincide,44.8989813,29.22506796185597,"Barometer 6th update, Appendix 5 (data 31-03-2026)",T0133
171,101213138,COAST-SCAPES,HORIZON-MISS-2024-CLIMA-01,IA,2024,Catalonia,Spain,ES,ES51,ES51,Cataluña,NUTS 2024,2,1,True,Replicator,,,,ok,,coincide,41.8523094,1.5745043,"Barometer 6th update, Appendix 5 (data 31-03-2026)",T0090
172,101213138,COAST-SCAPES,HORIZON-MISS-2024-CLIMA-01,IA,2024,Murcia Region,Spain,ES,ES620,ES620,Murcia,NUTS 2024,3,1,True,Demonstrator,,,,ok,,coincide,37.9923795,-1.1305431,"Barometer 6th update, Appendix 5 (data 31-03-2026)",T0340
173,101213138,COAST-SCAPES,HORIZON-MISS-2024-CLIMA-01,IA,2024,Danube delta,Ukraine,UA,NO NUTS,,,,,0,False,Replicator,,,,no_nuts,fuera del sistema NUTS (tercer país o ámbito no territorial),sin geocodificar,,,"Barometer 6th update, Appendix 5 (data 31-03-2026)",T0134
174,101139598,Commit2Green,HORIZON-MISS-2023-CLIMA-CITIES-01-01,IA,2023,Sarajevo,Bosnia and Herzegovina,BA,BA1,BA01,Federacija Bosne i Hercegovine,SR 2024,2,1,False,Demonstrator,,,,no_nuts,Statistical Region: Federacija Bosne i Hercegovine (BA01),geocodificado fuera de NUTS,43.8519774,18.3866868,"Barometer 6th update, Appendix 5 (data 31-03-2026)",T0453
175,101139598,Commit2Green,HORIZON-MISS-2023-CLIMA-CITIES-01-01,IA,2023,Vejle,Denmark,DK,DK032,DK032,Sydjylland,NUTS 2024,3,1,False,Demonstrator,,,,ok,,coincide,55.707931,9.5329419,"Barometer 6th update, Appendix 5 (data 31-03-2026)",T0562
176,101139598,Commit2Green,HORIZON-MISS-2023-CLIMA-CITIES-01-01,IA,2023,Mannheim,Germany,DE,DE126,DE126,"Mannheim, Stadtkreis",NUTS 2024,3,1,False,Demonstrator,,,,ok,,coincide,49.4892913,8.4673098,"Barometer 6th update, Appendix 5 (data 31-03-2026)",T0306
177,101139598,Commit2Green,HORIZON-MISS-2023-CLIMA-CITIES-01-01,IA,2023,Thessaloniki Municipality,Greece,EL,EL522,EL522,Thessaloniki,NUTS 2024,3,1,True,Demonstrator,,,,ok,,sin geocodificar,,,"Barometer 6th update, Appendix 5 (data 31-03-2026)",T0522
178,101139598,Commit2Green,HORIZON-MISS-2023-CLIMA-CITIES-01-01,IA,2023,Milan,Italy,IT,ITC4C,ITC4C,Milano,NUTS 2024,3,1,False,Demonstrator,,,,ok,,coincide,45.4641943,9.1896346,"Barometer 6th update, Appendix 5 (data 31-03-2026)",T0321
179,101139598,Commit2Green,HORIZON-MISS-2023-CLIMA-CITIES-01-01,IA,2023,The Hague,Netherlands,NL,NL332,NL361,Agglomeratie ’s-Gravenhage,NUTS 2024,3,1,False,Demonstrator,,,,version,NL332 -> NL361: código NUTS 2021 sustituido en NUTS 2024,coincide,52.0799838,4.3113461,"Barometer 6th update, Appendix 5 (data 31-03-2026)",T0519
180,101139598,Commit2Green,HORIZON-MISS-2023-CLIMA-CITIES-01-01,IA,2023,Warsaw City,Poland,PL,PL911,PL911,Miasto Warszawa,NUTS 2024,3,1,True,Demonstrator,,,,ok,,coincide,52.2293327,21.007687,"Barometer 6th update, Appendix 5 (data 31-03-2026)",T0583
181,101139598,Commit2Green,HORIZON-MISS-2023-CLIMA-CITIES-01-01,IA,2023,Barcelona Metropolitan Area,Spain,ES,ES511,ES511,Barcelona,NUTS 2024,3,1,True,Demonstrator,,,,ok,,coincide,41.398657299999996,2.073085950815479,"Barometer 6th update, Appendix 5 (data 31-03-2026)",T0051
182,101112972,DesirMED,HORIZON-MISS-2022-CLIMA-01-06,IA,2022,Split City,Croatia,HR,HR035,HR035,Splitsko-dalmatinska županija,NUTS 2024,3,1,True,Demonstrator,,,,ok,,sin geocodificar,,,"Barometer 6th update, Appendix 5 (data 31-03-2026)",T0491
183,101112972,DesirMED,HORIZON-MISS-2022-CLIMA-01-06,IA,2022,Cyprus,Cyprus,CY,CY000,CY000,Kýpros,NUTS 2024,3,1,False,Replicator,,,,ok,,coincide,34.9823018,33.1451285,"Barometer 6th update, Appendix 5 (data 31-03-2026)",T0128
184,101112972,DesirMED,HORIZON-MISS-2022-CLIMA-01-06,IA,2022,Provence-Alpes-Côte d'Azur Region,France,FR,FRL,FRL,Provence-Alpes-Côte d’Azur,NUTS 2024,1,1,True,Replicator,,,,ok,,coincide,43.30126025,5.373151968013632,"Barometer 6th update, Appendix 5 (data 31-03-2026)",T0410
185,101112972,DesirMED,HORIZON-MISS-2022-CLIMA-01-06,IA,2022,Region of Eastern Macedonia & Thrace,Greece,EL,EL51,EL51,"Anatoliki Makedonia, Thraki",NUTS 2024,2,1,True,Replicator,,,,ok,,sin geocodificar,,,"Barometer 6th update, Appendix 5 (data 31-03-2026)",T0429
186,101112972,DesirMED,HORIZON-MISS-2022-CLIMA-01-06,IA,2022,Potenza Province,Italy,IT,ITF51,ITF51,Potenza,NUTS 2024,3,1,True,Replicator,,,,ok,,sin geocodificar,,,"Barometer 6th update, Appendix 5 (data 31-03-2026)",T0405
187,101112972,DesirMED,HORIZON-MISS-2022-CLIMA-01-06,IA,2022,Sardinia Region,Italy,IT,ITG2,ITG2,Sardegna,NUTS 2024,2,1,True,Demonstrator,,,,ok,,coincide,39.2227173,9.1022627,"Barometer 6th update, Appendix 5 (data 31-03-2026)",T0454
188,101112972,DesirMED,HORIZON-MISS-2022-CLIMA-01-06,IA,2022,Comunidade Intermunicipal das Beiras e Serra da Estrela,Portugal,PT,PT16J,PT196,Beiras e Serra da Estrela,NUTS 2024,3,1,False,Demonstrator,,,,version,PT16J -> PT196: código NUTS 2021 sustituido en NUTS 2024,coincide,40.507572350000004,-7.29408498962067,"Barometer 6th update, Appendix 5 (data 31-03-2026)",T0120
189,101112972,DesirMED,HORIZON-MISS-2022-CLIMA-01-06,IA,2022,Municipality of Valencia,Spain,ES,ES523,ES523,Valencia/València,NUTS 2024,3,1,True,Demonstrator,,,,ok,,sin geocodificar,,,"Barometer 6th update, Appendix 5 (data 31-03-2026)",T0337
190,101156076,DRYAD,HORIZON-MISS-2023-CLIMA-01-01,IA,2023,Pays des Cévennes,France,FR,FRJ12,FRJ12,Gard,NUTS 2024,3,1,False,Replicator,,,,ok,,no coincide (punto en FRK22; revisado a mano),44.4378021,4.093021944105448,"Barometer 6th update, Appendix 5 (data 31-03-2026)",T0388
191,101156076,DRYAD,HORIZON-MISS-2023-CLIMA-01-01,IA,2023,Aetoloakarnania,Greece,EL,EL631,EL631,Aitoloakarnania,NUTS 2024,3,1,False,Demonstrator,,,,ok,,sin geocodificar,,,"Barometer 6th update, Appendix 5 (data 31-03-2026)",T0005
192,101156076,DRYAD,HORIZON-MISS-2023-CLIMA-01-01,IA,2023,Sardinia Region,Italy,IT,ITG2,ITG2,Sardegna,NUTS 2024,2,1,True,Demonstrator,,,,ok,,coincide,39.2227173,9.1022627,"Barometer 6th update, Appendix 5 (data 31-03-2026)",T0454
193,101156076,DRYAD,HORIZON-MISS-2023-CLIMA-01-01,IA,2023,Tuscany,Italy,IT,ITI1,ITI1,Toscana,NUTS 2024,2,1,False,Replicator,,,,ok,,coincide,43.4586541,11.1389204,"Barometer 6th update, Appendix 5 (data 31-03-2026)",T0542
194,101156076,DRYAD,HORIZON-MISS-2023-CLIMA-01-01,IA,2023,Alentejo,Portugal,PT,PT18,PT1C,Alentejo,NUTS 2024,2,1,True,Demonstrator,,,,version,PT18 -> PT1C: código NUTS 2021 sustituido en NUTS 2024,coincide,38.49104545,-8.027353044950193,"Barometer 6th update, Appendix 5 (data 31-03-2026)",T0013
195,101156076,DRYAD,HORIZON-MISS-2023-CLIMA-01-01,IA,2023,Andalusia,Spain,ES,ES61,ES61,Andalucía,NUTS 2024,2,1,True,Demonstrator,,,,ok,,coincide,37.3399964,-4.5811614,"Barometer 6th update, Appendix 5 (data 31-03-2026)",T0024
196,101156076,DRYAD,HORIZON-MISS-2023-CLIMA-01-01,IA,2023,Castilla y León,Spain,ES,ES41,ES41,Castilla y León,NUTS 2024,2,1,True,Replicator,,,,ok,,coincide,41.55005,-5.1387401,"Barometer 6th update, Appendix 5 (data 31-03-2026)",T0089
197,101156076,DRYAD,HORIZON-MISS-2023-CLIMA-01-01,IA,2023,Extremadura,Spain,ES,ES43,ES43,Extremadura,NUTS 2024,2,1,True,Demonstrator,,,,ok,,coincide,39.1748426,-6.1529891,"Barometer 6th update, Appendix 5 (data 31-03-2026)",T0164
198,101214343,FairFuture,HORIZON-MISS-2024-CLIMA-01,IA,2024,Zagreb City,Croatia,HR,HR050,HR050,Grad Zagreb,NUTS 2024,3,1,True,Demonstrator,,,,ok,,coincide,45.8185783,15.9750163,"Barometer 6th update, Appendix 5 (data 31-03-2026)",T0601
199,101214343,FairFuture,HORIZON-MISS-2024-CLIMA-01,IA,2024,Centre-Val de Loire Region,France,FR,FRB0,FRB0,Centre — Val de Loire,NUTS 2024,2,1,True,Demonstrator,,,,ok,,coincide,47.91340355,1.9184445310592646,"Barometer 6th update, Appendix 5 (data 31-03-2026)",T0098
200,101214343,FairFuture,HORIZON-MISS-2024-CLIMA-01,IA,2024,Hamburg city,Germany,DE,DE600,DE600,Hamburg,NUTS 2024,3,1,True,Demonstrator,,,,ok,,coincide,53.5502503,9.992872,"Barometer 6th update, Appendix 5 (data 31-03-2026)",T0208
201,101214343,FairFuture,HORIZON-MISS-2024-CLIMA-01,IA,2024,Thessaloniki Municipality,Greece,EL,EL522,EL522,Thessaloniki,NUTS 2024,3,1,True,Demonstrator,,,,ok,,sin geocodificar,,,"Barometer 6th update, Appendix 5 (data 31-03-2026)",T0522
202,101214343,FairFuture,HORIZON-MISS-2024-CLIMA-01,IA,2024,Castilla y León,Spain,ES,ES41,ES41,Castilla y León,NUTS 2024,2,1,True,Replicator,,,,ok,,coincide,41.55005,-5.1387401,"Barometer 6th update, Appendix 5 (data 31-03-2026)",T0089
203,101214343,FairFuture,HORIZON-MISS-2024-CLIMA-01,IA,2024,Vinnystsia,Ukraine,UA,UA51,UA51,Вінницька Область,SR 2024,2,1,False,Replicator,,,,ok,,geocodificado fuera de NUTS,49.2320162,28.467975,"Barometer 6th update, Appendix 5 (data 31-03-2026)",T0572
204,101112860,FARCLIMATE,HORIZON-MISS-2022-CLIMA-01-04,RIA,2022,Vlore Municipality,Albania,AL,AL003,AL035,Vlorë,SR 2024,3,1,False,,,,,no_nuts,Statistical Region 2024: Vlorë (AL035),geocodificado fuera de NUTS,41.3295398,19.8241993,"Barometer 6th update, Appendix 5 (data 31-03-2026)",T0574
205,101112860,FARCLIMATE,HORIZON-MISS-2022-CLIMA-01-04,RIA,2022,North Savo,Finland,FI,FI13,FI1DB,Pohjois-Savo,NUTS 2024,3,1,False,,,,,version,FI13 -> FI1DB: NUTS 2006 (Itä-Suomi),coincide,63.01593535,27.626789561547632,"Barometer 6th update, Appendix 5 (data 31-03-2026)",T0362
206,101112860,FARCLIMATE,HORIZON-MISS-2022-CLIMA-01-04,RIA,2022,Aleppo Pine in Provence,France,FR,FRL02-FRL06,FRL02|FRL03|FRL04|FRL05|FRL06,Hautes-Alpes|Alpes-Maritimes|Bouches-du-Rhône|Var|Vaucluse,NUTS 2024,3,5,False,,,,,formato,rango expandido a la lista de códigos,coincide,43.938119,7.514179420212766,"Barometer 6th update, Appendix 5 (data 31-03-2026)",T0014
207,101112860,FARCLIMATE,HORIZON-MISS-2022-CLIMA-01-04,RIA,2022,Thessaloniki Municipality,Greece,EL,EL131,EL522,Thessaloniki,NUTS 2024,3,1,True,,,,,version,EL131 -> EL522: NUTS 2010; Thessaloniki es EL522,sin geocodificar,,,"Barometer 6th update, Appendix 5 (data 31-03-2026)",T0522
208,101112860,FARCLIMATE,HORIZON-MISS-2022-CLIMA-01-04,RIA,2022,Kozani,Greece,EL,EL531,EL531,"Grevena, Kozani",NUTS 2024,3,1,False,,,,,ok,,sin geocodificar,,,"Barometer 6th update, Appendix 5 (data 31-03-2026)",T0247
209,101112860,FARCLIMATE,HORIZON-MISS-2022-CLIMA-01-04,RIA,2022,Emilia-Romagna Region,Italy,IT,ITH5,ITH5,Emilia-Romagna,NUTS 2024,2,1,True,,,,,ok,,coincide,44.4914458,11.3435713,"Barometer 6th update, Appendix 5 (data 31-03-2026)",T0156
210,101112860,FARCLIMATE,HORIZON-MISS-2022-CLIMA-01-04,RIA,2022,Potenza Province,Italy,IT,ITF51,ITF51,Potenza,NUTS 2024,3,1,True,,,,,ok,,sin geocodificar,,,"Barometer 6th update, Appendix 5 (data 31-03-2026)",T0405
211,101112860,FARCLIMATE,HORIZON-MISS-2022-CLIMA-01-04,RIA,2022,Sicily Region,Italy,IT,ITG1,ITG1,Sicilia,NUTS 2024,2,1,True,,,,,ok,,sin geocodificar,,,"Barometer 6th update, Appendix 5 (data 31-03-2026)",T0466
212,101112860,FARCLIMATE,HORIZON-MISS-2022-CLIMA-01-04,RIA,2022,Torino,Italy,IT,ITC11,ITC11,Torino,NUTS 2024,3,1,False,,,,,ok,,coincide,45.0677551,7.6824892,"Barometer 6th update, Appendix 5 (data 31-03-2026)",T0530
213,101112860,FARCLIMATE,HORIZON-MISS-2022-CLIMA-01-04,RIA,2022,Tuscany,Italy,IT,ITI1,ITI1,Toscana,NUTS 2024,2,1,False,,,,,ok,,coincide,43.4586541,11.1389204,"Barometer 6th update, Appendix 5 (data 31-03-2026)",T0542
214,101112860,FARCLIMATE,HORIZON-MISS-2022-CLIMA-01-04,RIA,2022,Aveiro,Portugal,PT,PT16E,PT191,Região de Aveiro,NUTS 2024,3,1,False,,,,,error,"PT16E es Região de Coimbra; Aveiro está en Região de Aveiro (PT16D en 2021, PT191 en 2024)",coincide,40.640496,-8.6537841,"Barometer 6th update, Appendix 5 (data 31-03-2026)",T0041
215,101112860,FARCLIMATE,HORIZON-MISS-2022-CLIMA-01-04,RIA,2022,Fundão,Portugal,PT,PT165,PT196,Beiras e Serra da Estrela,NUTS 2024,3,1,True,,,,,error,PT165 es un código NUTS 2010 (Dão-Lafões); Fundão pertenece a la CIM Beiras e Serra da Estrela (PT196),coincide,40.1408065,-7.5017521,"Barometer 6th update, Appendix 5 (data 31-03-2026)",T0175
216,101112860,FARCLIMATE,HORIZON-MISS-2022-CLIMA-01-04,RIA,2022,Setúbal Peninsula,Portugal,PT,PT172,PT1B0,Península de Setúbal,NUTS 2024,3,1,False,,,,,version,PT172 -> PT1B0: NUTS 2013 (Península de Setúbal),no coincide (punto en PT1C1; revisado a mano),38.43673795,-8.835639840028662,"Barometer 6th update, Appendix 5 (data 31-03-2026)",T0464
217,101112860,FARCLIMATE,HORIZON-MISS-2022-CLIMA-01-04,RIA,2022,Paredes de Coura,Portugal,PT,PT111,PT111,Alto Minho,NUTS 2024,3,1,False,,,,,ok,,coincide,41.913389800000004,-8.56396258972716,"Barometer 6th update, Appendix 5 (data 31-03-2026)",T0384
218,101112860,FARCLIMATE,HORIZON-MISS-2022-CLIMA-01-04,RIA,2022,Ilfov,Romania,RO,RO322,RO322,Ilfov,NUTS 2024,3,1,False,,,,,ok,,coincide,44.5017074,26.244907651159284,"Barometer 6th update, Appendix 5 (data 31-03-2026)",T0217
219,101112860,FARCLIMATE,HORIZON-MISS-2022-CLIMA-01-04,RIA,2022,Gorenjska Region,Slovenia,SI,SI042,SI042,Gorenjska,NUTS 2024,3,1,True,,,,,ok,,coincide,46.2636081,14.158939180045914,"Barometer 6th update, Appendix 5 (data 31-03-2026)",T0192
220,101112860,FARCLIMATE,HORIZON-MISS-2022-CLIMA-01-04,RIA,2022,Alava,Spain,ES,ES211,ES211,Araba/Álava,NUTS 2024,3,1,False,,,,,ok,,coincide,42.844072249999996,-2.6820829322126283,"Barometer 6th update, Appendix 5 (data 31-03-2026)",T0011
221,101112860,FARCLIMATE,HORIZON-MISS-2022-CLIMA-01-04,RIA,2022,Cáceres,Spain,ES,ES432,ES432,Cáceres,NUTS 2024,3,1,False,,,,,ok,,coincide,39.4745175,-6.3716761,"Barometer 6th update, Appendix 5 (data 31-03-2026)",T0129
222,101112860,FARCLIMATE,HORIZON-MISS-2022-CLIMA-01-04,RIA,2022,Cádiz,Spain,ES,ES612,ES612,Cádiz,NUTS 2024,3,1,False,,,,,ok,,coincide,36.5297438,-6.2928976,"Barometer 6th update, Appendix 5 (data 31-03-2026)",T0130
223,101112860,FARCLIMATE,,,,Arousa,Spain,ES,ES114,,,,,0,False,,,,,duplicado,"duplica la fila ""Pontevedra: Ría de Pontevedra, Ría de Arousa"" del mismo proyecto; el Catálogo de proyectos 2026 (p. 48) lista 23 regiones para FARCLIMATE, sin ""Arousa"" aparte",excluida,,,"Barometer 6th update, Appendix 5 (data 31-03-2026)",
224,101112860,FARCLIMATE,HORIZON-MISS-2022-CLIMA-01-04,RIA,2022,Malaga City,Spain,ES,ES617,ES617,Málaga,NUTS 2024,3,1,True,,,,,ok,,sin geocodificar,,,"Barometer 6th update, Appendix 5 (data 31-03-2026)",T0303
225,101112860,FARCLIMATE,HORIZON-MISS-2022-CLIMA-01-04,RIA,2022,"Pontevedra: Ría de Pontevedra, Ría de Arousa",Spain,ES,ES114,ES114,Pontevedra,NUTS 2024,3,1,False,,,,,ok,,coincide,42.6184162,-8.7720778,"Barometer 6th update, Appendix 5 (data 31-03-2026)",T0401
226,101112860,FARCLIMATE,HORIZON-MISS-2022-CLIMA-01-04,RIA,2022,Soria,Spain,ES,ES432,ES417,Soria,NUTS 2024,3,1,False,,,,,error,ES432 es Cáceres; Soria es ES417,coincide,41.60125045,-2.721938035449954,"Barometer 6th update, Appendix 5 (data 31-03-2026)",T0480
227,101112860,FARCLIMATE,HORIZON-MISS-2022-CLIMA-01-04,RIA,2022,Ourense,Spain,ES,ES113,ES113,Ourense,NUTS 2024,3,1,False,,,,,ok,,coincide,42.1939629,-7.53712401397051,"Barometer 6th update, Appendix 5 (data 31-03-2026)",T0380
228,101157447,GENESIS,HORIZON-MISS-2023-CLIMA-01-02,IA,2023,Santiago,Cabo Verde,CV,CV-RS,,,,,0,False,Demonstrator,,,,no_nuts,"Cabo Verde, fuera de NUTS; ""CV-RS"" es una clave ad hoc",geocodificado fuera de NUTS,15.1200758,-23.634818134026133,"Barometer 6th update, Appendix 5 (data 31-03-2026)",T0452
229,101157447,GENESIS,HORIZON-MISS-2023-CLIMA-01-02,IA,2023,Guadeloupe,France,FR,FRY10,FRY10,Guadeloupe,NUTS 2024,3,1,False,Replicator,,,,ok,,coincide,16.2528827,-61.5686855,"Barometer 6th update, Appendix 5 (data 31-03-2026)",T0204
230,101157447,GENESIS,HORIZON-MISS-2023-CLIMA-01-02,IA,2023,Martinique,France,FR,FRY20,FRY20,Martinique,NUTS 2024,3,1,False,Demonstrator,,,,ok,,coincide,14.6113732,-60.9620777,"Barometer 6th update, Appendix 5 (data 31-03-2026)",T0311
231,101157447,GENESIS,HORIZON-MISS-2023-CLIMA-01-02,IA,2023,Reunion,France,FR,FRY40,FRY40,La Réunion,NUTS 2024,3,1,False,Replicator,,,,ok,,coincide,-21.1309332,55.5265771,"Barometer 6th update, Appendix 5 (data 31-03-2026)",T0433
232,101157447,GENESIS,HORIZON-MISS-2023-CLIMA-01-02,IA,2023,Faial,Portugal,PT,PT200,PT200,Região Autónoma dos Açores,NUTS 2024,3,1,False,Demonstrator,,,,ok,,no coincide (punto en PT300; revisado a mano),32.7908091,-16.8516492,"Barometer 6th update, Appendix 5 (data 31-03-2026)",T0165
233,101157447,GENESIS,HORIZON-MISS-2023-CLIMA-01-02,IA,2023,Graciosa,Portugal,PT,PT200,PT200,Região Autónoma dos Açores,NUTS 2024,3,1,False,Demonstrator,,,,ok,,sin geocodificar,,,"Barometer 6th update, Appendix 5 (data 31-03-2026)",T0195
234,101157447,GENESIS,HORIZON-MISS-2023-CLIMA-01-02,IA,2023,Madeira,Portugal,PT,PT300,PT300,Região Autónoma da Madeira,NUTS 2024,3,1,False,Replicator,,,,ok,,coincide,32.751750099999995,-16.98174865726062,"Barometer 6th update, Appendix 5 (data 31-03-2026)",T0299
235,101157447,GENESIS,HORIZON-MISS-2023-CLIMA-01-02,IA,2023,Santa Maria,Portugal,PT,PT200,PT200,Região Autónoma dos Açores,NUTS 2024,3,1,False,Replicator,,,,ok,,sin geocodificar,,,"Barometer 6th update, Appendix 5 (data 31-03-2026)",T0451
236,101157447,GENESIS,HORIZON-MISS-2023-CLIMA-01-02,IA,2023,El Hierro,Spain,ES,ES703,ES703,El Hierro,NUTS 2024,3,1,False,Demonstrator,,,,ok,,coincide,27.74350835,-18.038179618209902,"Barometer 6th update, Appendix 5 (data 31-03-2026)",T0155
237,101157447,GENESIS,HORIZON-MISS-2023-CLIMA-01-02,IA,2023,Gran Canaria,Spain,ES,ES705,ES705,Gran Canaria,NUTS 2024,3,1,True,Demonstrator,,,,ok,,coincide,27.9580004,-15.6062305376665,"Barometer 6th update, Appendix 5 (data 31-03-2026)",T0197
238,101157447,GENESIS,HORIZON-MISS-2023-CLIMA-01-02,IA,2023,La Palma,Spain,ES,ES702,ES707,La Palma,NUTS 2024,3,1,False,Replicator,,,,version,ES702 -> ES707: NUTS 2013 (La Palma),coincide,28.6551163,-17.857268565579673,"Barometer 6th update, Appendix 5 (data 31-03-2026)",T0260
239,101214172,GRACE,HORIZON-MISS-2024-CLIMA-01,IA,2024,Bucklige Welt - Wechselland,Austria,AT,AT122,AT122,Niederösterreich-Süd,NUTS 2024,3,1,False,Demonstrator,,,,ok,,coincide,47.6101298,16.18032922824016,"Barometer 6th update, Appendix 5 (data 31-03-2026)",T0077
240,101214172,GRACE,HORIZON-MISS-2024-CLIMA-01,IA,2024,Limfjorden / Aalborg,Denmark,DK,DK050,DK050,Nordjylland,NUTS 2024,3,1,False,Demonstrator,,,,ok,,coincide,57.0696472,9.894984,"Barometer 6th update, Appendix 5 (data 31-03-2026)",T0279
241,101214172,GRACE,HORIZON-MISS-2024-CLIMA-01,IA,2024,Thessaly,Greece,EL,EL61,EL61,Thessalia,NUTS 2024,2,1,True,Replicator,,,,ok,,sin geocodificar,,,"Barometer 6th update, Appendix 5 (data 31-03-2026)",T0523
242,101214172,GRACE,HORIZON-MISS-2024-CLIMA-01,IA,2024,Mayo / Atlantic Seaboard North,Ireland,IE,IE042,IE042,West,NUTS 2024,3,1,False,Replicator,,,,ok,,sin geocodificar,,,"Barometer 6th update, Appendix 5 (data 31-03-2026)",T0314
243,101214172,GRACE,HORIZON-MISS-2024-CLIMA-01,IA,2024,Cavallino-Treporti,Italy,IT,ITH35,ITH35,Venezia,NUTS 2024,3,1,False,Demonstrator,,,,ok,,coincide,45.4792171,12.515257,"Barometer 6th update, Appendix 5 (data 31-03-2026)",T0092
244,101214172,GRACE,HORIZON-MISS-2024-CLIMA-01,IA,2024,Vidzeme Planning Region,Latvia,LV,LV008,LV00C,Vidzeme,NUTS 2024,3,1,True,Replicator,,,,version,LV008 -> LV00C: código NUTS 2021 sustituido en NUTS 2024,sin geocodificar,,,"Barometer 6th update, Appendix 5 (data 31-03-2026)",T0568
245,101214172,GRACE,HORIZON-MISS-2024-CLIMA-01,IA,2024,Baixo Alentejo Intermunicipal Community,Portugal,PT,PT184,PT1C2,Baixo Alentejo,NUTS 2024,3,1,True,Demonstrator,,,,version,PT184 -> PT1C2: código NUTS 2021 sustituido en NUTS 2024,coincide,37.82491315,-7.85717437419054,"Barometer 6th update, Appendix 5 (data 31-03-2026)",T0048
246,101214172,GRACE,HORIZON-MISS-2024-CLIMA-01,IA,2024,Žilina Region,Slovakia,SK,SK031,SK031,Žilinský kraj,NUTS 2024,3,1,True,Replicator,,,,ok,,coincide,49.1775455,19.205817977591973,"Barometer 6th update, Appendix 5 (data 31-03-2026)",T0617
247,101214172,GRACE,HORIZON-MISS-2024-CLIMA-01,IA,2024,Västerbotten County,Sweden,SE,SE33,SE33,Övre Norrland,NUTS 2024,2,1,True,Replicator,,,,ok,,coincide,64.72847095,18.553323468349845,"Barometer 6th update, Appendix 5 (data 31-03-2026)",T0579
248,101214172,GRACE,HORIZON-MISS-2024-CLIMA-01,IA,2024,Zalishchyky,Ukraine,UA,UA522,UA522,Тернопільський Район,SR 2024,3,1,False,Replicator,,,,ok,,geocodificado fuera de NUTS,48.6536489,25.7310915,"Barometer 6th update, Appendix 5 (data 31-03-2026)",T0602
249,101139730,GreenInCities,HORIZON-MISS-2023-CLIMA-CITIES-01-01,IA,2023,Helsinki-Uusimaa,Finland,FI,FI1B1,FI1B1,Helsinki-Uusimaa,NUTS 2024,3,1,True,Demonstrator,,,,ok,,coincide,60.22672205,25.017670049469757,"Barometer 6th update, Appendix 5 (data 31-03-2026)",T0211
250,101139730,GreenInCities,HORIZON-MISS-2023-CLIMA-CITIES-01-01,IA,2023,Athens,Greece,EL,EL303,EL303,Kentrikos Tomeas Athinon,NUTS 2024,3,1,False,Demonstrator,,,,ok,,sin geocodificar,,,"Barometer 6th update, Appendix 5 (data 31-03-2026)",T0034
251,101139730,GreenInCities,HORIZON-MISS-2023-CLIMA-CITIES-01-01,IA,2023,Hersonissos,Greece,EL,EL431,EL431,Irakleio,NUTS 2024,3,1,False,Replicator,,,,ok,,sin geocodificar,,,"Barometer 6th update, Appendix 5 (data 31-03-2026)",T0212
252,101139730,GreenInCities,HORIZON-MISS-2023-CLIMA-CITIES-01-01,IA,2023,Pecs,Hungary,HU,HU232,HU231,Baranya,NUTS 2024,3,1,False,Replicator,,,,error,HU232 es Somogy; Pécs está en Baranya (HU231),coincide,46.0765092,18.2280317,"Barometer 6th update, Appendix 5 (data 31-03-2026)",T0389
253,101139730,GreenInCities,HORIZON-MISS-2023-CLIMA-CITIES-01-01,IA,2023,Reykjavik,Iceland,IS,IS001,IS001,Höfuðborgarsvæði,NUTS 2024,3,1,False,Replicator,,,,ok,,coincide,64.145981,-21.9422367,"Barometer 6th update, Appendix 5 (data 31-03-2026)",T0434
254,101139730,GreenInCities,HORIZON-MISS-2023-CLIMA-CITIES-01-01,IA,2023,Cork City,Ireland,IE,IE053,IE053,South-West,NUTS 2024,3,1,True,Replicator,,,,ok,,coincide,51.89948,-8.498993474119112,"Barometer 6th update, Appendix 5 (data 31-03-2026)",T0124
255,101139730,GreenInCities,HORIZON-MISS-2023-CLIMA-CITIES-01-01,IA,2023,Prato,Italy,IT,ITI15,ITI15,Prato,NUTS 2024,3,1,False,Demonstrator,,,,ok,,coincide,43.935718050000006,11.09414726770089,"Barometer 6th update, Appendix 5 (data 31-03-2026)",T0406
256,101139730,GreenInCities,HORIZON-MISS-2023-CLIMA-CITIES-01-01,IA,2023,Bristonas,Lithuania,LT,LT022,LT022,Kauno apskritis,NUTS 2024,3,1,False,Replicator,,,,ok,,sin geocodificar,,,"Barometer 6th update, Appendix 5 (data 31-03-2026)",T0073
257,101139730,GreenInCities,HORIZON-MISS-2023-CLIMA-CITIES-01-01,IA,2023,Matosinhos,Portugal,PT,PT11A,PT11A,Área Metropolitana do Porto,NUTS 2024,3,1,True,Replicator,,,,ok,,coincide,41.1806814,-8.6821998,"Barometer 6th update, Appendix 5 (data 31-03-2026)",T0312
258,101139730,GreenInCities,HORIZON-MISS-2023-CLIMA-CITIES-01-01,IA,2023,Nova Gorica,Slovenia,SI,SI03,SI043,Goriška,NUTS 2024,3,1,False,Demonstrator,,,,error,"SI03 es Vzhodna Slovenija; Nova Gorica está en Goriška (SI043, Zahodna Slovenija)",coincide,45.9580549,13.6474706,"Barometer 6th update, Appendix 5 (data 31-03-2026)",T0369
259,101139730,GreenInCities,HORIZON-MISS-2023-CLIMA-CITIES-01-01,IA,2023,Barcelona Metropolitan Area,Spain,ES,ES511,ES511,Barcelona,NUTS 2024,3,1,True,Demonstrator,,,,ok,,coincide,41.398657299999996,2.073085950815479,"Barometer 6th update, Appendix 5 (data 31-03-2026)",T0051
260,101157458,healthRiskADAPT,HORIZON-MISS-2023-CLIMA-01-03,IA,2023,Grenoble,France,FR,FRK24,FRK24,Isère,NUTS 2024,3,1,False,Replicator,,,,ok,,coincide,45.1875602,5.7357819,"Barometer 6th update, Appendix 5 (data 31-03-2026)",T0203
261,101157458,healthRiskADAPT,HORIZON-MISS-2023-CLIMA-01-03,IA,2023,Lyon,France,FR,FRK26,FRK26,Rhône,NUTS 2024,3,1,False,Demonstrator,,,,ok,,coincide,45.7578137,4.8320114,"Barometer 6th update, Appendix 5 (data 31-03-2026)",T0296
262,101157458,healthRiskADAPT,HORIZON-MISS-2023-CLIMA-01-03,IA,2023,Athens,Greece,EL,EL303,EL303,Kentrikos Tomeas Athinon,NUTS 2024,3,1,False,Replicator,,,,ok,,sin geocodificar,,,"Barometer 6th update, Appendix 5 (data 31-03-2026)",T0034
263,101157458,healthRiskADAPT,HORIZON-MISS-2023-CLIMA-01-03,IA,2023,Milan,Italy,IT,ITC4C,ITC4C,Milano,NUTS 2024,3,1,False,Replicator,,,,ok,,coincide,45.4641943,9.1896346,"Barometer 6th update, Appendix 5 (data 31-03-2026)",T0321
264,101157458,healthRiskADAPT,HORIZON-MISS-2023-CLIMA-01-03,IA,2023,Naples,Italy,IT,ITF33,ITF33,Napoli,NUTS 2024,3,1,False,Demonstrator,,,,ok,,coincide,40.8358846,14.2487679,"Barometer 6th update, Appendix 5 (data 31-03-2026)",T0345
265,101157458,healthRiskADAPT,HORIZON-MISS-2023-CLIMA-01-03,IA,2023,Zeist,Netherlands,NL,NL310,NL350,Utrecht,NUTS 2024,3,1,False,Demonstrator,,,,version,NL310 -> NL350: código NUTS 2021 sustituido en NUTS 2024,coincide,52.086531750000006,5.249007957671885,"Barometer 6th update, Appendix 5 (data 31-03-2026)",T0604
266,101157458,healthRiskADAPT,HORIZON-MISS-2023-CLIMA-01-03,IA,2023,Oslo,Norway,NO,NO011,NO081,Oslo,NUTS 2024,3,1,False,Demonstrator,,,,version,NO011 -> NO081: NUTS 2016 (Oslo),coincide,59.9133301,10.7389701,"Barometer 6th update, Appendix 5 (data 31-03-2026)",T0376
267,101157458,healthRiskADAPT,HORIZON-MISS-2023-CLIMA-01-03,IA,2023,Trondheim,Norway,NO,NO061,NO060,Trøndelag/Trööndelage,NUTS 2024,3,1,False,Replicator,,,,version,NO061 -> NO060: NUTS 2016 (Sør-Trøndelag),coincide,63.4304475,10.3952118,"Barometer 6th update, Appendix 5 (data 31-03-2026)",T0538
268,101157458,healthRiskADAPT,HORIZON-MISS-2023-CLIMA-01-03,IA,2023,Gdansk,Poland,PL,PL633,PL633,Trójmiejski,NUTS 2024,3,1,False,Replicator,,,,ok,,coincide,54.3706858,18.61298309190141,"Barometer 6th update, Appendix 5 (data 31-03-2026)",T0183
269,101157458,healthRiskADAPT,HORIZON-MISS-2023-CLIMA-01-03,IA,2023,Gothernburg Metropolitan Area,Sweden,SE,SE232,SE232,Västra Götalands län,NUTS 2024,3,1,True,Replicator,,,,ok,,sin geocodificar,,,"Barometer 6th update, Appendix 5 (data 31-03-2026)",T0194
270,101157458,healthRiskADAPT,HORIZON-MISS-2023-CLIMA-01-03,IA,2023,Arlesheim,Switzerland,CH,CH031,CH032,Basel-Landschaft,NUTS 2024,3,1,False,Replicator,,,,error,CH031 es Basel-Stadt; Arlesheim está en Basel-Landschaft (CH032),coincide,47.4931125,7.6202048,"Barometer 6th update, Appendix 5 (data 31-03-2026)",T0032
271,101157458,healthRiskADAPT,HORIZON-MISS-2023-CLIMA-01-03,IA,2023,Bern,Switzerland,CH,CH021,CH021,Bern / Berne,NUTS 2024,3,1,False,Demonstrator,,,,ok,,coincide,46.9484742,7.4521749,"Barometer 6th update, Appendix 5 (data 31-03-2026)",T0059
272,101093806,ICARIA,HORIZON-MISS-2021-CLIMA-02-03,RIA,2021,Salzburg Region,Austria,AT,AT32,AT32,Salzburg,NUTS 2024,2,1,False,,,,,ok,,sin geocodificar,,,"Barometer 6th update, Appendix 5 (data 31-03-2026)",T0449
273,101093806,ICARIA,HORIZON-MISS-2021-CLIMA-02-03,RIA,2021,South Aegean Region,Greece,EL,EL42,EL42,Notio Aigaio,NUTS 2024,2,1,True,,,,,ok,,sin geocodificar,,,"Barometer 6th update, Appendix 5 (data 31-03-2026)",T0481
274,101093806,ICARIA,HORIZON-MISS-2021-CLIMA-02-03,RIA,2021,Barcelona Metropolitan Area,Spain,ES,ES511,ES511,Barcelona,NUTS 2024,3,1,True,,,,,ok,,coincide,41.398657299999996,2.073085950815479,"Barometer 6th update, Appendix 5 (data 31-03-2026)",T0051
275,101037084,IMPETUS,H2020-LC-GD-2020-2,IA,2020,Berlin-Brandenburg,Germany,DE,"DE30, DE40",DE30|DE40,Berlin|Brandenburg,NUTS 2024,2,2,False,Demonstrator,,,,formato,varios códigos en una celda; se separan en la tabla puente,coincide,52.5091145,13.2755211,"Barometer 6th update, Appendix 5 (data 31-03-2026)",T0058
276,101037084,IMPETUS,H2020-LC-GD-2020-2,IA,2020,Attiki,Greece,EL,DE300,DE300,Berlin,NUTS 2024,3,1,False,Demonstrator,,,,ok,,sin geocodificar,,,"Barometer 6th update, Appendix 5 (data 31-03-2026)",T0037
277,101037084,IMPETUS,H2020-LC-GD-2020-2,IA,2020,Valle el Laghi,Italy,IT,ITH21,ITH20,Trento,NUTS 2024,3,1,False,Demonstrator,,,,error,ITH21 no existe; Valle dei Laghi está en la Provincia de Trento (ITH20),coincide,46.0407615,10.9883554,"Barometer 6th update, Appendix 5 (data 31-03-2026)",T0558
278,101037084,IMPETUS,H2020-LC-GD-2020-2,IA,2020,Zemgale Region,Latvia,LV,LV009,LV009,Zemgale,NUTS 2024,3,1,True,Demonstrator,,,,ok,,coincide,56.6021598,24.2219368,"Barometer 6th update, Appendix 5 (data 31-03-2026)",T0605
279,101037084,IMPETUS,H2020-LC-GD-2020-2,IA,2020,Zeeland,Netherlands,NL,NL34,NL34,Zeeland,NUTS 2024,2,1,False,Demonstrator,,,,ok,,coincide,51.4162975,3.7028061,"Barometer 6th update, Appendix 5 (data 31-03-2026)",T0603
280,101037084,IMPETUS,H2020-LC-GD-2020-2,IA,2020,Troms & Finnmark County,Norway,NO,NO071,NO072|NO073,Troms/Romsa/Tromssa|Finnmark/Finnmárku/Finmarkku,NUTS 2024,3,2,True,Demonstrator,,,,error,NO071 es Nordland; Troms y Finnmark son NO072 y NO073,coincide,69.654847,18.9654286,"Barometer 6th update, Appendix 5 (data 31-03-2026)",T0537
281,101037084,IMPETUS,H2020-LC-GD-2020-2,IA,2020,Catalonia,Spain,ES,ES511,ES51,Cataluña,NUTS 2024,2,1,True,Demonstrator,,,,nivel,ES511 es Barcelona; Cataluña es ES51,coincide,41.8523094,1.5745043,"Barometer 6th update, Appendix 5 (data 31-03-2026)",T0090
282,101156653,ISMED-CLIM,HORIZON-MISS-2023-CLIMA-01-03,IA,2023,Limassol,Cyprus,CY,CY022,CY000,Kýpros,NUTS 2024,3,1,False,Demonstrator,,,,error,CY022 no existe; Chipre tiene un único NUTS-3 (CY000),coincide,34.6852901,33.0332657,"Barometer 6th update, Appendix 5 (data 31-03-2026)",T0278
283,101156653,ISMED-CLIM,HORIZON-MISS-2023-CLIMA-01-03,IA,2023,Nicosia Municipality,Cyprus,CY,CY000,CY000,Kýpros,NUTS 2024,3,1,True,Demonstrator,,,,ok,,coincide,35.027078,33.41038498484849,"Barometer 6th update, Appendix 5 (data 31-03-2026)",T0351
284,101156653,ISMED-CLIM,HORIZON-MISS-2023-CLIMA-01-03,IA,2023,Athens,Greece,EL,EL303,EL303,Kentrikos Tomeas Athinon,NUTS 2024,3,1,False,Replicator,,,,ok,,sin geocodificar,,,"Barometer 6th update, Appendix 5 (data 31-03-2026)",T0034
285,101156653,ISMED-CLIM,HORIZON-MISS-2023-CLIMA-01-03,IA,2023,Korydallos,Greece,EL,EL301,EL301,Voreios Tomeas Athinon,NUTS 2024,3,1,False,Replicator,,,,ok,,sin geocodificar,,,"Barometer 6th update, Appendix 5 (data 31-03-2026)",T0244
286,101156653,ISMED-CLIM,HORIZON-MISS-2023-CLIMA-01-03,IA,2023,Trikala,Greece,EL,EL611,EL611,"Karditsa, Trikala",NUTS 2024,3,1,False,Demonstrator,,,,ok,,sin geocodificar,,,"Barometer 6th update, Appendix 5 (data 31-03-2026)",T0534
287,101156653,ISMED-CLIM,HORIZON-MISS-2023-CLIMA-01-03,IA,2023,Catania,Italy,IT,ITG17,ITG17,Catania,NUTS 2024,3,1,True,Demonstrator,,,,ok,,coincide,37.5023612,15.0873718,"Barometer 6th update, Appendix 5 (data 31-03-2026)",T0091
288,101156653,ISMED-CLIM,HORIZON-MISS-2023-CLIMA-01-03,IA,2023,Rome,Italy,IT,ITI43,ITI43,Roma,NUTS 2024,3,1,False,Replicator,,,,ok,,coincide,41.8933203,12.4829321,"Barometer 6th update, Appendix 5 (data 31-03-2026)",T0439
289,101156653,ISMED-CLIM,HORIZON-MISS-2023-CLIMA-01-03,IA,2023,Agueda,Portugal,PT,PT168,PT191,Região de Aveiro,NUTS 2024,3,1,False,Replicator,,,,error,PT168 no existe en NUTS 2021 ni 2024; Águeda está en Região de Aveiro (PT191),coincide,40.5785006,-8.4438017,"Barometer 6th update, Appendix 5 (data 31-03-2026)",T0009
290,101156653,ISMED-CLIM,HORIZON-MISS-2023-CLIMA-01-03,IA,2023,Lisbon Metropolitan Area,Portugal,PT,PT170,PT1A0|PT1B0,Grande Lisboa|Península de Setúbal,NUTS 2024,3,2,True,Demonstrator,,,,version,PT170 (AML) se divide en PT1A0 y PT1B0 en NUTS 2024,coincide,38.6272781,-8.92989495988593,"Barometer 6th update, Appendix 5 (data 31-03-2026)",T0280
291,101156653,ISMED-CLIM,HORIZON-MISS-2023-CLIMA-01-03,IA,2023,Barcelona Metropolitan Area,Spain,ES,ES511,ES511,Barcelona,NUTS 2024,3,1,True,Demonstrator,,,,ok,,coincide,41.398657299999996,2.073085950815479,"Barometer 6th update, Appendix 5 (data 31-03-2026)",T0051
292,101156653,ISMED-CLIM,HORIZON-MISS-2023-CLIMA-01-03,IA,2023,León,Spain,ES,ES413,ES413,León,NUTS 2024,3,1,False,Demonstrator,,,,ok,,coincide,42.63414505,-5.971415104539984,"Barometer 6th update, Appendix 5 (data 31-03-2026)",T0275
293,101212990,JUST4CARE,HORIZON-MISS-2024-CLIMA-01,IA,2024,Zagreb City,Croatia,HR,HR050,HR050,Grad Zagreb,NUTS 2024,3,1,True,Demonstrator,,,,ok,,coincide,45.8185783,15.9750163,"Barometer 6th update, Appendix 5 (data 31-03-2026)",T0601
294,101212990,JUST4CARE,HORIZON-MISS-2024-CLIMA-01,IA,2024,Municipality of Budapest,Hungary,HU,HU110,HU110,Budapest,NUTS 2024,3,1,True,Demonstrator,,,,ok,,sin geocodificar,,,"Barometer 6th update, Appendix 5 (data 31-03-2026)",T0327
295,101212990,JUST4CARE,HORIZON-MISS-2024-CLIMA-01,IA,2024,Las Rozas de Madrid,Spain,ES,ES300,ES300,Madrid,NUTS 2024,3,1,True,Demonstrator,,,,ok,,coincide,40.4933095,-3.8758396,"Barometer 6th update, Appendix 5 (data 31-03-2026)",T0269
296,101212990,JUST4CARE,HORIZON-MISS-2024-CLIMA-01,IA,2024,Çankaya,Turkey,TR,TR51,TR51,Ankara,SR 2024,2,1,False,Demonstrator,,,,ok,,geocodificado fuera de NUTS,39.8853321,32.8554966,"Barometer 6th update, Appendix 5 (data 31-03-2026)",T0610
297,101214666,JustREACH,HORIZON-MISS-2024-CLIMA-01,RIA,2024,Zagreb City,Croatia,HR,HR050,HR050,Grad Zagreb,NUTS 2024,3,1,True,,,,,ok,,coincide,45.8185783,15.9750163,"Barometer 6th update, Appendix 5 (data 31-03-2026)",T0601
298,101214666,JustREACH,HORIZON-MISS-2024-CLIMA-01,RIA,2024,Nouvelle-Aquitaine Region,France,FR,FRI,FRI,Nouvelle-Aquitaine,NUTS 2024,1,1,True,,,,,ok,,coincide,45.679752750000006,2.082630852964626,"Barometer 6th update, Appendix 5 (data 31-03-2026)",T0368
299,101214666,JustREACH,HORIZON-MISS-2024-CLIMA-01,RIA,2024,Lake Constance Region,Germany,DE,"DE147, DE148",DE147|DE148,Bodenseekreis|Ravensburg,NUTS 2024,3,2,False,,,,,formato,varios códigos en una celda; se separan en la tabla puente,sin geocodificar,,,"Barometer 6th update, Appendix 5 (data 31-03-2026)",T0264
300,101214666,JustREACH,HORIZON-MISS-2024-CLIMA-01,RIA,2024,Athens,Greece,EL,EL303,EL303,Kentrikos Tomeas Athinon,NUTS 2024,3,1,False,,,,,ok,,sin geocodificar,,,"Barometer 6th update, Appendix 5 (data 31-03-2026)",T0034
301,101214666,JustREACH,HORIZON-MISS-2024-CLIMA-01,RIA,2024,Belfast,United Kingdom,UK,UKN06,UKN06,Belfast,NUTS 2021 (UK),3,1,False,,,,,ok,,sin geocodificar,,,"Barometer 6th update, Appendix 5 (data 31-03-2026)",T0056
302,101215174,JUSTSAFE,HORIZON-MISS-2024-CLIMA-01,IA,2024,Hamburg city,Germany,DE,DE600,DE600,Hamburg,NUTS 2024,3,1,True,Demonstrator,,,,ok,,coincide,53.5502503,9.992872,"Barometer 6th update, Appendix 5 (data 31-03-2026)",T0208
303,101215174,JUSTSAFE,HORIZON-MISS-2024-CLIMA-01,IA,2024,Chios,Greece,EL,EL413,EL413,Chios,NUTS 2024,3,1,False,Demonstrator,,,,ok,,sin geocodificar,,,"Barometer 6th update, Appendix 5 (data 31-03-2026)",T0106
304,101215174,JUSTSAFE,HORIZON-MISS-2024-CLIMA-01,IA,2024,Egaleo,Greece,EL,EL302,EL302,Dytikos Tomeas Athinon,NUTS 2024,3,1,True,Demonstrator,,,,ok,,sin geocodificar,,,"Barometer 6th update, Appendix 5 (data 31-03-2026)",T0151
305,101215174,JUSTSAFE,HORIZON-MISS-2024-CLIMA-01,IA,2024,Smiltene,Latvia,LV,LV008,LV00C,Vidzeme,NUTS 2024,3,1,False,Replicator,,,,version,LV008 -> LV00C: código NUTS 2021 sustituido en NUTS 2024,coincide,57.4243197,25.9045413,"Barometer 6th update, Appendix 5 (data 31-03-2026)",T0477
306,101215174,JUSTSAFE,HORIZON-MISS-2024-CLIMA-01,IA,2024,Constanta,Romania,RO,RO223,RO223,Constanţa,NUTS 2024,3,1,False,Replicator,,,,ok,,coincide,44.1767161,28.6507598,"Barometer 6th update, Appendix 5 (data 31-03-2026)",T0123
307,101215174,JUSTSAFE,HORIZON-MISS-2024-CLIMA-01,IA,2024,Žilina Region,Slovakia,SK,SK031,SK031,Žilinský kraj,NUTS 2024,3,1,True,Demonstrator,,,,ok,,coincide,49.1775455,19.205817977591973,"Barometer 6th update, Appendix 5 (data 31-03-2026)",T0617
308,101215174,JUSTSAFE,HORIZON-MISS-2024-CLIMA-01,IA,2024,Amposta,Spain,ES,ES514,ES514,Tarragona,NUTS 2024,3,1,False,Demonstrator,,,,ok,,coincide,40.7079905,0.5827636,"Barometer 6th update, Appendix 5 (data 31-03-2026)",T0022
309,101215174,JUSTSAFE,HORIZON-MISS-2024-CLIMA-01,IA,2024,Hatay Province,Turkey,TR,TR631,TR631,Hatay,SR 2024,3,1,False,Demonstrator,,,,ok,,geocodificado fuera de NUTS,36.3451332,36.0748022,"Barometer 6th update, Appendix 5 (data 31-03-2026)",T0209
310,101215174,JUSTSAFE,HORIZON-MISS-2024-CLIMA-01,IA,2024,Osmaniye Province,Turkey,TR,TR633,TR633,Osmaniye,SR 2024,3,1,False,Replicator,,,,ok,,geocodificado fuera de NUTS,40.8697003,30.3541123,"Barometer 6th update, Appendix 5 (data 31-03-2026)",T0377
311,101112781,LAND4CLIMATE,HORIZON-MISS-2022-CLIMA-01-06,IA,2022,Lafnitz River Catchment,Austria,AT,AT22,AT22,Steiermark,NUTS 2024,2,1,False,Demonstrator,,,,ok,,sin geocodificar,,,"Barometer 6th update, Appendix 5 (data 31-03-2026)",T0263
312,101112781,LAND4CLIMATE,HORIZON-MISS-2022-CLIMA-01-06,IA,2022,Weinviertel,Austria,AT,AT125,AT125,Weinviertel,NUTS 2024,3,1,False,Replicator,,,,ok,,no coincide (punto en AT126; revisado a mano),48.49684190000001,16.33468803881729,"Barometer 6th update, Appendix 5 (data 31-03-2026)",T0584
313,101112781,LAND4CLIMATE,HORIZON-MISS-2022-CLIMA-01-06,IA,2022,Bohemian Switzerland and Krasna Lipa,Czechia,CZ,CZ042,CZ042,Ústecký kraj,NUTS 2024,3,1,False,Demonstrator,,,,ok,,coincide,50.9135591,14.5073974,"Barometer 6th update, Appendix 5 (data 31-03-2026)",T0068
314,101112781,LAND4CLIMATE,HORIZON-MISS-2022-CLIMA-01-06,IA,2022,Ruzova,Czechia,CZ,CZ042,CZ042,Ústecký kraj,NUTS 2024,3,1,False,Replicator,,,,ok,,coincide,50.8421602,14.2937849,"Barometer 6th update, Appendix 5 (data 31-03-2026)",T0445
315,101112781,LAND4CLIMATE,HORIZON-MISS-2022-CLIMA-01-06,IA,2022,Stare Krecany,Czechia,CZ,CZ042,CZ042,Ústecký kraj,NUTS 2024,3,1,False,Replicator,,,,ok,,coincide,50.9504417,14.4961696,"Barometer 6th update, Appendix 5 (data 31-03-2026)",T0494
316,101112781,LAND4CLIMATE,HORIZON-MISS-2022-CLIMA-01-06,IA,2022,Euskirchen County,Germany,DE,DEA28,DEA28,Euskirchen,NUTS 2024,3,1,True,Demonstrator,,,,ok,,sin geocodificar,,,"Barometer 6th update, Appendix 5 (data 31-03-2026)",T0162
317,101112781,LAND4CLIMATE,HORIZON-MISS-2022-CLIMA-01-06,IA,2022,Vulkaneifel,Germany,DE,DEB23,DEB24,Vulkaneifel,NUTS 2024,3,1,False,Replicator,,,,error,DEB23 es Eifelkreis Bitburg-Prüm; Vulkaneifel es DEB24,coincide,50.2127575,6.8278962,"Barometer 6th update, Appendix 5 (data 31-03-2026)",T0577
318,101112781,LAND4CLIMATE,HORIZON-MISS-2022-CLIMA-01-06,IA,2022,Eastern Po Valley and Po Delta,Italy,IT,ITH56,ITH56,Ferrara,NUTS 2024,3,1,True,Replicator,,,,ok,,sin geocodificar,,,"Barometer 6th update, Appendix 5 (data 31-03-2026)",T0149
319,101112781,LAND4CLIMATE,HORIZON-MISS-2022-CLIMA-01-06,IA,2022,Emilia-Romagna Region,Italy,IT,ITH5,ITH5,Emilia-Romagna,NUTS 2024,2,1,True,Demonstrator,,,,ok,,coincide,44.4914458,11.3435713,"Barometer 6th update, Appendix 5 (data 31-03-2026)",T0156
320,101112781,LAND4CLIMATE,HORIZON-MISS-2022-CLIMA-01-06,IA,2022,Lower Timiş River Catchment,Romania,RO,RO421,RO421,Arad,NUTS 2024,3,1,False,Replicator,,,,ok,,sin geocodificar,,,"Barometer 6th update, Appendix 5 (data 31-03-2026)",T0288
321,101112781,LAND4CLIMATE,HORIZON-MISS-2022-CLIMA-01-06,IA,2022,Upper Timiş River,Romania,RO,RO421,RO421,Arad,NUTS 2024,3,1,False,Demonstrator,,,,ok,,sin geocodificar,,,"Barometer 6th update, Appendix 5 (data 31-03-2026)",T0551
322,101112781,LAND4CLIMATE,HORIZON-MISS-2022-CLIMA-01-06,IA,2022,Košice Self Governing Region,Slovakia,SK,SK042,SK042,Košický kraj,NUTS 2024,3,1,True,Replicator,,,,ok,,no coincide (punto en SK010; revisado a mano),48.16072585,17.14792868351475,"Barometer 6th update, Appendix 5 (data 31-03-2026)",T0248
323,101112781,LAND4CLIMATE,HORIZON-MISS-2022-CLIMA-01-06,IA,2022,Rovana River Basin,Slovakia,SK,SK032,SK032,Banskobystrický kraj,NUTS 2024,3,1,False,Demonstrator,,,,ok,,sin geocodificar,,,"Barometer 6th update, Appendix 5 (data 31-03-2026)",T0442
324,101157707,Med-IREN,HORIZON-MISS-2023-CLIMA-01-02,IA,2023,Burgas,Bulgaria,BG,BG341,BG341,Burgas,NUTS 2024,3,1,True,Replicator,,,,ok,,coincide,42.4936616,27.4721276,"Barometer 6th update, Appendix 5 (data 31-03-2026)",T0078
325,101157707,Med-IREN,HORIZON-MISS-2023-CLIMA-01-02,IA,2023,Larnaka,Cyprus,CY,CY000,CY000,Kýpros,NUTS 2024,3,1,False,Replicator,,,,ok,,coincide,34.9236095,33.6236184,"Barometer 6th update, Appendix 5 (data 31-03-2026)",T0268
326,101157707,Med-IREN,HORIZON-MISS-2023-CLIMA-01-02,IA,2023,Helsinki-Uusimaa,Finland,FI,FI1B1,FI1B1,Helsinki-Uusimaa,NUTS 2024,3,1,True,Replicator,,,,ok,,coincide,60.22672205,25.017670049469757,"Barometer 6th update, Appendix 5 (data 31-03-2026)",T0211
327,101157707,Med-IREN,HORIZON-MISS-2023-CLIMA-01-02,IA,2023,Provence-Alpes-Côte d'Azur Region,France,FR,FRL,FRL,Provence-Alpes-Côte d’Azur,NUTS 2024,1,1,True,Demonstrator,,,,ok,,coincide,43.30126025,5.373151968013632,"Barometer 6th update, Appendix 5 (data 31-03-2026)",T0410
328,101157707,Med-IREN,HORIZON-MISS-2023-CLIMA-01-02,IA,2023,Crete Region,Greece,EL,EL432,EL432,Lasithi,NUTS 2024,3,1,True,Replicator,,,,ok,,sin geocodificar,,,"Barometer 6th update, Appendix 5 (data 31-03-2026)",T0126
329,101157707,Med-IREN,HORIZON-MISS-2023-CLIMA-01-02,IA,2023,Egaleo,Greece,EL,EL302,EL302,Dytikos Tomeas Athinon,NUTS 2024,3,1,True,Demonstrator,,,,ok,,sin geocodificar,,,"Barometer 6th update, Appendix 5 (data 31-03-2026)",T0151
330,101157707,Med-IREN,HORIZON-MISS-2023-CLIMA-01-02,IA,2023,"Ischia, Campania Region",Italy,IT,ITC21,ITF33,Napoli,NUTS 2024,3,1,False,Demonstrator,,,,error,ITC21 no existe (Valle d'Aosta es ITC20); Ischia está en Napoli (ITF33),coincide,40.734205,13.947125,"Barometer 6th update, Appendix 5 (data 31-03-2026)",T0223
331,101157707,Med-IREN,HORIZON-MISS-2023-CLIMA-01-02,IA,2023,Tuscany,Italy,IT,ITI1,ITI1,Toscana,NUTS 2024,2,1,False,Demonstrator,,,,ok,,coincide,43.4586541,11.1389204,"Barometer 6th update, Appendix 5 (data 31-03-2026)",T0542
332,101157707,Med-IREN,HORIZON-MISS-2023-CLIMA-01-02,IA,2023,Catalonia,Spain,ES,ES511,ES51,Cataluña,NUTS 2024,2,1,True,Demonstrator,,,,nivel,ES511 es Barcelona; Cataluña es ES51,coincide,41.8523094,1.5745043,"Barometer 6th update, Appendix 5 (data 31-03-2026)",T0090
333,101093854,MIRACA,HORIZON-MISS-2021-CLIMA-02-03,RIA,2021,TEN-T Corridors - Trans European,EU,EU,NO NUTS,,,,,0,False,,,,,no_nuts,fuera del sistema NUTS (tercer país o ámbito no territorial),sin geocodificar,,,"Barometer 6th update, Appendix 5 (data 31-03-2026)",T0507
334,101093854,MIRACA,HORIZON-MISS-2021-CLIMA-02-03,RIA,2021,Greece,Greece,EL,EL,EL,Elláda,NUTS 2024,0,1,False,,,,,ok,,coincide,39.69847225,21.57708970085524,"Barometer 6th update, Appendix 5 (data 31-03-2026)",T0201
335,101093854,MIRACA,HORIZON-MISS-2021-CLIMA-02-03,RIA,2021,Netherlands,Netherlands,NL,NL,NL,Nederland,NUTS 2024,0,1,False,,,,,ok,,coincide,52.2434979,5.6343227,"Barometer 6th update, Appendix 5 (data 31-03-2026)",T0348
336,101093854,MIRACA,HORIZON-MISS-2021-CLIMA-02-03,RIA,2021,Slovenia,Slovenia,SI,SI00,SI0,Slovenija,NUTS 2024,1,1,False,,,,,formato,SI00 es el NUTS-2 de un país con un único NUTS-2; para una autoridad nacional se usa SI0 (o SI),coincide,46.1199444,14.8153333,"Barometer 6th update, Appendix 5 (data 31-03-2026)",T0476
337,101093854,MIRACA,HORIZON-MISS-2021-CLIMA-02-03,RIA,2021,Catalonia,Spain,ES,ES51,ES51,Cataluña,NUTS 2024,2,1,True,,,,,ok,,coincide,41.8523094,1.5745043,"Barometer 6th update, Appendix 5 (data 31-03-2026)",T0090
338,101155958,MOUNTADAPT,HORIZON-MISS-2023-CLIMA-01-03,IA,2023,Andorra,Andorra,AD,AD000,,,,,0,False,Replicator,,,,no_nuts,"Andorra no tiene NUTS ni Statistical Region; ""AD000"" no es un código oficial",geocodificado fuera de NUTS,42.5407167,1.5732033,"Barometer 6th update, Appendix 5 (data 31-03-2026)",T0025
339,101155958,MOUNTADAPT,HORIZON-MISS-2023-CLIMA-01-03,IA,2023,Tirol,Austria,AT,AT33,AT33,Tirol,NUTS 2024,2,1,False,Demonstrator,,,,ok,,coincide,47.223193,11.5261028,"Barometer 6th update, Appendix 5 (data 31-03-2026)",T0528
340,101155958,MOUNTADAPT,HORIZON-MISS-2023-CLIMA-01-03,IA,2023,Grenoble,France,FR,FRK24,FRK24,Isère,NUTS 2024,3,1,False,Demonstrator,,,,ok,,coincide,45.1875602,5.7357819,"Barometer 6th update, Appendix 5 (data 31-03-2026)",T0203
341,101155958,MOUNTADAPT,HORIZON-MISS-2023-CLIMA-01-03,IA,2023,Hamburg City,Germany,DE,DE600,DE600,Hamburg,NUTS 2024,3,1,True,Replicator,,,,ok,,coincide,53.5502503,9.992872,"Barometer 6th update, Appendix 5 (data 31-03-2026)",T0207
342,101155958,MOUNTADAPT,HORIZON-MISS-2023-CLIMA-01-03,IA,2023,Alba Iulia,Romania,RO,RO121,RO121,Alba,NUTS 2024,3,1,False,Demonstrator,,,,ok,,coincide,46.0687385,23.5704398,"Barometer 6th update, Appendix 5 (data 31-03-2026)",T0012
343,101155958,MOUNTADAPT,HORIZON-MISS-2023-CLIMA-01-03,IA,2023,Timiș County,Romania,RO,RO061,RO424,Timiş,NUTS 2024,3,1,False,Replicator,,,,error,RO061 no existe; Timiș es RO424,coincide,45.7549918,21.2521389,"Barometer 6th update, Appendix 5 (data 31-03-2026)",T0524
344,101155958,MOUNTADAPT,HORIZON-MISS-2023-CLIMA-01-03,IA,2023,Selnica,Slovenia,SI,SI032,SI032,Podravska,NUTS 2024,3,1,False,Demonstrator,,,,ok,,coincide,46.5508936,15.4925414,"Barometer 6th update, Appendix 5 (data 31-03-2026)",T0461
345,101112876,MountResilience,HORIZON-MISS-2022-CLIMA-01-06,IA,2022,Tirol,Austria,AT,AT33,AT33,Tirol,NUTS 2024,2,1,False,Demonstrator,,,,ok,,coincide,47.223193,11.5261028,"Barometer 6th update, Appendix 5 (data 31-03-2026)",T0528
346,101112876,MountResilience,HORIZON-MISS-2022-CLIMA-01-06,IA,2022,Gabrovo,Bulgaria,BG,BG322,BG322,Gabrovo,NUTS 2024,3,1,False,Demonstrator,,,,ok,,coincide,42.8710344,25.315798,"Barometer 6th update, Appendix 5 (data 31-03-2026)",T0178
347,101112876,MountResilience,HORIZON-MISS-2022-CLIMA-01-06,IA,2022,Primorje-Gorski Kotar County,Croatia,HR,HR031,HR031,Primorsko-goranska županija,NUTS 2024,3,1,False,Replicator,,,,ok,,coincide,45.4225937,14.6172032,"Barometer 6th update, Appendix 5 (data 31-03-2026)",T0408
348,101112876,MountResilience,HORIZON-MISS-2022-CLIMA-01-06,IA,2022,Lapland,Finland,FI,FI1D7,FI1D7,Lappi,NUTS 2024,3,1,True,Demonstrator,,,,ok,,coincide,67.6923521,26.729968325939534,"Barometer 6th update, Appendix 5 (data 31-03-2026)",T0265
349,101112876,MountResilience,HORIZON-MISS-2022-CLIMA-01-06,IA,2022,Friuli Venezia Giulia Autonomous Region,Italy,IT,ITH4,ITH4,Friuli-Venezia Giulia,NUTS 2024,2,1,True,Replicator,,,,ok,,coincide,45.6528943,13.7804956,"Barometer 6th update, Appendix 5 (data 31-03-2026)",T0174
350,101112876,MountResilience,HORIZON-MISS-2022-CLIMA-01-06,IA,2022,Piemonte Region,Italy,IT,ITC1,ITC1,Piemonte,NUTS 2024,2,1,False,Demonstrator,,,,ok,,coincide,45.0641298,7.6776775,"Barometer 6th update, Appendix 5 (data 31-03-2026)",T0393
351,101112876,MountResilience,HORIZON-MISS-2022-CLIMA-01-06,IA,2022,Subcarpathian Region,Poland,PL,PL82,PL82,Podkarpackie,NUTS 2024,2,1,False,Replicator,,,,ok,,coincide,49.093810950000005,22.721972715668187,"Barometer 6th update, Appendix 5 (data 31-03-2026)",T0501
352,101112876,MountResilience,HORIZON-MISS-2022-CLIMA-01-06,IA,2022,Râu Sadului,Romania,RO,RO126,RO126,Sibiu,NUTS 2024,3,1,False,Demonstrator,,,,ok,,coincide,45.6240093,24.0613201,"Barometer 6th update, Appendix 5 (data 31-03-2026)",T0447
353,101112876,MountResilience,HORIZON-MISS-2022-CLIMA-01-06,IA,2022,Catalonia,Spain,ES,ES51,ES51,Cataluña,NUTS 2024,2,1,True,Replicator,,,,ok,,coincide,41.8523094,1.5745043,"Barometer 6th update, Appendix 5 (data 31-03-2026)",T0090
354,101112876,MountResilience,HORIZON-MISS-2022-CLIMA-01-06,IA,2022,Valais,Switzerland,CH,CH012,CH012,Valais / Wallis,NUTS 2024,3,1,False,Demonstrator,,,,ok,,coincide,46.2303063,7.6605757,"Barometer 6th update, Appendix 5 (data 31-03-2026)",T0555
355,101112859,NATALIE,HORIZON-MISS-2022-CLIMA-01-06,IA,2022,Blue Horizon Limburg,Belgium,BE,NL42,NL42,Limburg (NL),NUTS 2024,2,1,False,Demonstrator,,,,ok,,sin geocodificar,,,"Barometer 6th update, Appendix 5 (data 31-03-2026)",T0066
356,101112859,NATALIE,HORIZON-MISS-2022-CLIMA-01-06,IA,2022,Grand Est Region,France,FR,FRD,FRF,Grand Est,NUTS 2024,1,1,True,Replicator,,,,error,FRD es Normandie; Grand Est es FRF,coincide,48.59890325,7.759893883680613,"Barometer 6th update, Appendix 5 (data 31-03-2026)",T0198
357,101112859,NATALIE,HORIZON-MISS-2022-CLIMA-01-06,IA,2022,Nouvelle-Aquitaine Region,France,FR,FRI,FRI,Nouvelle-Aquitaine,NUTS 2024,1,1,True,Demonstrator,,,,ok,,coincide,45.679752750000006,2.082630852964626,"Barometer 6th update, Appendix 5 (data 31-03-2026)",T0368
358,101112859,NATALIE,HORIZON-MISS-2022-CLIMA-01-06,IA,2022,Lelantine Plain,Greece,EL,EL642,EL642,Evvoia,NUTS 2024,3,1,False,Demonstrator,,,,ok,,sin geocodificar,,,"Barometer 6th update, Appendix 5 (data 31-03-2026)",T0271
359,101112859,NATALIE,HORIZON-MISS-2022-CLIMA-01-06,IA,2022,The Icelandic Association of Local Authorities,Iceland,IS,IS0,IS0,Ísland,NUTS 2024,1,1,True,Replicator,,,,ok,,sin geocodificar,,,"Barometer 6th update, Appendix 5 (data 31-03-2026)",T0520
360,101112859,NATALIE,HORIZON-MISS-2022-CLIMA-01-06,IA,2022,Veneto,Italy,IT,ITH3,ITH3,Veneto,NUTS 2024,2,1,True,Demonstrator,,,,ok,,coincide,45.6476663,11.8665254,"Barometer 6th update, Appendix 5 (data 31-03-2026)",T0563
361,101112859,NATALIE,HORIZON-MISS-2022-CLIMA-01-06,IA,2022,Zemgale Region,Latvia,LV,LV009,LV009,Zemgale,NUTS 2024,3,1,True,Demonstrator,,,,ok,,coincide,56.6021598,24.2219368,"Barometer 6th update, Appendix 5 (data 31-03-2026)",T0605
362,101112859,NATALIE,HORIZON-MISS-2022-CLIMA-01-06,IA,2022,Lithuania,Lithuania,LT,LT01,LT,Lietuva,NUTS 2024,0,1,False,Replicator,,,,nivel,LT01 es Sostinės regionas; la autoridad es nacional (LT),coincide,55.3500003,23.7499997,"Barometer 6th update, Appendix 5 (data 31-03-2026)",T0281
363,101112859,NATALIE,HORIZON-MISS-2022-CLIMA-01-06,IA,2022,Troms & Finnmark County,Norway,NO,NO074,NO072|NO073,Troms/Romsa/Tromssa|Finnmark/Finnmárku/Finmarkku,NUTS 2024,3,2,True,Demonstrator,,,,version,"NO074 (Troms og Finnmark, NUTS 2021) se divide en NO072 y NO073 en NUTS 2024",coincide,69.654847,18.9654286,"Barometer 6th update, Appendix 5 (data 31-03-2026)",T0537
364,101112859,NATALIE,HORIZON-MISS-2022-CLIMA-01-06,IA,2022,Bucharest Children World Park,Romania,RO,RO321,RO321,Bucureşti,NUTS 2024,3,1,False,Replicator,,,,ok,,coincide,44.4737003,26.055915,"Barometer 6th update, Appendix 5 (data 31-03-2026)",T0076
365,101112859,NATALIE,HORIZON-MISS-2022-CLIMA-01-06,IA,2022,Vacaresti Natural Park,Romania,RO,RO111,RO321,Bucureşti,NUTS 2024,3,1,False,Demonstrator,,,,error,RO111 es Bihor; el parque Văcărești está en Bucarest (RO321),coincide,44.3994706,26.1337469628221,"Barometer 6th update, Appendix 5 (data 31-03-2026)",T0554
366,101112859,NATALIE,HORIZON-MISS-2022-CLIMA-01-06,IA,2022,Balearic Islands,Spain,ES,ES53,ES53,Illes Balears,NUTS 2024,2,1,True,Replicator,,,,ok,,coincide,39.613432,2.8829184529439633,"Barometer 6th update, Appendix 5 (data 31-03-2026)",T0049
367,101112859,NATALIE,HORIZON-MISS-2022-CLIMA-01-06,IA,2022,Canary Islands,Spain,ES,ES70,ES70,Canarias,NUTS 2024,2,1,True,Demonstrator,,,,ok,,coincide,28.286398900000002,-16.796011808910734,"Barometer 6th update, Appendix 5 (data 31-03-2026)",T0084
368,101157448,NATURE-DEMO,HORIZON-MISS-2023-CLIMA-01-02,IA,2023,Lattenbach,Austria,AT,AT33,AT33,Tirol,NUTS 2024,2,1,False,Demonstrator,,,,ok,,sin geocodificar,,,"Barometer 6th update, Appendix 5 (data 31-03-2026)",T0270
369,101157448,NATURE-DEMO,HORIZON-MISS-2023-CLIMA-01-02,IA,2023,Globocica,North Macedonia,MK,MK007,MK007,Североисточен,SR 2024,3,1,False,Demonstrator,,,,ok,,geocodificado fuera de NUTS,41.3164283,20.642842,"Barometer 6th update, Appendix 5 (data 31-03-2026)",T0190
370,101157448,NATURE-DEMO,HORIZON-MISS-2023-CLIMA-01-02,IA,2023,Brasov Municipality,Romania,RO,RO122,RO122,Braşov,NUTS 2024,3,1,True,Demonstrator,,,,ok,,sin geocodificar,,,"Barometer 6th update, Appendix 5 (data 31-03-2026)",T0072
371,101157448,NATURE-DEMO,HORIZON-MISS-2023-CLIMA-01-02,IA,2023,Zvolen,Slovakia,SK,SK032,SK032,Banskobystrický kraj,NUTS 2024,3,1,False,Demonstrator,,,,ok,,coincide,48.5782517,19.1247135,"Barometer 6th update, Appendix 5 (data 31-03-2026)",T0608
372,101157448,NATURE-DEMO,HORIZON-MISS-2023-CLIMA-01-02,IA,2023,Ljubljana,Slovenia,SI,SI041,SI041,Osrednjeslovenska,NUTS 2024,3,1,False,Demonstrator,,,,ok,,coincide,46.0500268,14.5069289,"Barometer 6th update, Appendix 5 (data 31-03-2026)",T0282
373,101112836,NBRACER,HORIZON-MISS-2022-CLIMA-01-06,IA,2022,East Flanders,Belgium,BE,BE23,BE23,Prov. Oost-Vlaanderen,NUTS 2024,2,1,False,Replicator,,,,ok,,coincide,51.0375423,3.8117830113324556,"Barometer 6th update, Appendix 5 (data 31-03-2026)",T0146
374,101112836,NBRACER,HORIZON-MISS-2022-CLIMA-01-06,IA,2022,West Flanders,Belgium,BE,BE25,BE25,Prov. West-Vlaanderen,NUTS 2024,2,1,False,Demonstrator,,,,ok,,coincide,51.04047465,2.9994213387887116,"Barometer 6th update, Appendix 5 (data 31-03-2026)",T0589
375,101112836,NBRACER,HORIZON-MISS-2022-CLIMA-01-06,IA,2022,Central Denmark Region,Denmark,DK,DK04,DK04,Midtjylland,NUTS 2024,2,1,True,Demonstrator,,,,ok,,coincide,56.23564835,9.234625027778005,"Barometer 6th update, Appendix 5 (data 31-03-2026)",T0093
376,101112836,NBRACER,HORIZON-MISS-2022-CLIMA-01-06,IA,2022,Nouvelle-Aquitaine Region,France,FR,FRI,FRI,Nouvelle-Aquitaine,NUTS 2024,1,1,True,Demonstrator,,,,ok,,coincide,45.679752750000006,2.082630852964626,"Barometer 6th update, Appendix 5 (data 31-03-2026)",T0368
377,101112836,NBRACER,HORIZON-MISS-2022-CLIMA-01-06,IA,2022,Friesland Province,Netherlands,NL,NL12,NL12,Friesland (NL),NUTS 2024,2,1,True,Replicator,,,,ok,,coincide,53.1848758,5.9949102,"Barometer 6th update, Appendix 5 (data 31-03-2026)",T0173
378,101112836,NBRACER,HORIZON-MISS-2022-CLIMA-01-06,IA,2022,Cávado Intermunicipal Community,Portugal,PT,PT112,PT112,Cávado,NUTS 2024,3,1,True,Replicator,,,,ok,,coincide,41.61737675,-8.54800005516238,"Barometer 6th update, Appendix 5 (data 31-03-2026)",T0131
379,101112836,NBRACER,HORIZON-MISS-2022-CLIMA-01-06,IA,2022,Porto Municipality,Portugal,PT,PT11A,PT11A,Área Metropolitana do Porto,NUTS 2024,3,1,True,Demonstrator,,,,ok,,sin geocodificar,,,"Barometer 6th update, Appendix 5 (data 31-03-2026)",T0403
380,101112836,NBRACER,HORIZON-MISS-2022-CLIMA-01-06,IA,2022,Cantabria,Spain,ES,ES130,ES130,Cantabria,NUTS 2024,3,1,False,Demonstrator,,,,ok,,coincide,43.1595664,-4.0878382,"Barometer 6th update, Appendix 5 (data 31-03-2026)",T0085
381,101214414,NURISH,HORIZON-MISS-2024-CLIMA-01,IA,2024,Athienou Municipality,Cyprus,CY,CY000,CY000,Kýpros,NUTS 2024,3,1,True,Demonstrator,,,,ok,,coincide,35.032550799999996,33.552085279275296,"Barometer 6th update, Appendix 5 (data 31-03-2026)",T0036
382,101214414,NURISH,HORIZON-MISS-2024-CLIMA-01,IA,2024,Ranua & Pudasjarvi,Finland,FI,FI1D7,FI1D7|FI1D9,Lappi|Pohjois-Pohjanmaa,NUTS 2024,3,2,False,Demonstrator,,,,error,Ranua está en Lappi (FI1D7) pero Pudasjärvi en Pohjois-Pohjanmaa (FI1D9),coincide,65.3954032,26.9548607,"Barometer 6th update, Appendix 5 (data 31-03-2026)",T0421
383,101214414,NURISH,HORIZON-MISS-2024-CLIMA-01,IA,2024,Skiathos Municipality,Greece,EL,EL511,EL511,Evros,NUTS 2024,3,1,True,Demonstrator,,,,ok,,sin geocodificar,,,"Barometer 6th update, Appendix 5 (data 31-03-2026)",T0472
384,101214414,NURISH,HORIZON-MISS-2024-CLIMA-01,IA,2024,West Lesvos,Greece,EL,EL411,EL411,"Lesvos, Limnos",NUTS 2024,3,1,False,Replicator,,,,ok,,sin geocodificar,,,"Barometer 6th update, Appendix 5 (data 31-03-2026)",T0590
385,101214414,NURISH,HORIZON-MISS-2024-CLIMA-01,IA,2024,Valle di Comino,Italy,IT,ITI45,ITI45,Frosinone,NUTS 2024,3,1,False,Replicator,,,,ok,,coincide,41.61879585,13.799666301959316,"Barometer 6th update, Appendix 5 (data 31-03-2026)",T0557
386,101214414,NURISH,HORIZON-MISS-2024-CLIMA-01,IA,2024,Malaga City,Spain,ES,ES617,ES617,Málaga,NUTS 2024,3,1,True,Replicator,,,,ok,,sin geocodificar,,,"Barometer 6th update, Appendix 5 (data 31-03-2026)",T0303
387,101214414,NURISH,HORIZON-MISS-2024-CLIMA-01,IA,2024,Essex (Uttlesford & Epping),United Kingdom,UK,UKH3,UKH3,Essex,NUTS 2021 (UK),2,1,False,Demonstrator,,,,ok,,sin geocodificar,,,"Barometer 6th update, Appendix 5 (data 31-03-2026)",T0158
388,101214414,NURISH,HORIZON-MISS-2024-CLIMA-01,IA,2024,Oxfordshire (Cherwell & West Oxfordshire),United Kingdom,UK,UKJ1,UKJ1,"Berkshire, Buckinghamshire and Oxfordshire",NUTS 2021 (UK),2,1,False,Replicator,,,,ok,,sin geocodificar,,,"Barometer 6th update, Appendix 5 (data 31-03-2026)",T0381
389,101214414,NURISH,HORIZON-MISS-2024-CLIMA-01,IA,2024,Northern Region of Malta,Malta,MT,MT001,MT001,Malta,NUTS 2024,3,1,False,Replicator,,,,ok,,coincide,35.921642000000006,14.472789466474921,"Barometer 6th update, Appendix 5 (data 31-03-2026)",T0367
390,101112919,OCEANIDS,HORIZON-MISS-2022-CLIMA-01-01,RIA,2022,Coastal Finland,Finland,FI,"FI1B1, FI1C2, FI1D7, FI1D8",FI1B1|FI1C2|FI1D7|FI1D8,Helsinki-Uusimaa|Kanta-Häme|Lappi|Kainuu,NUTS 2024,3,4,False,,,,,formato,varios códigos en una celda; se separan en la tabla puente,sin geocodificar,,,"Barometer 6th update, Appendix 5 (data 31-03-2026)",T0116
391,101112919,OCEANIDS,HORIZON-MISS-2022-CLIMA-01-01,RIA,2022,Brittany Region,France,FR,FR5,FRH,Bretagne,NUTS 2024,1,1,True,,,,,version,FR5 -> FRH: NUTS 2013 (Ouest),coincide,48.3641742,-3.924989074117647,"Barometer 6th update, Appendix 5 (data 31-03-2026)",T0074
392,101112919,OCEANIDS,HORIZON-MISS-2022-CLIMA-01-01,RIA,2022,Free Hanseatic City of Bremen,Germany,DE,DE501,DE501,"Bremen, Kreisfreie Stadt",NUTS 2024,3,1,True,,,,,ok,,coincide,53.144869,8.6932343,"Barometer 6th update, Appendix 5 (data 31-03-2026)",T0172
393,101112919,OCEANIDS,HORIZON-MISS-2022-CLIMA-01-01,RIA,2022,Crete Region,Greece,EL,EL43,EL43,Kriti,NUTS 2024,2,1,True,,,,,ok,,sin geocodificar,,,"Barometer 6th update, Appendix 5 (data 31-03-2026)",T0126
394,101112919,OCEANIDS,HORIZON-MISS-2022-CLIMA-01-01,RIA,2022,Greek Islands,Greece,EL,EL4,EL4,"Nisia Aigaiou, Kriti",NUTS 2024,1,1,False,,,,,ok,,sin geocodificar,,,"Barometer 6th update, Appendix 5 (data 31-03-2026)",T0202
395,101112919,OCEANIDS,HORIZON-MISS-2022-CLIMA-01-01,RIA,2022,Azores,Portugal,PT,PT2,PT2,Região Autónoma dos Açores,NUTS 2024,1,1,False,,,,,ok,,coincide,37.80855645,-25.473137391245295,"Barometer 6th update, Appendix 5 (data 31-03-2026)",T0046
396,101112919,OCEANIDS,HORIZON-MISS-2022-CLIMA-01-01,RIA,2022,Malaga City,Spain,ES,ES617,ES617,Málaga,NUTS 2024,3,1,True,,,,,ok,,sin geocodificar,,,"Barometer 6th update, Appendix 5 (data 31-03-2026)",T0303
397,101093942,Pathways2Resilience,HORIZON-MISS-2021-CLIMA-02-02,Cascade,2021,Selenice,Albania,AL,AL035,AL035,Vlorë,SR 2024,3,1,False,,Cohort 1,Complete,2026-03-31,ok,,geocodificado fuera de NUTS,40.5335283,19.634945817727722,"Barometer 6th update, Appendix 5 (data 31-03-2026)",T0460
398,101093942,Pathways2Resilience,HORIZON-MISS-2021-CLIMA-02-02,Cascade,2021,Ararat Community,Armenia,AM,NO NUTS,,,,,0,False,,Cohort 1,Complete,2026-03-31,no_nuts,fuera del sistema NUTS (tercer país o ámbito no territorial),geocodificado fuera de NUTS,39.80499675,44.85344991552729,"Barometer 6th update, Appendix 5 (data 31-03-2026)",T0030
399,101093942,Pathways2Resilience,HORIZON-MISS-2021-CLIMA-02-02,Cascade,2021,Herzegovina-Neretva Canton,Bosnia and Herzegovina,BA,BA-J,BA01,Federacija Bosne i Hercegovine,SR 2024,2,1,False,,Cohort 1,Complete,2026-03-31,no_nuts,cantón de la Federación (BA01),geocodificado fuera de NUTS,43.2454799,17.791328206678866,"Barometer 6th update, Appendix 5 (data 31-03-2026)",T0213
400,101093942,Pathways2Resilience,HORIZON-MISS-2021-CLIMA-02-02,Cascade,2021,Istria County,Croatia,HR,HR036,HR036,Istarska županija,NUTS 2024,3,1,False,,Cohort 1,Complete,2026-03-31,ok,,coincide,45.1854803,13.9090255,"Barometer 6th update, Appendix 5 (data 31-03-2026)",T0224
401,101093942,Pathways2Resilience,HORIZON-MISS-2021-CLIMA-02-02,Cascade,2021,Aradippou,Cyprus,CY,CY000,CY000,Kýpros,NUTS 2024,3,1,True,,Cohort 1,Complete,2026-03-31,ok,,coincide,34.9496176,33.5926752,"Barometer 6th update, Appendix 5 (data 31-03-2026)",T0028
402,101093942,Pathways2Resilience,HORIZON-MISS-2021-CLIMA-02-02,Cascade,2021,Přerov,Czechia,CZ,CZ07,CZ07,Střední Morava,NUTS 2024,2,1,False,,Cohort 1,Complete,2026-03-31,ok,,coincide,49.4553775,17.4508621,"Barometer 6th update, Appendix 5 (data 31-03-2026)",T0420
403,101093942,Pathways2Resilience,HORIZON-MISS-2021-CLIMA-02-02,Cascade,2021,Zlín Region,Czechia,CZ,CZ072,CZ072,Zlínský kraj,NUTS 2024,3,1,False,,Cohort 1,Complete,2026-03-31,ok,,coincide,49.19692,17.646091635845135,"Barometer 6th update, Appendix 5 (data 31-03-2026)",T0607
404,101093942,Pathways2Resilience,HORIZON-MISS-2021-CLIMA-02-02,Cascade,2021,Region Zealand,Denmark,DK,DK02,DK02,Sjælland,NUTS 2024,2,1,True,,Cohort 1,Complete,2026-03-31,ok,,coincide,55.4864453,11.691349261334938,"Barometer 6th update, Appendix 5 (data 31-03-2026)",T0426
405,101093942,Pathways2Resilience,HORIZON-MISS-2021-CLIMA-02-02,Cascade,2021,Saue Rural Municipality,Estonia,EE,EE001,EE001,Põhja-Eesti,NUTS 2024,3,1,True,,Cohort 1,Complete,2026-03-31,ok,,sin geocodificar,,,"Barometer 6th update, Appendix 5 (data 31-03-2026)",T0456
406,101093942,Pathways2Resilience,HORIZON-MISS-2021-CLIMA-02-02,Cascade,2021,Kymenlaakso,Finland,FI,FI1C7,FI1C7,Kymenlaakso,NUTS 2024,3,1,True,,Cohort 1,Complete,2026-03-31,ok,,coincide,60.7318529,27.082874421604863,"Barometer 6th update, Appendix 5 (data 31-03-2026)",T0257
407,101093942,Pathways2Resilience,HORIZON-MISS-2021-CLIMA-02-02,Cascade,2021,Île-de-France Region,France,FR,FR10,FR10,Ile-de-France,NUTS 2024,2,1,True,,Cohort 1,Complete,2026-03-31,ok,,sin geocodificar,,,"Barometer 6th update, Appendix 5 (data 31-03-2026)",T0611
408,101093942,Pathways2Resilience,HORIZON-MISS-2021-CLIMA-02-02,Cascade,2021,Normandy Region,France,FR,FRD0,FRD,Normandie,NUTS 2024,1,1,True,,Cohort 1,Complete,2026-03-31,version,FRD0 -> FRD: código inexistente; Normandie es FRD,coincide,49.3469099,-1.4159893881672108,"Barometer 6th update, Appendix 5 (data 31-03-2026)",T0357
409,101093942,Pathways2Resilience,HORIZON-MISS-2021-CLIMA-02-02,Cascade,2021,Free Hanseatic City of Bremen,Germany,DE,DE501,DE501,"Bremen, Kreisfreie Stadt",NUTS 2024,3,1,True,,Cohort 1,Complete,2026-03-31,ok,,coincide,53.144869,8.6932343,"Barometer 6th update, Appendix 5 (data 31-03-2026)",T0172
410,101093942,Pathways2Resilience,HORIZON-MISS-2021-CLIMA-02-02,Cascade,2021,Ithaki,Greece,EL,EL623,EL623,"Ithaki, Kefallinia",NUTS 2024,3,1,False,,Cohort 1,Complete,2026-03-31,ok,,sin geocodificar,,,"Barometer 6th update, Appendix 5 (data 31-03-2026)",T0227
411,101093942,Pathways2Resilience,HORIZON-MISS-2021-CLIMA-02-02,Cascade,2021,Region of Western Greece,Greece,EL,EL63,EL63,Dytiki Elláda,NUTS 2024,2,1,False,,Cohort 1,Complete,2026-03-31,ok,,sin geocodificar,,,"Barometer 6th update, Appendix 5 (data 31-03-2026)",T0430
412,101093942,Pathways2Resilience,HORIZON-MISS-2021-CLIMA-02-02,Cascade,2021,Municipality of Budapest,Hungary,HU,HU110,HU110,Budapest,NUTS 2024,3,1,True,,Cohort 1,Complete,2026-03-31,ok,,sin geocodificar,,,"Barometer 6th update, Appendix 5 (data 31-03-2026)",T0327
413,101093942,Pathways2Resilience,HORIZON-MISS-2021-CLIMA-02-02,Cascade,2021,Donegal,Ireland,IE,IE041,IE041,Border,NUTS 2024,3,1,False,,Cohort 1,Complete,2026-03-31,ok,,coincide,54.6537924,-8.1102616,"Barometer 6th update, Appendix 5 (data 31-03-2026)",T0141
414,101093942,Pathways2Resilience,HORIZON-MISS-2021-CLIMA-02-02,Cascade,2021,Tipperary County,Ireland,IE,IE051,IE051,Mid-West,NUTS 2024,3,1,True,,Cohort 1,Complete,2026-03-31,ok,,coincide,52.68482145,-7.898147186112796,"Barometer 6th update, Appendix 5 (data 31-03-2026)",T0526
415,101093942,Pathways2Resilience,HORIZON-MISS-2021-CLIMA-02-02,Cascade,2021,Marche,Italy,IT,FI1C7,ITI3,Marche,NUTS 2024,2,1,True,,Cohort 1,Complete,2026-03-31,error,FI1C7 es Kymenlaakso (Finlandia); Marche es ITI3,coincide,43.3458388,13.1415872,"Barometer 6th update, Appendix 5 (data 31-03-2026)",T0308
416,101093942,Pathways2Resilience,HORIZON-MISS-2021-CLIMA-02-02,Cascade,2021,Umbria Region,Italy,IT,ITI2,ITI2,Umbria,NUTS 2024,2,1,False,,Cohort 1,Complete,2026-03-31,ok,,coincide,43.1013971,12.3714826,"Barometer 6th update, Appendix 5 (data 31-03-2026)",T0546
417,101093942,Pathways2Resilience,HORIZON-MISS-2021-CLIMA-02-02,Cascade,2021,Klaipeda City,Lithuania,LT,LT023,LT023,Klaipėdos apskritis,NUTS 2024,3,1,True,,Cohort 1,Complete,2026-03-31,ok,,coincide,55.7127529,21.1350469,"Barometer 6th update, Appendix 5 (data 31-03-2026)",T0241
418,101093942,Pathways2Resilience,HORIZON-MISS-2021-CLIMA-02-02,Cascade,2021,Cetinje,Montenegro,ME,ME000,ME000,Црна Гора,SR 2024,3,1,False,,Cohort 1,Complete,2026-03-31,ok,,geocodificado fuera de NUTS,42.389633,18.9246085,"Barometer 6th update, Appendix 5 (data 31-03-2026)",T0102
419,101093942,Pathways2Resilience,HORIZON-MISS-2021-CLIMA-02-02,Cascade,2021,Arnhem-Nijmegen,Netherlands,NL,NL226,NL226,Arnhem/Nijmegen,NUTS 2024,3,1,True,,Cohort 1,Complete,2026-03-31,ok,,coincide,51.902966750000004,5.926843680478266,"Barometer 6th update, Appendix 5 (data 31-03-2026)",T0033
420,101093942,Pathways2Resilience,HORIZON-MISS-2021-CLIMA-02-02,Cascade,2021,Gelderland Province,Netherlands,NL,NL22,NL22,Gelderland,NUTS 2024,2,1,True,,Cohort 1,Complete,2026-03-31,ok,,coincide,51.9772665,5.9098658,"Barometer 6th update, Appendix 5 (data 31-03-2026)",T0184
421,101093942,Pathways2Resilience,HORIZON-MISS-2021-CLIMA-02-02,Cascade,2021,Municipality of Sveti Nikole,North Macedonia,MK,NO NUTS,MK001,Вардарски,SR 2024,3,1,False,,Cohort 1,Complete,2026-03-31,no_nuts,Sveti Nikole está en la región de Vardar (MK001),geocodificado fuera de NUTS,41.8763834,21.968930124637048,"Barometer 6th update, Appendix 5 (data 31-03-2026)",T0336
422,101093942,Pathways2Resilience,HORIZON-MISS-2021-CLIMA-02-02,Cascade,2021,Warmińsko-Mazurskie Voivodship,Poland,PL,PL62,PL62,Warmińsko-mazurskie,NUTS 2024,2,1,False,,Cohort 1,Complete,2026-03-31,ok,,coincide,53.9311892,21.1260808,"Barometer 6th update, Appendix 5 (data 31-03-2026)",T0582
423,101093942,Pathways2Resilience,HORIZON-MISS-2021-CLIMA-02-02,Cascade,2021,Alentejo,Portugal,PT,PT1C,PT1C,Alentejo,NUTS 2024,2,1,True,,Cohort 1,Complete,2026-03-31,ok,,coincide,38.49104545,-8.027353044950193,"Barometer 6th update, Appendix 5 (data 31-03-2026)",T0013
424,101093942,Pathways2Resilience,HORIZON-MISS-2021-CLIMA-02-02,Cascade,2021,Terras de Trás-os-Montes,Portugal,PT,PT11E,PT11E,Terras de Trás-os-Montes,NUTS 2024,3,1,False,,Cohort 1,Complete,2026-03-31,ok,,coincide,41.59298595,-6.7288269232895885,"Barometer 6th update, Appendix 5 (data 31-03-2026)",T0516
425,101093942,Pathways2Resilience,HORIZON-MISS-2021-CLIMA-02-02,Cascade,2021,West Region Romania,Romania,RO,RO42,RO42,Vest,NUTS 2024,2,1,False,,Cohort 1,Complete,2026-03-31,ok,,sin geocodificar,,,"Barometer 6th update, Appendix 5 (data 31-03-2026)",T0592
426,101093942,Pathways2Resilience,HORIZON-MISS-2021-CLIMA-02-02,Cascade,2021,The Arilje Municipality,Serbia,RS,NO NUTS,RS211,Златиборска област,SR 2024,3,1,False,,Cohort 1,Complete,2026-03-31,no_nuts,Arilje está en Zlatiborska oblast (RS211),geocodificado fuera de NUTS,43.7273448,20.1151133,"Barometer 6th update, Appendix 5 (data 31-03-2026)",T0518
427,101093942,Pathways2Resilience,HORIZON-MISS-2021-CLIMA-02-02,Cascade,2021,Prešov Region,Slovakia,SK,SK041,SK041,Prešovský kraj,NUTS 2024,3,1,False,,Cohort 1,Complete,2026-03-31,ok,,coincide,49.1117685,21.18759776682304,"Barometer 6th update, Appendix 5 (data 31-03-2026)",T0407
428,101093942,Pathways2Resilience,HORIZON-MISS-2021-CLIMA-02-02,Cascade,2021,Gorenjska Region,Slovenia,SI,SI042,SI042,Gorenjska,NUTS 2024,3,1,True,,Cohort 1,Complete,2026-03-31,ok,,coincide,46.2636081,14.158939180045914,"Barometer 6th update, Appendix 5 (data 31-03-2026)",T0192
429,101093942,Pathways2Resilience,HORIZON-MISS-2021-CLIMA-02-02,Cascade,2021,Castilla y León,Spain,ES,ES41,ES41,Castilla y León,NUTS 2024,2,1,True,,Cohort 1,Complete,2026-03-31,ok,,coincide,41.55005,-5.1387401,"Barometer 6th update, Appendix 5 (data 31-03-2026)",T0089
430,101093942,Pathways2Resilience,HORIZON-MISS-2021-CLIMA-02-02,Cascade,2021,Malaga City,Spain,ES,ES617,ES617,Málaga,NUTS 2024,3,1,True,,Cohort 1,Complete,2026-03-31,ok,,sin geocodificar,,,"Barometer 6th update, Appendix 5 (data 31-03-2026)",T0303
431,101093942,Pathways2Resilience,HORIZON-MISS-2021-CLIMA-02-02,Cascade,2021,Skåne,Sweden,SE,SE224,SE224,Skåne län,NUTS 2024,3,1,False,,Cohort 1,Complete,2026-03-31,ok,,coincide,55.8479416,13.633711699754647,"Barometer 6th update, Appendix 5 (data 31-03-2026)",T0473
432,101093942,Pathways2Resilience,HORIZON-MISS-2021-CLIMA-02-02,Cascade,2021,Şanlıurfa Metropolitan Municipality,Turkey,TR,TRC22,TRC22,Diyarbakır,SR 2024,3,1,True,,Cohort 1,Complete,2026-03-31,ok,,geocodificado fuera de NUTS,40.9917696,39.75149196503165,"Barometer 6th update, Appendix 5 (data 31-03-2026)",T0615
433,101093942,Pathways2Resilience,HORIZON-MISS-2021-CLIMA-02-02,Cascade,2021,Greater London,United Kingdom,UK,UKI,UKI,London,NUTS 2021 (UK),1,1,False,,Cohort 1,Complete,2026-03-31,ok,,sin geocodificar,,,"Barometer 6th update, Appendix 5 (data 31-03-2026)",T0199
434,101093942,Pathways2Resilience,HORIZON-MISS-2021-CLIMA-02-02,Cascade,2021,Greater Manchester,United Kingdom,UK,UKD3,UKD3,Greater Manchester,NUTS 2021 (UK),2,1,False,,Cohort 1,Complete,2026-03-31,ok,,sin geocodificar,,,"Barometer 6th update, Appendix 5 (data 31-03-2026)",T0200
435,101093942,Pathways2Resilience,HORIZON-MISS-2021-CLIMA-02-02,Cascade,2021,Tirana Region,Albania,AL,AL011,AL011,Dibër,SR 2024,3,1,False,,Cohort 2,Ongoing,,ok,,geocodificado fuera de NUTS,41.34453095,19.77718252153513,"Barometer 6th update, Appendix 5 (data 31-03-2026)",T0527
436,101093942,Pathways2Resilience,HORIZON-MISS-2021-CLIMA-02-02,Cascade,2021,Kotayk region,Armenia,AM,NO NUTS,,,,,0,False,,Cohort 2,Ongoing,,no_nuts,fuera del sistema NUTS (tercer país o ámbito no territorial),sin geocodificar,,,"Barometer 6th update, Appendix 5 (data 31-03-2026)",T0246
437,101093942,Pathways2Resilience,HORIZON-MISS-2021-CLIMA-02-02,Cascade,2021,Region Elsbeere-Wienerwald,Austria,AT,AT121,AT121,Mostviertel-Eisenwurzen,NUTS 2024,3,1,False,,Cohort 2,Ongoing,,revisar,"La región Elsbeere-Wienerwald parece quedar en los distritos de Lilienfeld y Baden (AT123/AT127), no en Mostviertel-Eisenwurzen; confirmar",no coincide (punto en AT112; revisado a mano),47.7266127,16.4296372,"Barometer 6th update, Appendix 5 (data 31-03-2026)",T0423
438,101093942,Pathways2Resilience,HORIZON-MISS-2021-CLIMA-02-02,Cascade,2021,Styria,Austria,AT,AT22,AT22,Steiermark,NUTS 2024,2,1,False,,Cohort 2,Ongoing,,ok,,coincide,47.2500001,15.1666665,"Barometer 6th update, Appendix 5 (data 31-03-2026)",T0500
439,101093942,Pathways2Resilience,HORIZON-MISS-2021-CLIMA-02-02,Cascade,2021,Commune d'Ixelles,Belgium,BE,BE100,BE100,Arr. de Bruxelles-Capitale/Arr. Brussel-Hoofdstad,NUTS 2024,3,1,False,,Cohort 2,Ongoing,,ok,,coincide,50.8331141,4.3668279,"Barometer 6th update, Appendix 5 (data 31-03-2026)",T0118
440,101093942,Pathways2Resilience,HORIZON-MISS-2021-CLIMA-02-02,Cascade,2021,Etterbeek,Belgium,BE,BE100,BE100,Arr. de Bruxelles-Capitale/Arr. Brussel-Hoofdstad,NUTS 2024,3,1,False,,Cohort 2,Ongoing,,ok,,coincide,50.8361447,4.3861737,"Barometer 6th update, Appendix 5 (data 31-03-2026)",T0160
441,101093942,Pathways2Resilience,HORIZON-MISS-2021-CLIMA-02-02,Cascade,2021,Walloon Region,Belgium,BE,BE3,BE3,Région wallonne,NUTS 2024,1,1,True,,Cohort 2,Ongoing,,ok,,coincide,50.637801100000004,5.572476044528013,"Barometer 6th update, Appendix 5 (data 31-03-2026)",T0581
442,101093942,Pathways2Resilience,HORIZON-MISS-2021-CLIMA-02-02,Cascade,2021,Blidinje Nature Park and Surrounding Mountain Communities,Bosnia and Herzegovina,BA,BA-F,BA01,Federacija Bosne i Hercegovine,SR 2024,2,1,False,,Cohort 2,Ongoing,,no_nuts,Blidinje está en la Federación (BA01),sin geocodificar,,,"Barometer 6th update, Appendix 5 (data 31-03-2026)",T0065
443,101093942,Pathways2Resilience,HORIZON-MISS-2021-CLIMA-02-02,Cascade,2021,Sarajevo,Bosnia and Herzegovina,BA,BA-H,BA01,Federacija Bosne i Hercegovine,SR 2024,2,1,False,,Cohort 2,Ongoing,,no_nuts,"Statistical Region: Federacija Bosne i Hercegovine (BA01); ""BA-H"" es una clave ad hoc",geocodificado fuera de NUTS,43.8519774,18.3866868,"Barometer 6th update, Appendix 5 (data 31-03-2026)",T0453
444,101093942,Pathways2Resilience,HORIZON-MISS-2021-CLIMA-02-02,Cascade,2021,Dobrich Municipality,Bulgaria,BG,BG332,BG332,Dobrich,NUTS 2024,3,1,False,,Cohort 2,Ongoing,,ok,,coincide,43.40752645,28.163497756279696,"Barometer 6th update, Appendix 5 (data 31-03-2026)",T0139
445,101093942,Pathways2Resilience,HORIZON-MISS-2021-CLIMA-02-02,Cascade,2021,Silistra,Bulgaria,BG,BG325,BG325,Silistra,NUTS 2024,3,1,False,,Cohort 2,Ongoing,,ok,,coincide,44.118308,27.2600031,"Barometer 6th update, Appendix 5 (data 31-03-2026)",T0468
446,101093942,Pathways2Resilience,HORIZON-MISS-2021-CLIMA-02-02,Cascade,2021,Križevci Prigorje,Croatia,HR,HR063,HR063,Koprivničko-križevačka županija,NUTS 2024,3,1,True,,Cohort 2,Ongoing,,ok,,coincide,46.0248702,16.530752,"Barometer 6th update, Appendix 5 (data 31-03-2026)",T0254
447,101093942,Pathways2Resilience,HORIZON-MISS-2021-CLIMA-02-02,Cascade,2021,Limassol,Cyprus,CY,CY022,CY000,Kýpros,NUTS 2024,3,1,False,,Cohort 2,Ongoing,,error,CY022 no existe; Chipre tiene un único NUTS-3 (CY000),coincide,34.6852901,33.0332657,"Barometer 6th update, Appendix 5 (data 31-03-2026)",T0278
448,101093942,Pathways2Resilience,HORIZON-MISS-2021-CLIMA-02-02,Cascade,2021,Podipsko Region,Czechia,CZ,CZ020,CZ020,Středočeský kraj,NUTS 2024,3,1,False,,Cohort 2,Ongoing,,ok,,sin geocodificar,,,"Barometer 6th update, Appendix 5 (data 31-03-2026)",T0398
449,101093942,Pathways2Resilience,HORIZON-MISS-2021-CLIMA-02-02,Cascade,2021,Aalborg Municipality,Denmark,DK,DK050,DK050,Nordjylland,NUTS 2024,3,1,False,,Cohort 2,Ongoing,,ok,,coincide,57.1083005,10.012356050582902,"Barometer 6th update, Appendix 5 (data 31-03-2026)",T0002
450,101093942,Pathways2Resilience,HORIZON-MISS-2021-CLIMA-02-02,Cascade,2021,Egedal Municipality,Denmark,DK,DK021,DK013,Nordsjælland,NUTS 2024,3,1,False,,Cohort 2,Ongoing,,error,DK021 es Østsjælland; Egedal está en Nordsjælland (DK013),coincide,55.761213100000006,12.215054578633818,"Barometer 6th update, Appendix 5 (data 31-03-2026)",T0152
451,101093942,Pathways2Resilience,HORIZON-MISS-2021-CLIMA-02-02,Cascade,2021,West Estonian Archipelago,Estonia,EE,EE004,EE004,Lääne-Eesti,NUTS 2024,3,1,False,,Cohort 2,Ongoing,,ok,,coincide,58.2948782,22.340523202061622,"Barometer 6th update, Appendix 5 (data 31-03-2026)",T0587
452,101093942,Pathways2Resilience,HORIZON-MISS-2021-CLIMA-02-02,Cascade,2021,Ostrobothnia,Finland,FI,FI94,FI19A,Pohjanmaa,NUTS 2024,3,1,True,,Cohort 2,Ongoing,,version,FI94 -> FI19A: código inexistente; Pohjanmaa es FI19A,coincide,62.9651857,21.2099367431475,"Barometer 6th update, Appendix 5 (data 31-03-2026)",T0379
453,101093942,Pathways2Resilience,HORIZON-MISS-2021-CLIMA-02-02,Cascade,2021,Département du Nord,France,FR,FR301,FRE11,Nord,NUTS 2024,3,1,False,,Cohort 2,Ongoing,,version,FR301 -> FRE11: NUTS 2013 (Nord),coincide,50.619940650000004,3.042623430144832,"Barometer 6th update, Appendix 5 (data 31-03-2026)",T0144
454,101093942,Pathways2Resilience,HORIZON-MISS-2021-CLIMA-02-02,Cascade,2021,Nouvelle-Aquitaine Region,France,FR,FRI,FRI,Nouvelle-Aquitaine,NUTS 2024,1,1,True,,Cohort 2,Ongoing,,ok,,coincide,45.679752750000006,2.082630852964626,"Barometer 6th update, Appendix 5 (data 31-03-2026)",T0368
455,101093942,Pathways2Resilience,HORIZON-MISS-2021-CLIMA-02-02,Cascade,2021,La Réunion,French Outermost Regions,FR,FRY40,FRY40,La Réunion,NUTS 2024,3,1,False,,Cohort 2,Ongoing,,ok,,coincide,-21.1309332,55.5265771,"Barometer 6th update, Appendix 5 (data 31-03-2026)",T0262
456,101093942,Pathways2Resilience,HORIZON-MISS-2021-CLIMA-02-02,Cascade,2021,Kakheti,Georgia,GE,NO NUTS,,,,,0,False,,Cohort 2,Ongoing,,no_nuts,fuera del sistema NUTS (tercer país o ámbito no territorial),geocodificado fuera de NUTS,41.737352,45.6721781,"Barometer 6th update, Appendix 5 (data 31-03-2026)",T0235
457,101093942,Pathways2Resilience,HORIZON-MISS-2021-CLIMA-02-02,Cascade,2021,Tusheti,Georgia,GE,NO NUTS,,,,,0,False,,Cohort 2,Ongoing,,no_nuts,fuera del sistema NUTS (tercer país o ámbito no territorial),geocodificado fuera de NUTS,42.4183029,45.4975279,"Barometer 6th update, Appendix 5 (data 31-03-2026)",T0543
458,101093942,Pathways2Resilience,HORIZON-MISS-2021-CLIMA-02-02,Cascade,2021,Upper Svaneti,Georgia,GE,NO NUTS,,,,,0,False,,Cohort 2,Ongoing,,no_nuts,fuera del sistema NUTS (tercer país o ámbito no territorial),geocodificado fuera de NUTS,42.63545205,42.24871384619953,"Barometer 6th update, Appendix 5 (data 31-03-2026)",T0549
459,101093942,Pathways2Resilience,HORIZON-MISS-2021-CLIMA-02-02,Cascade,2021,Kreis Lippe,Germany,DE,DEA45,DEA45,Lippe,NUTS 2024,3,1,False,,Cohort 2,Ongoing,,ok,,coincide,51.991762550000004,8.916596968343498,"Barometer 6th update, Appendix 5 (data 31-03-2026)",T0250
460,101093942,Pathways2Resilience,HORIZON-MISS-2021-CLIMA-02-02,Cascade,2021,Luckau,Germany,DE,DE40B,DE406,Dahme-Spreewald,NUTS 2024,3,1,False,,Cohort 2,Ongoing,,error,DE40B es Oberspreewald-Lausitz; Luckau está en Dahme-Spreewald (DE406),coincide,51.8524163,13.7150055,"Barometer 6th update, Appendix 5 (data 31-03-2026)",T0293
461,101093942,Pathways2Resilience,HORIZON-MISS-2021-CLIMA-02-02,Cascade,2021,Worms,Germany,DE,DEB3A,DEB39,"Worms, Kreisfreie Stadt",NUTS 2024,3,1,False,,Cohort 2,Ongoing,,error,DEB3A es Zweibrücken; Worms es DEB39,coincide,49.6302618,8.3620898,"Barometer 6th update, Appendix 5 (data 31-03-2026)",T0597
462,101093942,Pathways2Resilience,HORIZON-MISS-2021-CLIMA-02-02,Cascade,2021,North Aegean,Greece,EL,EL41,EL41,Voreio Aigaio,NUTS 2024,2,1,False,,Cohort 2,Ongoing,,ok,,sin geocodificar,,,"Barometer 6th update, Appendix 5 (data 31-03-2026)",T0359
463,101093942,Pathways2Resilience,HORIZON-MISS-2021-CLIMA-02-02,Cascade,2021,Region of Attica,Greece,EL,EL30,EL30,Attiki,NUTS 2024,2,1,False,,Cohort 2,Ongoing,,ok,,sin geocodificar,,,"Barometer 6th update, Appendix 5 (data 31-03-2026)",T0427
464,101093942,Pathways2Resilience,HORIZON-MISS-2021-CLIMA-02-02,Cascade,2021,East of Iceland,Iceland,IS,IS002,IS002,Landsbyggð,NUTS 2024,3,1,False,,Cohort 2,Ongoing,,ok,,coincide,63.970445999999995,-22.566751764123985,"Barometer 6th update, Appendix 5 (data 31-03-2026)",T0148
465,101093942,Pathways2Resilience,HORIZON-MISS-2021-CLIMA-02-02,Cascade,2021,Emilia-Romagna Region,Italy,IT,ITH5,ITH5,Emilia-Romagna,NUTS 2024,2,1,True,,Cohort 2,Ongoing,,ok,,coincide,44.4914458,11.3435713,"Barometer 6th update, Appendix 5 (data 31-03-2026)",T0156
466,101093942,Pathways2Resilience,HORIZON-MISS-2021-CLIMA-02-02,Cascade,2021,Municipality of Pescara,Italy,IT,ITF13,ITF13,Pescara,NUTS 2024,3,1,False,,Cohort 2,Ongoing,,ok,,sin geocodificar,,,"Barometer 6th update, Appendix 5 (data 31-03-2026)",T0331
467,101093942,Pathways2Resilience,HORIZON-MISS-2021-CLIMA-02-02,Cascade,2021,Sardinia Region,Italy,IT,ITG2,ITG2,Sardegna,NUTS 2024,2,1,True,,Cohort 2,Ongoing,,ok,,coincide,39.2227173,9.1022627,"Barometer 6th update, Appendix 5 (data 31-03-2026)",T0454
468,101093942,Pathways2Resilience,HORIZON-MISS-2021-CLIMA-02-02,Cascade,2021,Municipality of Podujeva,Kosovo,XK,NO NUTS,XK001,Prishtinë/Priština,SR 2024,3,1,False,,Cohort 2,Ongoing,,no_nuts,Podujevë está en el distrito de Prishtinë (XK001),sin geocodificar,,,"Barometer 6th update, Appendix 5 (data 31-03-2026)",T0332
469,101093942,Pathways2Resilience,HORIZON-MISS-2021-CLIMA-02-02,Cascade,2021,Alytus Region,Lithuania,LT,LT023,LT021,Alytaus apskritis,NUTS 2024,3,1,True,,Cohort 2,Ongoing,,error,LT023 es Klaipėdos apskritis; Alytus es LT021,coincide,54.276928049999995,23.758292753061713,"Barometer 6th update, Appendix 5 (data 31-03-2026)",T0018
470,101093942,Pathways2Resilience,HORIZON-MISS-2021-CLIMA-02-02,Cascade,2021,Cimișlia,Moldova,MD,NO NUTS,,,,,0,False,,Cohort 2,Ongoing,,no_nuts,fuera del sistema NUTS (tercer país o ámbito no territorial),geocodificado fuera de NUTS,46.5214777,28.7832993,"Barometer 6th update, Appendix 5 (data 31-03-2026)",T0108
471,101093942,Pathways2Resilience,HORIZON-MISS-2021-CLIMA-02-02,Cascade,2021,Nisporeni Municipality,Moldova,MD,NO NUTS,,,,,0,False,,Cohort 2,Ongoing,,no_nuts,fuera del sistema NUTS (tercer país o ámbito no territorial),geocodificado fuera de NUTS,47.0189689,28.8452908,"Barometer 6th update, Appendix 5 (data 31-03-2026)",T0353
472,101093942,Pathways2Resilience,HORIZON-MISS-2021-CLIMA-02-02,Cascade,2021,Twente,Netherlands,NL,NL213,NL213,Twente,NUTS 2024,3,1,False,,Cohort 2,Ongoing,,ok,,coincide,52.3253541,6.7933211,"Barometer 6th update, Appendix 5 (data 31-03-2026)",T0544
473,101093942,Pathways2Resilience,HORIZON-MISS-2021-CLIMA-02-02,Cascade,2021,Northeastern Statistical Region,North Macedonia,MK,MK004,MK004,Југоисточен,SR 2024,3,1,False,,Cohort 2,Ongoing,,ok,,sin geocodificar,,,"Barometer 6th update, Appendix 5 (data 31-03-2026)",T0365
474,101093942,Pathways2Resilience,HORIZON-MISS-2021-CLIMA-02-02,Cascade,2021,Akershus County,Norway,NO,NO082,NO084,Akershus,NUTS 2024,3,1,False,,Cohort 2,Ongoing,,version,NO082 -> NO084: código NUTS 2021 sustituido en NUTS 2024,sin geocodificar,,,"Barometer 6th update, Appendix 5 (data 31-03-2026)",T0010
475,101093942,Pathways2Resilience,HORIZON-MISS-2021-CLIMA-02-02,Cascade,2021,Region Kristiansand,Norway,NO,NO092,NO092,Agder,NUTS 2024,3,1,False,,Cohort 2,Ongoing,,ok,,sin geocodificar,,,"Barometer 6th update, Appendix 5 (data 31-03-2026)",T0424
476,101093942,Pathways2Resilience,HORIZON-MISS-2021-CLIMA-02-02,Cascade,2021,Braga Municipality,Portugal,PT,PT112,PT112,Cávado,NUTS 2024,3,1,True,,Cohort 2,Ongoing,,ok,,sin geocodificar,,,"Barometer 6th update, Appendix 5 (data 31-03-2026)",T0071
477,101093942,Pathways2Resilience,HORIZON-MISS-2021-CLIMA-02-02,Cascade,2021,Região de Aveiro,Portugal,PT,PT16D,PT191,Região de Aveiro,NUTS 2024,3,1,False,,Cohort 2,Ongoing,,version,PT16D -> PT191: código NUTS 2021 sustituido en NUTS 2024,coincide,40.68574015,-8.520178681910679,"Barometer 6th update, Appendix 5 (data 31-03-2026)",T0432
478,101093942,Pathways2Resilience,HORIZON-MISS-2021-CLIMA-02-02,Cascade,2021,North-West Region,Romania,RO,RO11,RO11,Nord-Vest,NUTS 2024,2,1,False,,Cohort 2,Ongoing,,ok,,sin geocodificar,,,"Barometer 6th update, Appendix 5 (data 31-03-2026)",T0364
479,101093942,Pathways2Resilience,HORIZON-MISS-2021-CLIMA-02-02,Cascade,2021,Teleorman County,Romania,RO,RO317,RO317,Teleorman,NUTS 2024,3,1,False,,Cohort 2,Ongoing,,ok,,coincide,43.9716029,25.3269655,"Barometer 6th update, Appendix 5 (data 31-03-2026)",T0514
480,101093942,Pathways2Resilience,HORIZON-MISS-2021-CLIMA-02-02,Cascade,2021,Southern Serbia region,Serbia,RS,NO NUTS,RS22,Регион Јужне и Источне Србије,SR 2024,2,1,False,,Cohort 2,Ongoing,,no_nuts,Regija Južne i Istočne Srbije (RS22),sin geocodificar,,,"Barometer 6th update, Appendix 5 (data 31-03-2026)",T0487
481,101093942,Pathways2Resilience,HORIZON-MISS-2021-CLIMA-02-02,Cascade,2021,Kosice region,Slovakia,SK,SK042,SK042,Košický kraj,NUTS 2024,3,1,True,,Cohort 2,Ongoing,,ok,,coincide,48.676291,21.289816758617043,"Barometer 6th update, Appendix 5 (data 31-03-2026)",T0245
482,101093942,Pathways2Resilience,HORIZON-MISS-2021-CLIMA-02-02,Cascade,2021,Žilina Region,Slovakia,SK,SK031,SK031,Žilinský kraj,NUTS 2024,3,1,True,,Cohort 2,Ongoing,,ok,,coincide,49.1775455,19.205817977591973,"Barometer 6th update, Appendix 5 (data 31-03-2026)",T0617
483,101093942,Pathways2Resilience,HORIZON-MISS-2021-CLIMA-02-02,Cascade,2021,Goriška Region,Slovenia,SI,SI043,SI043,Goriška,NUTS 2024,3,1,True,,Cohort 2,Ongoing,,ok,,coincide,46.10411015,13.812337532144351,"Barometer 6th update, Appendix 5 (data 31-03-2026)",T0193
484,101093942,Pathways2Resilience,HORIZON-MISS-2021-CLIMA-02-02,Cascade,2021,Trbovlje,Slovenia,SI,SI034,SI035,Zasavska,NUTS 2024,3,1,False,,Cohort 2,Ongoing,,error,SI034 es Savinjska; Trbovlje está en Zasavska (SI035),coincide,46.1558964,15.0540204,"Barometer 6th update, Appendix 5 (data 31-03-2026)",T0532
485,101093942,Pathways2Resilience,HORIZON-MISS-2021-CLIMA-02-02,Cascade,2021,Catalonia,Spain,ES,ES51,ES51,Cataluña,NUTS 2024,2,1,True,,Cohort 2,Ongoing,,ok,,coincide,41.8523094,1.5745043,"Barometer 6th update, Appendix 5 (data 31-03-2026)",T0090
486,101093942,Pathways2Resilience,HORIZON-MISS-2021-CLIMA-02-02,Cascade,2021,Province of Cádiz,Spain,ES,ES612,ES612,Cádiz,NUTS 2024,3,1,False,,Cohort 2,Ongoing,,ok,,sin geocodificar,,,"Barometer 6th update, Appendix 5 (data 31-03-2026)",T0411
487,101093942,Pathways2Resilience,HORIZON-MISS-2021-CLIMA-02-02,Cascade,2021,Cukurova Region,Turkey,TR,TR62,TR62,"Adana, Mersin",SR 2024,2,1,False,,Cohort 2,Ongoing,,ok,,geocodificado fuera de NUTS,37.0500064,35.3594026014036,"Barometer 6th update, Appendix 5 (data 31-03-2026)",T0127
488,101093942,Pathways2Resilience,HORIZON-MISS-2021-CLIMA-02-02,Cascade,2021,Üsküdar,Turkey,TR,TR100,TR100,İstanbul,SR 2024,3,1,False,,Cohort 2,Ongoing,,ok,,geocodificado fuera de NUTS,41.0265498,29.0151321,"Barometer 6th update, Appendix 5 (data 31-03-2026)",T0613
489,101093942,Pathways2Resilience,HORIZON-MISS-2021-CLIMA-02-02,Cascade,2021,West Marmara Region,Turkey,TR,TRB2,TRB2,"Van, Muş, Bitlis, Hakkari",SR 2024,2,1,False,,Cohort 2,Ongoing,,ok,,sin geocodificar,,,"Barometer 6th update, Appendix 5 (data 31-03-2026)",T0591
490,101093942,Pathways2Resilience,HORIZON-MISS-2021-CLIMA-02-02,Cascade,2021,Chernihiv region,Ukraine,UA,NO NUTS,,,,,0,False,,Cohort 2,Ongoing,,no_nuts,fuera del sistema NUTS (tercer país o ámbito no territorial),geocodificado fuera de NUTS,51.48961225,31.30314632814933,"Barometer 6th update, Appendix 5 (data 31-03-2026)",T0105
491,101093942,Pathways2Resilience,HORIZON-MISS-2021-CLIMA-02-02,Cascade,2021,Lviv region,Ukraine,UA,NO NUTS,,,,,0,False,,Cohort 2,Ongoing,,no_nuts,fuera del sistema NUTS (tercer país o ámbito no territorial),geocodificado fuera de NUTS,49.846579199999994,24.05866979893481,"Barometer 6th update, Appendix 5 (data 31-03-2026)",T0295
492,101093942,Pathways2Resilience,HORIZON-MISS-2021-CLIMA-02-02,Cascade,2021,Odesa,Ukraine,UA,NO NUTS,,,,,0,False,,Cohort 2,Ongoing,,no_nuts,fuera del sistema NUTS (tercer país o ámbito no territorial),geocodificado fuera de NUTS,46.4843023,30.7322878,"Barometer 6th update, Appendix 5 (data 31-03-2026)",T0371
493,101093942,Pathways2Resilience,HORIZON-MISS-2021-CLIMA-02-02,Cascade,2021,Volyn Region,Ukraine,UA,NO NUTS,,,,,0,False,,Cohort 2,Ongoing,,no_nuts,fuera del sistema NUTS (tercer país o ámbito no territorial),geocodificado fuera de NUTS,50.75032605,25.338501312548182,"Barometer 6th update, Appendix 5 (data 31-03-2026)",T0575
494,101093942,Pathways2Resilience,HORIZON-MISS-2021-CLIMA-02-02,Cascade,2021,Belfast,United Kingdom,UK,UKN06,UKN06,Belfast,NUTS 2021 (UK),3,1,False,,Cohort 2,Ongoing,,ok,,sin geocodificar,,,"Barometer 6th update, Appendix 5 (data 31-03-2026)",T0056
495,101093942,Pathways2Resilience,HORIZON-MISS-2021-CLIMA-02-02,Cascade,2021,Kent,United Kingdom,UK,UKJ4,UKJ4,Kent,NUTS 2021 (UK),2,1,False,,Cohort 2,Ongoing,,ok,,sin geocodificar,,,"Barometer 6th update, Appendix 5 (data 31-03-2026)",T0239
496,101093942,Pathways2Resilience,HORIZON-MISS-2021-CLIMA-02-02,Cascade,2021,Plymouth,United Kingdom,UK,UKK41,UKK41,Plymouth,NUTS 2021 (UK),3,1,False,,Cohort 2,Ongoing,,ok,,sin geocodificar,,,"Barometer 6th update, Appendix 5 (data 31-03-2026)",T0397
497,101112841,PIISA,HORIZON-MISS-2022-CLIMA-01-03,RIA,2022,Finland,Finland,FI,FI,FI,Suomi/Finland,NUTS 2024,0,1,False,,,,,ok,,coincide,63.2467777,25.9209164,"Barometer 6th update, Appendix 5 (data 31-03-2026)",T0169
498,101112841,PIISA,HORIZON-MISS-2022-CLIMA-01-03,RIA,2022,Lyon,France,FR,FRK26,FRK26,Rhône,NUTS 2024,3,1,False,,,,,ok,,coincide,45.7578137,4.8320114,"Barometer 6th update, Appendix 5 (data 31-03-2026)",T0296
499,101112841,PIISA,HORIZON-MISS-2022-CLIMA-01-03,RIA,2022,Germany,Germany,DE,DE,DE,Deutschland,NUTS 2024,0,1,False,,,,,ok,,coincide,51.1638175,10.4478313,"Barometer 6th update, Appendix 5 (data 31-03-2026)",T0186
500,101112841,PIISA,HORIZON-MISS-2022-CLIMA-01-03,RIA,2022,Italy,Italy,IT,IT,IT,Italia,NUTS 2024,0,1,False,,,,,ok,,coincide,42.6384261,12.674297,"Barometer 6th update, Appendix 5 (data 31-03-2026)",T0226
501,101112841,PIISA,HORIZON-MISS-2022-CLIMA-01-03,RIA,2022,Amsterdam,Netherlands,NL,NL326,NL32B,Groot-Amsterdam,NUTS 2024,3,1,False,,,,,version,NL326 -> NL32B: NUTS 2013 (Groot-Amsterdam),coincide,52.3730796,4.8924534,"Barometer 6th update, Appendix 5 (data 31-03-2026)",T0023
502,101112841,PIISA,HORIZON-MISS-2022-CLIMA-01-03,RIA,2022,Centro region,Portugal,PT,PT16,PT19,Centro (PT),NUTS 2024,2,1,True,,,,,version,PT16 -> PT19: código NUTS 2021 sustituido en NUTS 2024,sin geocodificar,,,"Barometer 6th update, Appendix 5 (data 31-03-2026)",T0099
503,101112841,PIISA,HORIZON-MISS-2022-CLIMA-01-03,RIA,2022,Spain,Spain,ES,ES,ES,España,NUTS 2024,0,1,False,,,,,ok,,coincide,39.3260685,-4.8379791,"Barometer 6th update, Appendix 5 (data 31-03-2026)",T0490
504,101157094,Precilience,HORIZON-MISS-2023-CLIMA-01-01,IA,2023,Central-Jutland,Denmark,DK,DK04,DK04,Midtjylland,NUTS 2024,2,1,False,Demonstrator,,,,ok,,coincide,56.23564835,9.234625027778005,"Barometer 6th update, Appendix 5 (data 31-03-2026)",T0097
505,101157094,Precilience,HORIZON-MISS-2023-CLIMA-01-01,IA,2023,Sjælland,Denmark,DK,DK02,DK02,Sjælland,NUTS 2024,2,1,False,Replicator,,,,ok,,coincide,55.545597900000004,11.697374095992934,"Barometer 6th update, Appendix 5 (data 31-03-2026)",T0471
506,101157094,Precilience,HORIZON-MISS-2023-CLIMA-01-01,IA,2023,Estonia,Estonia,EE,EE00,EE00,Eesti,NUTS 2024,2,1,False,Demonstrator,,,,ok,,coincide,58.7523778,25.3319078,"Barometer 6th update, Appendix 5 (data 31-03-2026)",T0159
507,101157094,Precilience,HORIZON-MISS-2023-CLIMA-01-01,IA,2023,East Finland,Finland,FI,FI1D,FI1D,Pohjois- ja Itä-Suomi,NUTS 2024,2,1,True,Demonstrator,,,,ok,,coincide,62.59354795,28.951353159127272,"Barometer 6th update, Appendix 5 (data 31-03-2026)",T0145
508,101157094,Precilience,HORIZON-MISS-2023-CLIMA-01-01,IA,2023,West Finland,Finland,FI,FI1B,FI19,Länsi-Suomi,NUTS 2024,2,1,True,Demonstrator,,,,error,FI1B es Helsinki-Uusimaa; Länsi-Suomi es FI19,coincide,62.1286921,23.774117730171536,"Barometer 6th update, Appendix 5 (data 31-03-2026)",T0588
509,101157094,Precilience,HORIZON-MISS-2023-CLIMA-01-01,IA,2023,Agder and Sør-Østlandet,Norway,NO,NO04,NO09,Agder og Sør-Østlandet,NUTS 2024,2,1,False,Replicator,,,,version,NO04 -> NO09: NUTS 2021 (Agder og Rogaland),coincide,59.095787400000006,8.234556676763805,"Barometer 6th update, Appendix 5 (data 31-03-2026)",T0006
510,101157094,Precilience,HORIZON-MISS-2023-CLIMA-01-01,IA,2023,Innlandet,Norway,NO,NO02,NO02,Innlandet,NUTS 2024,2,1,False,Demonstrator,,,,ok,,coincide,61.26810555,10.485458802304304,"Barometer 6th update, Appendix 5 (data 31-03-2026)",T0221
511,101157094,Precilience,HORIZON-MISS-2023-CLIMA-01-01,IA,2023,Østfold County,Norway,NO,NO012,NO083,Østfold,NUTS 2024,3,1,True,Demonstrator,,,,version,NO012 -> NO083: NUTS 2016 (Akershus/Østfold),sin geocodificar,,,"Barometer 6th update, Appendix 5 (data 31-03-2026)",T0612
512,101157094,Precilience,HORIZON-MISS-2023-CLIMA-01-01,IA,2023,Trøndelag,Norway,NO,NO06,NO06,Trøndelag/Trööndelage,NUTS 2024,2,1,False,Demonstrator,,,,ok,,coincide,63.87759235,10.195050547141093,"Barometer 6th update, Appendix 5 (data 31-03-2026)",T0540
513,101157094,Precilience,HORIZON-MISS-2023-CLIMA-01-01,IA,2023,East Middle Sweden,Sweden,SE,SE12,SE12,Östra Mellansverige,NUTS 2024,2,1,False,Demonstrator,,,,ok,,coincide,59.18049775,15.774324878369566,"Barometer 6th update, Appendix 5 (data 31-03-2026)",T0147
514,101157094,Precilience,HORIZON-MISS-2023-CLIMA-01-01,IA,2023,North Middle Sweden,Sweden,SE,SE31,SE31,Norra Mellansverige,NUTS 2024,2,1,False,Replicator,,,,ok,,coincide,60.537079950000006,14.956203295149642,"Barometer 6th update, Appendix 5 (data 31-03-2026)",T0361
515,101157094,Precilience,HORIZON-MISS-2023-CLIMA-01-01,IA,2023,Skåne,Sweden,SE,SE22,SE22,Sydsverige,NUTS 2024,2,1,False,Demonstrator,,,,ok,,coincide,55.8479416,13.633711699754647,"Barometer 6th update, Appendix 5 (data 31-03-2026)",T0473
516,101157094,Precilience,HORIZON-MISS-2023-CLIMA-01-01,IA,2023,Småland and Islands,Sweden,SE,SE21,SE21,Småland med öarna,NUTS 2024,2,1,False,Demonstrator,,,,ok,,coincide,57.24493735,14.84943605845223,"Barometer 6th update, Appendix 5 (data 31-03-2026)",T0478
517,101036560,REGILIENCE,H2020-LC-GD-2020-2,CSA,2020,Yuzhen tsentralen,Bulgaria,BG,BG42,BG42,Yuzhen tsentralen,NUTS 2024,2,1,False,,,,,ok,,sin geocodificar,,,"Barometer 6th update, Appendix 5 (data 31-03-2026)",T0599
518,101036560,REGILIENCE,H2020-LC-GD-2020-2,CSA,2020,Istrian County,Croatia,HR,HR03,HR03,Jadranska Hrvatska,NUTS 2024,2,1,False,,,,,ok,,coincide,45.1854803,13.9090255,"Barometer 6th update, Appendix 5 (data 31-03-2026)",T0225
519,101036560,REGILIENCE,H2020-LC-GD-2020-2,CSA,2020,La Réunion,France,FR,FRY40,FRY40,La Réunion,NUTS 2024,3,1,False,,,,,ok,,coincide,-21.1309332,55.5265771,"Barometer 6th update, Appendix 5 (data 31-03-2026)",T0262
520,101036560,REGILIENCE,H2020-LC-GD-2020-2,CSA,2020,Central Macedonia,Greece,EL,EL52,EL52,Kentriki Makedonia,NUTS 2024,2,1,False,,,,,ok,,sin geocodificar,,,"Barometer 6th update, Appendix 5 (data 31-03-2026)",T0095
521,101036560,REGILIENCE,H2020-LC-GD-2020-2,CSA,2020,Autonomous region of Madeira,Portugal,PT,PT110,PT30,Região Autónoma da Madeira,NUTS 2024,2,1,False,,,,,version,PT110 -> PT30: código inexistente; Madeira es PT30,sin geocodificar,,,"Barometer 6th update, Appendix 5 (data 31-03-2026)",T0040
522,101036560,REGILIENCE,H2020-LC-GD-2020-2,CSA,2020,Comunitat Valenciana,Spain,ES,ES523,ES523,Valencia/València,NUTS 2024,3,1,True,,,,,ok,,coincide,39.6819591,-0.7654406,"Barometer 6th update, Appendix 5 (data 31-03-2026)",T0122
523,101036560,REGILIENCE,H2020-LC-GD-2020-2,CSA,2020,Murcia Region,Spain,ES,ES62,ES62,Región de Murcia,NUTS 2024,2,1,True,,,,,ok,,coincide,37.9923795,-1.1305431,"Barometer 6th update, Appendix 5 (data 31-03-2026)",T0340
524,101093873,Regions4Climate,HORIZON-MISS-2021-CLIMA-02-04,IA,2021,Burgas,Bulgaria,BG,BG341,BG341,Burgas,NUTS 2024,3,1,True,Demonstrator,,,,ok,,coincide,42.4936616,27.4721276,"Barometer 6th update, Appendix 5 (data 31-03-2026)",T0078
525,101093873,Regions4Climate,HORIZON-MISS-2021-CLIMA-02-04,IA,2021,Troodos,Cyprus,CY,CY000,CY000,Kýpros,NUTS 2024,3,1,False,Demonstrator,,,,ok,,coincide,34.9239083,32.8817347,"Barometer 6th update, Appendix 5 (data 31-03-2026)",T0539
526,101093873,Regions4Climate,HORIZON-MISS-2021-CLIMA-02-04,IA,2021,Køge Bay,Denmark,DK,DK021,DK021,Østsjælland,NUTS 2024,3,1,False,Demonstrator,,,,ok,,no coincide (punto en DK011; revisado a mano),55.690623,12.5991477,"Barometer 6th update, Appendix 5 (data 31-03-2026)",T0258
527,101093873,Regions4Climate,HORIZON-MISS-2021-CLIMA-02-04,IA,2021,Pärnu City,Estonia,EE,EE004,EE004,Lääne-Eesti,NUTS 2024,3,1,True,Demonstrator,,,,ok,,no coincide (punto en EE009; revisado a mano),58.886417050000006,25.56897326879161,"Barometer 6th update, Appendix 5 (data 31-03-2026)",T0417
528,101093873,Regions4Climate,HORIZON-MISS-2021-CLIMA-02-04,IA,2021,Helsinki-Uusimaa,Finland,FI,FI1B1,FI1B1,Helsinki-Uusimaa,NUTS 2024,3,1,True,Demonstrator,,,,ok,,coincide,60.22672205,25.017670049469757,"Barometer 6th update, Appendix 5 (data 31-03-2026)",T0211
529,101093873,Regions4Climate,HORIZON-MISS-2021-CLIMA-02-04,IA,2021,South Aquitaine,France,FR,FRI1,FRI1,Aquitaine,NUTS 2024,2,1,False,Demonstrator,,,,ok,,coincide,43.6591448,-1.4280986,"Barometer 6th update, Appendix 5 (data 31-03-2026)",T0482
530,101093873,Regions4Climate,HORIZON-MISS-2021-CLIMA-02-04,IA,2021,Crete Region,Greece,EL,EL432,EL432,Lasithi,NUTS 2024,3,1,True,Demonstrator,,,,ok,,sin geocodificar,,,"Barometer 6th update, Appendix 5 (data 31-03-2026)",T0126
531,101093873,Regions4Climate,HORIZON-MISS-2021-CLIMA-02-04,IA,2021,Tuscany,Italy,IT,ITI1,ITI1,Toscana,NUTS 2024,2,1,False,Demonstrator,,,,ok,,coincide,43.4586541,11.1389204,"Barometer 6th update, Appendix 5 (data 31-03-2026)",T0542
532,101093873,Regions4Climate,HORIZON-MISS-2021-CLIMA-02-04,IA,2021,Azores,Portugal,PT,PT20,PT20,Região Autónoma dos Açores,NUTS 2024,2,1,False,Demonstrator,,,,ok,,coincide,37.80855645,-25.473137391245295,"Barometer 6th update, Appendix 5 (data 31-03-2026)",T0046
533,101093873,Regions4Climate,HORIZON-MISS-2021-CLIMA-02-04,IA,2021,Basque Country,Spain,ES,ES21,ES21,País Vasco,NUTS 2024,2,1,True,Demonstrator,,,,ok,,no coincide (punto en ES220; revisado a mano),42.728653050000005,-1.97383746697463,"Barometer 6th update, Appendix 5 (data 31-03-2026)",T0052
534,101093873,Regions4Climate,HORIZON-MISS-2021-CLIMA-02-04,IA,2021,Castilla y León,Spain,ES,ES41,ES41,Castilla y León,NUTS 2024,2,1,True,Demonstrator,,,,ok,,coincide,41.55005,-5.1387401,"Barometer 6th update, Appendix 5 (data 31-03-2026)",T0089
535,101093873,Regions4Climate,HORIZON-MISS-2021-CLIMA-02-04,IA,2021,Nordic Archipelago,"Sweden, Finland",SE|FI,FI200,FI200,Åland,NUTS 2024,3,1,False,Demonstrator,,,,ok,,sin geocodificar,,,"Barometer 6th update, Appendix 5 (data 31-03-2026)",T0356
536,101139636,ReGreeneration,HORIZON-MISS-2023-CLIMA-CITIES-01-01,IA,2023,Ghent,Belgium,BE,BE234,BE234,Arr. Gent,NUTS 2024,3,1,False,Replicator,,,,ok,,coincide,51.0538286,3.7250121,"Barometer 6th update, Appendix 5 (data 31-03-2026)",T0189
537,101139636,ReGreeneration,HORIZON-MISS-2023-CLIMA-CITIES-01-01,IA,2023,Lappeenranta,Finland,FI,FI1C5,FI1C5,Etelä-Karjala,NUTS 2024,3,1,False,Replicator,,,,ok,,coincide,61.0583713,28.1862742,"Barometer 6th update, Appendix 5 (data 31-03-2026)",T0266
538,101139636,ReGreeneration,HORIZON-MISS-2023-CLIMA-CITIES-01-01,IA,2023,Paris,France,FR,FR101,FR101,Paris,NUTS 2024,3,1,False,Demonstrator,,,,ok,,coincide,48.8588897,2.3200410217200766,"Barometer 6th update, Appendix 5 (data 31-03-2026)",T0385
539,101139636,ReGreeneration,HORIZON-MISS-2023-CLIMA-CITIES-01-01,IA,2023,Rome,Italy,IT,ITI43,ITI43,Roma,NUTS 2024,3,1,False,Replicator,,,,ok,,coincide,41.8933203,12.4829321,"Barometer 6th update, Appendix 5 (data 31-03-2026)",T0439
540,101139636,ReGreeneration,HORIZON-MISS-2023-CLIMA-CITIES-01-01,IA,2023,Segrate,Italy,IT,ITC4C,ITC4C,Milano,NUTS 2024,3,1,False,Replicator,,,,ok,,coincide,45.4907352,9.2948204,"Barometer 6th update, Appendix 5 (data 31-03-2026)",T0459
541,101139636,ReGreeneration,HORIZON-MISS-2023-CLIMA-CITIES-01-01,IA,2023,Alverca,Portugal,PT,PT17,PT1A0,Grande Lisboa,NUTS 2024,3,1,False,Demonstrator,,,,version,Alverca do Ribatejo (Vila Franca de Xira) queda en Grande Lisboa (PT1A0),coincide,38.8898715,-9.0340947,"Barometer 6th update, Appendix 5 (data 31-03-2026)",T0017
542,101139636,ReGreeneration,HORIZON-MISS-2023-CLIMA-CITIES-01-01,IA,2023,Bucharest,Romania,RO,RO321,RO321,Bucureşti,NUTS 2024,3,1,False,Demonstrator,,,,ok,,coincide,44.4361414,26.1027202,"Barometer 6th update, Appendix 5 (data 31-03-2026)",T0075
543,101139636,ReGreeneration,HORIZON-MISS-2023-CLIMA-CITIES-01-01,IA,2023,Ljubljana,Slovenia,SI,SI041,SI041,Osrednjeslovenska,NUTS 2024,3,1,False,Replicator,,,,ok,,coincide,46.0500268,14.5069289,"Barometer 6th update, Appendix 5 (data 31-03-2026)",T0282
544,101139636,ReGreeneration,HORIZON-MISS-2023-CLIMA-CITIES-01-01,IA,2023,Barcelona Metropolitan Area,Spain,ES,ES511,ES511,Barcelona,NUTS 2024,3,1,True,Demonstrator,,,,ok,,coincide,41.398657299999996,2.073085950815479,"Barometer 6th update, Appendix 5 (data 31-03-2026)",T0051
545,101214051,REHUBS,HORIZON-MISS-2024-CLIMA-01,IA,2024,Međimurje County,Croatia,HR,HR061,HR061,Međimurska županija,NUTS 2024,3,1,False,Replicator,,,,ok,,coincide,46.4061943,16.5472278,"Barometer 6th update, Appendix 5 (data 31-03-2026)",T0319
546,101214051,REHUBS,HORIZON-MISS-2024-CLIMA-01,IA,2024,South Nicosia-Idalion Municipality,Cyprus,CY,CY000,CY000,Kýpros,NUTS 2024,3,1,False,Replicator,,,,ok,,coincide,35.01586065,33.422991730785995,"Barometer 6th update, Appendix 5 (data 31-03-2026)",T0483
547,101214051,REHUBS,HORIZON-MISS-2024-CLIMA-01,IA,2024,Sofades & Tavropos (Thessaly),Greece,EL,EL61,EL61,Thessalia,NUTS 2024,2,1,True,Demonstrator,,,,ok,,sin geocodificar,,,"Barometer 6th update, Appendix 5 (data 31-03-2026)",T0479
548,101214051,REHUBS,HORIZON-MISS-2024-CLIMA-01,IA,2024,Sakiai,Lithuania,LT,LT024,LT024,Marijampolės apskritis,NUTS 2024,3,1,False,Demonstrator,,,,ok,,coincide,54.9559617,23.0395432,"Barometer 6th update, Appendix 5 (data 31-03-2026)",T0448
549,101214051,REHUBS,HORIZON-MISS-2024-CLIMA-01,IA,2024,Beira Baixa,Portugal,PT,PT195,PT195,Beira Baixa,NUTS 2024,3,1,False,Demonstrator,,,,ok,,coincide,39.93098855,-7.487542971241981,"Barometer 6th update, Appendix 5 (data 31-03-2026)",T0055
550,101214051,REHUBS,HORIZON-MISS-2024-CLIMA-01,IA,2024,Murska Sobota (Pomurje region),Slovenia,SI,SI011,SI031,Pomurska,NUTS 2024,3,1,False,Replicator,,,,version,SI011 -> SI031: NUTS 2010 (Pomurska),coincide,46.65798395,16.15712695,"Barometer 6th update, Appendix 5 (data 31-03-2026)",T0341
551,101093968,RESIST,HORIZON-MISS-2021-CLIMA-02-04,IA,2021,Central Denmark Region,Denmark,DK,DK04,DK04,Midtjylland,NUTS 2024,2,1,True,Demonstrator,,,,ok,,coincide,56.23564835,9.234625027778005,"Barometer 6th update, Appendix 5 (data 31-03-2026)",T0093
552,101093968,RESIST,HORIZON-MISS-2021-CLIMA-02-04,IA,2021,Southwest Finland Region,Finland,FI,FI1C1,FI1C1,Varsinais-Suomi,NUTS 2024,3,1,True,Demonstrator,,,,ok,,coincide,60.4453239,22.2628533,"Barometer 6th update, Appendix 5 (data 31-03-2026)",T0489
553,101093968,RESIST,HORIZON-MISS-2021-CLIMA-02-04,IA,2021,Normandy Region,France,FR,FRD,FRD,Normandie,NUTS 2024,1,1,True,Demonstrator,,,,ok,,coincide,49.3469099,-1.4159893881672108,"Barometer 6th update, Appendix 5 (data 31-03-2026)",T0357
554,101093968,RESIST,HORIZON-MISS-2021-CLIMA-02-04,IA,2021,Region of Eastern Macedonia & Thrace,Greece,EL,EL51,EL51,"Anatoliki Makedonia, Thraki",NUTS 2024,2,1,True,Demonstrator,,,,ok,,sin geocodificar,,,"Barometer 6th update, Appendix 5 (data 31-03-2026)",T0429
555,101093968,RESIST,HORIZON-MISS-2021-CLIMA-02-04,IA,2021,Puglia Region,Italy,IT,ITF4,ITF4,Puglia,NUTS 2024,2,1,True,Demonstrator,,,,ok,,coincide,41.130525950000006,16.810415078849548,"Barometer 6th update, Appendix 5 (data 31-03-2026)",T0415
556,101093968,RESIST,HORIZON-MISS-2021-CLIMA-02-04,IA,2021,Zemgale Region,Latvia,LV,LV009,LV009,Zemgale,NUTS 2024,3,1,True,Demonstrator,,,,ok,,coincide,56.6021598,24.2219368,"Barometer 6th update, Appendix 5 (data 31-03-2026)",T0605
557,101093968,RESIST,HORIZON-MISS-2021-CLIMA-02-04,IA,2021,Vestland County,Norway,NO,NO071,NO0A2,Vestland,NUTS 2024,3,1,True,Demonstrator,,,,error,NO071 es Nordland; Vestland es NO0A2,coincide,60.3763452,5.3366106,"Barometer 6th update, Appendix 5 (data 31-03-2026)",T0566
558,101093968,RESIST,HORIZON-MISS-2021-CLIMA-02-04,IA,2021,Baixo Alentejo Intermunicipal Community,Portugal,PT,PT184,PT1C2,Baixo Alentejo,NUTS 2024,3,1,True,Demonstrator,,,,version,PT184 -> PT1C2: código NUTS 2021 sustituido en NUTS 2024,coincide,37.82491315,-7.85717437419054,"Barometer 6th update, Appendix 5 (data 31-03-2026)",T0048
559,101093968,RESIST,HORIZON-MISS-2021-CLIMA-02-04,IA,2021,Centro region,Portugal,PT,PT16,PT19,Centro (PT),NUTS 2024,2,1,True,Demonstrator,,,,version,PT16 -> PT19: código NUTS 2021 sustituido en NUTS 2024,sin geocodificar,,,"Barometer 6th update, Appendix 5 (data 31-03-2026)",T0099
560,101093968,RESIST,HORIZON-MISS-2021-CLIMA-02-04,IA,2021,Catalonia,Spain,ES,ES51,ES51,Cataluña,NUTS 2024,2,1,True,Demonstrator,,,,ok,,coincide,41.8523094,1.5745043,"Barometer 6th update, Appendix 5 (data 31-03-2026)",T0090
561,101093968,RESIST,HORIZON-MISS-2021-CLIMA-02-04,IA,2021,Extremadura,Spain,ES,ES43,ES43,Extremadura,NUTS 2024,2,1,True,Demonstrator,,,,ok,,coincide,39.1748426,-6.1529891,"Barometer 6th update, Appendix 5 (data 31-03-2026)",T0164
562,101093968,RESIST,HORIZON-MISS-2021-CLIMA-02-04,IA,2021,Blekinge Region,Sweden,SE,SE221,SE221,Blekinge län,NUTS 2024,3,1,True,Demonstrator,,,,ok,,sin geocodificar,,,"Barometer 6th update, Appendix 5 (data 31-03-2026)",T0064
563,101214441,RISE-IN,HORIZON-MISS-2024-CLIMA-01,IA,2024,Ghent,Belgium,BE,BE234,BE234,Arr. Gent,NUTS 2024,3,1,False,Replicator,,,,ok,,coincide,51.0538286,3.7250121,"Barometer 6th update, Appendix 5 (data 31-03-2026)",T0189
564,101214441,RISE-IN,HORIZON-MISS-2024-CLIMA-01,IA,2024,Cesena,Italy,IT,ITH58,ITH58,Forlì-Cesena,NUTS 2024,3,1,False,Demonstrator,,,,ok,,coincide,44.136352,12.2422442,"Barometer 6th update, Appendix 5 (data 31-03-2026)",T0101
565,101214441,RISE-IN,HORIZON-MISS-2024-CLIMA-01,IA,2024,Christchurch,New Zealand,NZ,NO NUTS,,,,,0,False,Demonstrator,,,,no_nuts,fuera del sistema NUTS (tercer país o ámbito no territorial),geocodificado fuera de NUTS,-43.530955,172.6364343,"Barometer 6th update, Appendix 5 (data 31-03-2026)",T0107
566,101214441,RISE-IN,HORIZON-MISS-2024-CLIMA-01,IA,2024,Póvoa de Varzim,Portugal,PT,PT11,PT11,Norte,NUTS 2024,2,1,False,Demonstrator,,,,ok,,coincide,41.3794188,-8.7598689,"Barometer 6th update, Appendix 5 (data 31-03-2026)",T0418
567,101214441,RISE-IN,HORIZON-MISS-2024-CLIMA-01,IA,2024,Kadikoy,Turkey,TR,TR100,TR100,İstanbul,SR 2024,3,1,False,Replicator,,,,ok,,geocodificado fuera de NUTS,40.9912955,29.0245631,"Barometer 6th update, Appendix 5 (data 31-03-2026)",T0233
568,101214441,RISE-IN,HORIZON-MISS-2024-CLIMA-01,IA,2024,Zhytomyr,Ukraine,UA,UA822,UA822,Житомирський Район,SR 2024,3,1,False,Replicator,,,,ok,,geocodificado fuera de NUTS,50.2601065,28.6696281,"Barometer 6th update, Appendix 5 (data 31-03-2026)",T0606
569,101093939,RISKADAPT,HORIZON-MISS-2021-CLIMA-02-03,RIA,2021,Fingrid Oyj,Finland,FI,FI1B,FI1B,Helsinki-Uusimaa,NUTS 2024,2,1,False,,,,,ok,,coincide,60.219735,24.9424118,"Barometer 6th update, Appendix 5 (data 31-03-2026)",T0168
570,101093939,RISKADAPT,HORIZON-MISS-2021-CLIMA-02-03,RIA,2021,Finnish Meteorological Institute,Finland,FI,FI1B,FI1B,Helsinki-Uusimaa,NUTS 2024,2,1,False,,,,,ok,,coincide,60.2036887,24.9612813,"Barometer 6th update, Appendix 5 (data 31-03-2026)",T0170
571,101093939,RISKADAPT,HORIZON-MISS-2021-CLIMA-02-03,RIA,2021,Region of Western Macedonia,Greece,EL,EL13,EL53,Dytiki Makedonia,NUTS 2024,2,1,False,,,,,version,EL13 -> EL53: NUTS 2010 (Dytiki Makedonia),sin geocodificar,,,"Barometer 6th update, Appendix 5 (data 31-03-2026)",T0431
572,101093939,RISKADAPT,HORIZON-MISS-2021-CLIMA-02-03,RIA,2021,Trieste,Italy,IT,ITH44,ITH44,Trieste,NUTS 2024,3,1,False,,,,,ok,,coincide,45.6496485,13.7772781,"Barometer 6th update, Appendix 5 (data 31-03-2026)",T0533
573,101212794,SMARTER,HORIZON-MISS-2024-CLIMA-01,IA,2024,Flanders,Belgium,BE,BE2,BE2,Vlaams Gewest,NUTS 2024,1,1,True,Replicator,,,,ok,,coincide,51.096246199999996,4.178629103169916,"Barometer 6th update, Appendix 5 (data 31-03-2026)",T0171
574,101212794,SMARTER,HORIZON-MISS-2024-CLIMA-01,IA,2024,Ostende,Belgium,BE,BE255,BE255,Arr. Oostende,NUTS 2024,3,1,False,Demonstrator,,,,ok,,coincide,51.2258565,2.919496,"Barometer 6th update, Appendix 5 (data 31-03-2026)",T0378
575,101212794,SMARTER,HORIZON-MISS-2024-CLIMA-01,IA,2024,Kuopio,Finland,FI,FI1DB,FI1DB,Pohjois-Savo,NUTS 2024,3,1,False,Replicator,,,,ok,,coincide,62.8924601,27.6781839,"Barometer 6th update, Appendix 5 (data 31-03-2026)",T0256
576,101212794,SMARTER,HORIZON-MISS-2024-CLIMA-01,IA,2024,Tampere City,Finland,FI,FI197,FI19B,Pirkanmaa,NUTS 2024,3,1,True,Demonstrator,,,,version,FI197 -> FI19B: código NUTS 2021 sustituido en NUTS 2024,coincide,61.49346265,23.778950047654092,"Barometer 6th update, Appendix 5 (data 31-03-2026)",T0509
577,101212794,SMARTER,HORIZON-MISS-2024-CLIMA-01,IA,2024,Western Greece,Greece,EL,EL63,EL63,Dytiki Elláda,NUTS 2024,2,1,False,Replicator,,,,ok,,sin geocodificar,,,"Barometer 6th update, Appendix 5 (data 31-03-2026)",T0595
578,101212794,SMARTER,HORIZON-MISS-2024-CLIMA-01,IA,2024,Friesland Province,Netherlands,NL,NL12,NL12,Friesland (NL),NUTS 2024,2,1,True,Demonstrator,,,,ok,,coincide,53.1848758,5.9949102,"Barometer 6th update, Appendix 5 (data 31-03-2026)",T0173
579,101212794,SMARTER,HORIZON-MISS-2024-CLIMA-01,IA,2024,Noord Holland,Netherlands,NL,NL32,NL32,Noord-Holland,NUTS 2024,2,1,False,Replicator,,,,ok,,coincide,52.7212825,4.820665,"Barometer 6th update, Appendix 5 (data 31-03-2026)",T0354
580,101212794,SMARTER,HORIZON-MISS-2024-CLIMA-01,IA,2024,Gdansk,Poland,PL,PL633,PL633,Trójmiejski,NUTS 2024,3,1,False,Replicator,,,,ok,,coincide,54.3706858,18.61298309190141,"Barometer 6th update, Appendix 5 (data 31-03-2026)",T0183
581,101212794,SMARTER,HORIZON-MISS-2024-CLIMA-01,IA,2024,Lisbon Metropolitan Area,Portugal,PT,PT170,PT1A0|PT1B0,Grande Lisboa|Península de Setúbal,NUTS 2024,3,2,True,Demonstrator,,,,version,PT170 (AML) se divide en PT1A0 y PT1B0 en NUTS 2024,coincide,38.6272781,-8.92989495988593,"Barometer 6th update, Appendix 5 (data 31-03-2026)",T0280
582,101112867,SOTERIA,HORIZON-MISS-2022-CLIMA-01-03,RIA,2022,Gabrovo,Bulgaria,BG,BG322,BG322,Gabrovo,NUTS 2024,3,1,False,,,,,ok,,coincide,42.8710344,25.315798,"Barometer 6th update, Appendix 5 (data 31-03-2026)",T0178
583,101112867,SOTERIA,HORIZON-MISS-2022-CLIMA-01-03,RIA,2022,Zadar,Croatia,HR,HR033,HR033,Zadarska županija,NUTS 2024,3,1,False,,,,,ok,,coincide,44.1168594,15.2353257,"Barometer 6th update, Appendix 5 (data 31-03-2026)",T0600
584,101112867,SOTERIA,HORIZON-MISS-2022-CLIMA-01-03,RIA,2022,Saxonian Cities,Germany,DE,DED,DED,Sachsen,NUTS 2024,1,1,False,,,,,ok,,no coincide (punto en DE914; revisado a mano),52.7326999,10.6158885,"Barometer 6th update, Appendix 5 (data 31-03-2026)",T0457
585,101112867,SOTERIA,HORIZON-MISS-2022-CLIMA-01-03,RIA,2022,Saxony-Anhalt,Germany,DE,DEE,DEE,Sachsen-Anhalt,NUTS 2024,1,1,False,,,,,ok,,coincide,52.0089065,11.7003344,"Barometer 6th update, Appendix 5 (data 31-03-2026)",T0458
586,101112867,SOTERIA,HORIZON-MISS-2022-CLIMA-01-03,RIA,2022,West Athens,Greece,EL,EL302,EL302,Dytikos Tomeas Athinon,NUTS 2024,3,1,False,,,,,ok,,sin geocodificar,,,"Barometer 6th update, Appendix 5 (data 31-03-2026)",T0586
587,101112867,SOTERIA,HORIZON-MISS-2022-CLIMA-01-03,RIA,2022,Trøndelag,Norway,NO,NO06,NO06,Trøndelag/Trööndelage,NUTS 2024,2,1,False,,,,,ok,,coincide,63.87759235,10.195050547141093,"Barometer 6th update, Appendix 5 (data 31-03-2026)",T0540
588,101112867,SOTERIA,HORIZON-MISS-2022-CLIMA-01-03,RIA,2022,Comunitat Valenciana,Spain,ES,ES523,ES523,Valencia/València,NUTS 2024,3,1,True,,,,,ok,,coincide,39.6819591,-0.7654406,"Barometer 6th update, Appendix 5 (data 31-03-2026)",T0122
589,101112867,SOTERIA,HORIZON-MISS-2022-CLIMA-01-03,RIA,2022,Bavaria,Germany,DE,DE212,DE2,Bayern,NUTS 2024,1,1,False,,,,,nivel,DE212 es la ciudad de Múnich; Baviera es DE2,coincide,48.9467562,11.4038717,"Barometer 6th update, Appendix 5 (data 31-03-2026)",T0053
590,101112906,SpongeBoost,HORIZON-MISS-2022-CLIMA-01-05,RIA,2022,Eifel - High Fens,Belgium,BE,BE33,BE33,Prov. Liège,NUTS 2024,2,1,False,,,,,ok,,sin geocodificar,,,"Barometer 6th update, Appendix 5 (data 31-03-2026)",T0153
591,101112906,SpongeBoost,HORIZON-MISS-2022-CLIMA-01-05,RIA,2022,Pärnu City,Estonia,EE,EE004,EE004,Lääne-Eesti,NUTS 2024,3,1,True,,,,,ok,,no coincide (punto en EE009; revisado a mano),58.886417050000006,25.56897326879161,"Barometer 6th update, Appendix 5 (data 31-03-2026)",T0417
592,101112906,SpongeBoost,HORIZON-MISS-2022-CLIMA-01-05,RIA,2022,Weisse Elster catchment,Germany,DE,"DED45, DED52, DEG0",DED45|DED52|DEG0,Zwickau|Leipzig|Thüringen,NUTS 2024,2|3,3,False,,,,,formato,varios códigos en una celda; se separan en la tabla puente,no coincide (punto en DE712; revisado a mano),50.157378800000004,8.656502922899378,"Barometer 6th update, Appendix 5 (data 31-03-2026)",T0585
593,101112906,SpongeBoost,HORIZON-MISS-2022-CLIMA-01-05,RIA,2022,San Miguel Island,Portugal,PT,PT20,PT20,Região Autónoma dos Açores,NUTS 2024,2,1,False,,,,,ok,,coincide,37.80855645,-25.473137391245295,"Barometer 6th update, Appendix 5 (data 31-03-2026)",T0450
594,101112906,SpongeBoost,HORIZON-MISS-2022-CLIMA-01-05,RIA,2022,Catalonia,Spain,ES,ES51,ES51,Cataluña,NUTS 2024,2,1,True,,,,,ok,,coincide,41.8523094,1.5745043,"Barometer 6th update, Appendix 5 (data 31-03-2026)",T0090
595,101112906,SpongeBoost,HORIZON-MISS-2022-CLIMA-01-05,RIA,2022,Galicia,Spain,ES,ES11,ES11,Galicia,NUTS 2024,2,1,True,,,,,ok,,coincide,42.61946,-7.863112,"Barometer 6th update, Appendix 5 (data 31-03-2026)",T0179
596,101112738,SpongeScapes,HORIZON-MISS-2022-CLIMA-01-05,RIA,2022,Leze catchment,France,FR,FR5,FRH,Bretagne,NUTS 2024,1,1,False,,,,,version,FR5 -> FRH: NUTS 2013 (Ouest),sin geocodificar,,,"Barometer 6th update, Appendix 5 (data 31-03-2026)",T0274
597,101112738,SpongeScapes,HORIZON-MISS-2022-CLIMA-01-05,RIA,2022,Kavouropotamos,Greece,EL,EL422,EL422,"Andros, Thira, Kea - Kythnos, Milos, Mykonos, Naxos, Paros,  Syros, Tinos",NUTS 2024,3,1,False,,,,,ok,,sin geocodificar,,,"Barometer 6th update, Appendix 5 (data 31-03-2026)",T0237
598,101112738,SpongeScapes,HORIZON-MISS-2022-CLIMA-01-05,RIA,2022,Agripolis,Italy,IT,ITD22,ITH36,Padova,NUTS 2024,3,1,False,,,,,version,"ITD22 es Padova en NUTS 2003; Agripolis (Legnaro) está en Padova, ITH36",no coincide (punto en ITF35; revisado a mano),40.346905,14.996553,"Barometer 6th update, Appendix 5 (data 31-03-2026)",T0008
599,101112738,SpongeScapes,HORIZON-MISS-2022-CLIMA-01-05,RIA,2022,Bosco Limite,Italy,IT,IT12,ITH36,Padova,NUTS 2024,3,1,False,,,,,error,IT12 no existe; Bosco Limite (Carmignano di Brenta) está en Padova (ITH36),sin geocodificar,,,"Barometer 6th update, Appendix 5 (data 31-03-2026)",T0070
600,101112738,SpongeScapes,HORIZON-MISS-2022-CLIMA-01-05,RIA,2022,Municipality of Santorso,Italy,IT,ITH35,ITH35,Venezia,NUTS 2024,3,1,False,,,,,ok,,sin geocodificar,,,"Barometer 6th update, Appendix 5 (data 31-03-2026)",T0335
601,101112738,SpongeScapes,HORIZON-MISS-2022-CLIMA-01-05,RIA,2022,Timonchio,Italy,IT,ITH35,ITH35,Venezia,NUTS 2024,3,1,False,,,,,revisar,"El Timonchio es un torrente de la zona de Schio (Vicenza, ITH32), no de Venezia; confirmar",no coincide (punto en ITH32; revisado a mano),45.7338905,11.374676,"Barometer 6th update, Appendix 5 (data 31-03-2026)",T0525
602,101112738,SpongeScapes,HORIZON-MISS-2022-CLIMA-01-05,RIA,2022,Aa en Maas catchment,Netherlands,NL,NL41,NL41,Noord-Brabant,NUTS 2024,2,1,False,,,,,ok,,coincide,51.6771038,5.3348068,"Barometer 6th update, Appendix 5 (data 31-03-2026)",T0001
603,101112738,SpongeScapes,HORIZON-MISS-2022-CLIMA-01-05,RIA,2022,Chamse beken catchment,Netherlands,NL,NL41,NL41,Noord-Brabant,NUTS 2024,2,1,False,,,,,ok,,sin geocodificar,,,"Barometer 6th update, Appendix 5 (data 31-03-2026)",T0104
604,101112738,SpongeScapes,HORIZON-MISS-2022-CLIMA-01-05,RIA,2022,Upper Biebrza,Poland,PL,PL84,PL84,Podlaskie,NUTS 2024,2,1,False,,,,,ok,,sin geocodificar,,,"Barometer 6th update, Appendix 5 (data 31-03-2026)",T0548
605,101112738,SpongeScapes,HORIZON-MISS-2022-CLIMA-01-05,RIA,2022,Gradascica catchment,Slovenia,SI,SI041,SI041,Osrednjeslovenska,NUTS 2024,3,1,False,,,,,ok,,sin geocodificar,,,"Barometer 6th update, Appendix 5 (data 31-03-2026)",T0196
606,101112738,SpongeScapes,HORIZON-MISS-2022-CLIMA-01-05,RIA,2022,Evenlode,United Kingdom,UK,UKK1,UKK1,"Gloucestershire, Wiltshire and Bristol/Bath area",NUTS 2021 (UK),2,1,False,,,,,ok,,sin geocodificar,,,"Barometer 6th update, Appendix 5 (data 31-03-2026)",T0163
607,101112738,SpongeScapes,HORIZON-MISS-2022-CLIMA-01-05,RIA,2022,New Forest and Cole catchment,United Kingdom,UK,UKJ36,UKJ36,Central Hampshire,NUTS 2021 (UK),3,1,False,,,,,ok,,sin geocodificar,,,"Barometer 6th update, Appendix 5 (data 31-03-2026)",T0350
608,101112738,SpongeScapes,HORIZON-MISS-2022-CLIMA-01-05,RIA,2022,Riseholme catchment,United Kingdom,UK,UKF3,UKF3,Lincolnshire,NUTS 2021 (UK),2,1,False,,,,,ok,,sin geocodificar,,,"Barometer 6th update, Appendix 5 (data 31-03-2026)",T0437
609,101112738,SpongeScapes,HORIZON-MISS-2022-CLIMA-01-05,RIA,2022,Upper Thames,United Kingdom,UK,UKK1,UKK1,"Gloucestershire, Wiltshire and Bristol/Bath area",NUTS 2021 (UK),2,1,False,,,,,ok,,sin geocodificar,,,"Barometer 6th update, Appendix 5 (data 31-03-2026)",T0550
610,101156116,SpongeWorks,HORIZON-MISS-2023-CLIMA-OCEAN-SOIL-01,IA,2023,Flanders,Belgium,BE,BE2,BE2,Vlaams Gewest,NUTS 2024,1,1,True,Replicator,,,,ok,,coincide,51.096246199999996,4.178629103169916,"Barometer 6th update, Appendix 5 (data 31-03-2026)",T0171
611,101156116,SpongeWorks,HORIZON-MISS-2023-CLIMA-OCEAN-SOIL-01,IA,2023,Southwest Finland,Finland,FI,FI1C,FI1C,Etelä-Suomi,NUTS 2024,2,1,True,Replicator,,,,ok,,coincide,60.4453239,22.2628533,"Barometer 6th update, Appendix 5 (data 31-03-2026)",T0488
612,101156116,SpongeWorks,HORIZON-MISS-2023-CLIMA-OCEAN-SOIL-01,IA,2023,Lèze River Basin,France,FR,FRJ23,FRJ23,Haute-Garonne,NUTS 2024,3,1,False,Demonstrator,,,,ok,,sin geocodificar,,,"Barometer 6th update, Appendix 5 (data 31-03-2026)",T0298
613,101156116,SpongeWorks,HORIZON-MISS-2023-CLIMA-OCEAN-SOIL-01,IA,2023,Pinios River Basin,Greece,EL,"EL612, EL613",EL612|EL613,"Larisa|Magnisia, Sporades",NUTS 2024,3,2,False,Demonstrator,,,,formato,varios códigos en una celda; se separan en la tabla puente,sin geocodificar,,,"Barometer 6th update, Appendix 5 (data 31-03-2026)",T0395
614,101156116,SpongeWorks,HORIZON-MISS-2023-CLIMA-OCEAN-SOIL-01,IA,2023,Lower Tisza,Hungary,HU,HU33,HU33,Dél-Alföld,NUTS 2024,2,1,False,Replicator,,,,ok,,sin geocodificar,,,"Barometer 6th update, Appendix 5 (data 31-03-2026)",T0289
615,101156116,SpongeWorks,HORIZON-MISS-2023-CLIMA-OCEAN-SOIL-01,IA,2023,Wicklow,Ireland,IE,IE06,IE06,Eastern and Midland,NUTS 2024,2,1,False,Replicator,,,,ok,,coincide,52.9802376,-6.0414184,"Barometer 6th update, Appendix 5 (data 31-03-2026)",T0596
616,101156116,SpongeWorks,HORIZON-MISS-2023-CLIMA-OCEAN-SOIL-01,IA,2023,Cornia River watershed,Italy,IT,ITI1,ITI1,Toscana,NUTS 2024,2,1,False,Replicator,,,,ok,,sin geocodificar,,,"Barometer 6th update, Appendix 5 (data 31-03-2026)",T0125
617,101156116,SpongeWorks,HORIZON-MISS-2023-CLIMA-OCEAN-SOIL-01,IA,2023,Šavnik,Montenegro,ME,NO NUTS,ME000,Црна Гора,SR 2024,3,1,False,Replicator,,,,no_nuts,Montenegro tiene una única Statistical Region de nivel 3 (ME000),geocodificado fuera de NUTS,42.957197,19.0946043,"Barometer 6th update, Appendix 5 (data 31-03-2026)",T0616
618,101156116,SpongeWorks,HORIZON-MISS-2023-CLIMA-OCEAN-SOIL-01,IA,2023,Vecht River Basin,Netherlands / Germany,NL|DE,"NL21, DE94",NL21|DE94,Overijssel|Weser-Ems,NUTS 2024,2,2,False,Demonstrator,,,,formato,varios códigos en una celda; se separan en la tabla puente,sin geocodificar,,,"Barometer 6th update, Appendix 5 (data 31-03-2026)",T0561
619,101156116,SpongeWorks,HORIZON-MISS-2023-CLIMA-OCEAN-SOIL-01,IA,2023,Júcar River Basin,Spain,ES,ES52,ES52,Comunitat Valenciana,NUTS 2024,2,1,False,Replicator,,,,ok,,coincide,39.068793,-0.5620285,"Barometer 6th update, Appendix 5 (data 31-03-2026)",T0231
620,101156116,SpongeWorks,HORIZON-MISS-2023-CLIMA-OCEAN-SOIL-01,IA,2023,Lviv Region,Ukraine,UA,NO NUTS,,,,,0,False,Replicator,,,,no_nuts,fuera del sistema NUTS (tercer país o ámbito no territorial),geocodificado fuera de NUTS,49.846579199999994,24.05866979893481,"Barometer 6th update, Appendix 5 (data 31-03-2026)",T0294
621,101212761,SystR,HORIZON-MISS-2024-CLIMA-01,IA,2024,Guadeloupe,France,FR,FRY10,FRY10,Guadeloupe,NUTS 2024,3,1,False,Demonstrator,,,,ok,,coincide,16.2528827,-61.5686855,"Barometer 6th update, Appendix 5 (data 31-03-2026)",T0204
622,101212761,SystR,HORIZON-MISS-2024-CLIMA-01,IA,2024,Strasbourg City,France,FR,FR211,FRF11,Bas-Rhin,NUTS 2024,3,1,True,Replicator,,,,version,FR211 -> FRF11: NUTS 2013 (Bas-Rhin),sin geocodificar,,,"Barometer 6th update, Appendix 5 (data 31-03-2026)",T0499
623,101212761,SystR,HORIZON-MISS-2024-CLIMA-01,IA,2024,Egaleo,Greece,EL,EL302,EL302,Dytikos Tomeas Athinon,NUTS 2024,3,1,True,Replicator,,,,ok,,sin geocodificar,,,"Barometer 6th update, Appendix 5 (data 31-03-2026)",T0151
624,101212761,SystR,HORIZON-MISS-2024-CLIMA-01,IA,2024,Rome,Italy,IT,ITI43,ITI43,Roma,NUTS 2024,3,1,False,Demonstrator,,,,ok,,coincide,41.8933203,12.4829321,"Barometer 6th update, Appendix 5 (data 31-03-2026)",T0439
625,101212761,SystR,HORIZON-MISS-2024-CLIMA-01,IA,2024,Banská Bystrica Self Governing Region,Slovakia,SK,SK032,SK032,Banskobystrický kraj,NUTS 2024,3,1,True,Demonstrator,,,,ok,,coincide,48.7652795,19.2071386,"Barometer 6th update, Appendix 5 (data 31-03-2026)",T0050
626,101212761,SystR,HORIZON-MISS-2024-CLIMA-01,IA,2024,Galicia,Spain,ES,ES11,ES11,Galicia,NUTS 2024,2,1,True,Replicator,,,,ok,,coincide,42.61946,-7.863112,"Barometer 6th update, Appendix 5 (data 31-03-2026)",T0179
627,101214557,TerraTwin,HORIZON-MISS-2024-CLIMA-01,RIA,2024,Flanders,Belgium,BE,BE2,BE2,Vlaams Gewest,NUTS 2024,1,1,True,,,,,ok,,coincide,51.096246199999996,4.178629103169916,"Barometer 6th update, Appendix 5 (data 31-03-2026)",T0171
628,101214557,TerraTwin,HORIZON-MISS-2024-CLIMA-01,RIA,2024,North-East Attica,Greece,EL,EL30,EL30,Attiki,NUTS 2024,2,1,False,,,,,ok,,sin geocodificar,,,"Barometer 6th update, Appendix 5 (data 31-03-2026)",T0363
629,101214557,TerraTwin,HORIZON-MISS-2024-CLIMA-01,RIA,2024,Northern Evia,Greece,EL,EL642,EL642,Evvoia,NUTS 2024,3,1,False,,,,,ok,,sin geocodificar,,,"Barometer 6th update, Appendix 5 (data 31-03-2026)",T0366
630,101214557,TerraTwin,HORIZON-MISS-2024-CLIMA-01,RIA,2024,Galway,Ireland,IE,IE042,IE042,West,NUTS 2024,3,1,True,,,,,ok,,coincide,53.2744122,-9.0490601,"Barometer 6th update, Appendix 5 (data 31-03-2026)",T0180
631,101214557,TerraTwin,HORIZON-MISS-2024-CLIMA-01,RIA,2024,Catalonia,Spain,ES,ES51,ES51,Cataluña,NUTS 2024,2,1,True,,,,,ok,,coincide,41.8523094,1.5745043,"Barometer 6th update, Appendix 5 (data 31-03-2026)",T0090
632,101214311,TiCCA4Danu,HORIZON-MISS-2024-CLIMA-01,RIA,2024,Burgas,Bulgaria,BG,BG341,BG341,Burgas,NUTS 2024,3,1,True,,,,,ok,,coincide,42.4936616,27.4721276,"Barometer 6th update, Appendix 5 (data 31-03-2026)",T0078
633,101214311,TiCCA4Danu,HORIZON-MISS-2024-CLIMA-01,RIA,2024,Debrecen & Hajdú-Bihar County,Hungary,HU,HU321,HU321,Hajdú-Bihar,NUTS 2024,3,1,False,,,,,ok,,coincide,47.531399,21.6259782,"Barometer 6th update, Appendix 5 (data 31-03-2026)",T0135
634,101214311,TiCCA4Danu,HORIZON-MISS-2024-CLIMA-01,RIA,2024,Suceava & Nord-Est Region,Romania,RO,RO21,RO21,Nord-Est,NUTS 2024,2,1,True,,,,,ok,,sin geocodificar,,,"Barometer 6th update, Appendix 5 (data 31-03-2026)",T0502
635,101214311,TiCCA4Danu,HORIZON-MISS-2024-CLIMA-01,RIA,2024,Maribor& Podravje,Slovenia,SI,SI032,SI032,Podravska,NUTS 2024,3,1,False,,,,,ok,,coincide,46.5544301,15.6468594,"Barometer 6th update, Appendix 5 (data 31-03-2026)",T0309
636,101214311,TiCCA4Danu,HORIZON-MISS-2024-CLIMA-01,RIA,2024,Edirne Province,Turkey,TR,TR212,TR212,Edirne,SR 2024,3,1,False,,,,,ok,,sin geocodificar,,,"Barometer 6th update, Appendix 5 (data 31-03-2026)",T0150
637,101155748,TRANSFORM,HORIZON-MISS-2023-CLIMA-01-01,IA,2023,Midtjylland,Denmark,DK,DK04,DK04,Midtjylland,NUTS 2024,2,1,False,Demonstrator,,,,ok,,coincide,56.311227349999996,9.123758915387072,"Barometer 6th update, Appendix 5 (data 31-03-2026)",T0320
638,101155748,TRANSFORM,HORIZON-MISS-2023-CLIMA-01-01,IA,2023,Southern Denmark,Denmark,DK,DK03,DK03,Syddanmark,NUTS 2024,2,1,True,Replicator,,,,ok,,coincide,55.378426250000004,9.13180637450161,"Barometer 6th update, Appendix 5 (data 31-03-2026)",T0484
639,101155748,TRANSFORM,HORIZON-MISS-2023-CLIMA-01-01,IA,2023,Brittany Region,France,FR,FR5,FRH,Bretagne,NUTS 2024,1,1,True,Demonstrator,,,,version,FR5 -> FRH: NUTS 2013 (Ouest),coincide,48.3641742,-3.924989074117647,"Barometer 6th update, Appendix 5 (data 31-03-2026)",T0074
640,101155748,TRANSFORM,HORIZON-MISS-2023-CLIMA-01-01,IA,2023,Gers,France,FR,FRJ24,FRJ24,Gers,NUTS 2024,3,1,False,Replicator,,,,ok,,coincide,43.695527600000005,0.4101019175237992,"Barometer 6th update, Appendix 5 (data 31-03-2026)",T0188
641,101155748,TRANSFORM,HORIZON-MISS-2023-CLIMA-01-01,IA,2023,Normandy Region,France,FR,FRD,FRD,Normandie,NUTS 2024,1,1,True,Replicator,,,,ok,,coincide,49.3469099,-1.4159893881672108,"Barometer 6th update, Appendix 5 (data 31-03-2026)",T0357
642,101155748,TRANSFORM,HORIZON-MISS-2023-CLIMA-01-01,IA,2023,Niedersachsen,Germany,DE,DE9,DE9,Niedersachsen,NUTS 2024,1,1,False,Replicator,,,,ok,,coincide,52.8398531,9.075962,"Barometer 6th update, Appendix 5 (data 31-03-2026)",T0352
643,101155748,TRANSFORM,HORIZON-MISS-2023-CLIMA-01-01,IA,2023,Ireland,Ireland,IE,IE042,IE,Éire/Ireland,NUTS 2024,0,1,False,Replicator,,,,nivel,IE042 es West; la autoridad es nacional (IE),coincide,52.865196,-7.9794599,"Barometer 6th update, Appendix 5 (data 31-03-2026)",T0222
644,101155748,TRANSFORM,HORIZON-MISS-2023-CLIMA-01-01,IA,2023,Noord-Brabant,Netherlands,NL,NL41,NL41,Noord-Brabant,NUTS 2024,2,1,False,Demonstrator,,,,ok,,coincide,51.6017723,5.4441391,"Barometer 6th update, Appendix 5 (data 31-03-2026)",T0355
645,101155748,TRANSFORM,HORIZON-MISS-2023-CLIMA-01-01,IA,2023,Zeeland,Netherlands,NL,NL34,NL34,Zeeland,NUTS 2024,2,1,False,Replicator,,,,ok,,coincide,51.4162975,3.7028061,"Barometer 6th update, Appendix 5 (data 31-03-2026)",T0603
646,101155748,TRANSFORM,HORIZON-MISS-2023-CLIMA-01-01,IA,2023,Navarra,Spain,ES,ES22,ES22,Comunidad Foral de Navarra,NUTS 2024,2,1,True,Demonstrator,,,,ok,,coincide,42.61254875,-1.830787673361753,"Barometer 6th update, Appendix 5 (data 31-03-2026)",T0347
647,101155748,TRANSFORM,HORIZON-MISS-2023-CLIMA-01-01,IA,2023,Basque Country,Spain,ES,ES21,ES21,País Vasco,NUTS 2024,2,1,True,Demonstrator,,,,ok,,no coincide (punto en ES220; revisado a mano),42.728653050000005,-1.97383746697463,"Barometer 6th update, Appendix 5 (data 31-03-2026)",T0052
648,101155748,TRANSFORM,HORIZON-MISS-2023-CLIMA-01-01,IA,2023,Thames River Basin District,United Kingdom,UK,"UKI, UKJ, UKH",UKI|UKJ|UKH,London|South East (England)|East of England,NUTS 2021 (UK),1,3,False,Demonstrator,,,,formato,varios códigos en una celda; se separan en la tabla puente,sin geocodificar,,,"Barometer 6th update, Appendix 5 (data 31-03-2026)",T0517
649,101036683,TransformAr,H2020-LC-GD-2020-2,IA,2020,City of Lappeenranta,Finland,FI,ES112,FI1C5,Etelä-Karjala,NUTS 2024,3,1,False,Demonstrator,,,,error,ES112 es Lugo (España); Lappeenranta está en Etelä-Karjala (FI1C5),coincide,61.05840775,28.188400303525967,"Barometer 6th update, Appendix 5 (data 31-03-2026)",T0112
650,101036683,TransformAr,H2020-LC-GD-2020-2,IA,2020,Guadeloupe Archipelago,France,FR,FI1C5,FI1C5,Etelä-Karjala,NUTS 2024,3,1,False,Demonstrator,,,,ok,,sin geocodificar,,,"Barometer 6th update, Appendix 5 (data 31-03-2026)",T0205
651,101036683,TransformAr,H2020-LC-GD-2020-2,IA,2020,City of Egaleo,Greece,EL,EL302,EL302,Dytikos Tomeas Athinon,NUTS 2024,3,1,True,Demonstrator,,,,ok,,sin geocodificar,,,"Barometer 6th update, Appendix 5 (data 31-03-2026)",T0109
652,101036683,TransformAr,H2020-LC-GD-2020-2,IA,2020,Oristano Gulf,Italy,IT,ITG28,ITG2G,Oristano,NUTS 2024,3,1,False,Demonstrator,,,,version,ITG28 -> ITG2G: NUTS 2013 (Oristano),sin geocodificar,,,"Barometer 6th update, Appendix 5 (data 31-03-2026)",T0374
653,101036683,TransformAr,H2020-LC-GD-2020-2,IA,2020,City of Gjøvik,Norway,NO,NO021,NO020,Innlandet,NUTS 2024,3,1,False,Replicator,,,,version,NO021 -> NO020: NUTS 2016 (Hedmark/Oppland),sin geocodificar,,,"Barometer 6th update, Appendix 5 (data 31-03-2026)",T0110
654,101036683,TransformAr,H2020-LC-GD-2020-2,IA,2020,Galicia,Spain,ES,ES11,ES11,Galicia,NUTS 2024,2,1,True,Demonstrator,,,,ok,,coincide,42.61946,-7.863112,"Barometer 6th update, Appendix 5 (data 31-03-2026)",T0179
655,101036683,TransformAr,H2020-LC-GD-2020-2,IA,2020,Westcountry Region,United Kingdom,UK,UKK43,UKK43,Devon CC,NUTS 2021 (UK),3,1,False,Demonstrator,,,,ok,,sin geocodificar,,,"Barometer 6th update, Appendix 5 (data 31-03-2026)",T0593
656,101213184,Trees4Adapt,HORIZON-MISS-2024-CLIMA-01,RIA,2024,Satakunta,Finland,FI,FI196,FI196,Satakunta,NUTS 2024,3,1,False,,,,,ok,,coincide,61.5934279,21.782451158731718,"Barometer 6th update, Appendix 5 (data 31-03-2026)",T0455
657,101213184,Trees4Adapt,HORIZON-MISS-2024-CLIMA-01,RIA,2024,Serra da Estrela,Portugal,PT,PT196,PT196,Beiras e Serra da Estrela,NUTS 2024,3,1,False,,,,,ok,,coincide,40.32,-7.62,"Barometer 6th update, Appendix 5 (data 31-03-2026)",T0462
658,101213184,Trees4Adapt,HORIZON-MISS-2024-CLIMA-01,RIA,2024,Central and north Germany,Germany,DE,"DE4, DE5, DE6, DE7, DE8, DE9, DEF, DED, DEG, DEE",DE4|DE5|DE6|DE7|DE8|DE9|DEF|DED|DEG|DEE,Brandenburg|Bremen|Hamburg|Hessen|Mecklenburg-Vorpommern|Niedersachsen|Schleswig-Holstein|Sachsen|Thüringen|Sachsen-Anhalt,NUTS 2024,1,10,False,,,,,formato,varios códigos en una celda; se separan en la tabla puente,no coincide (punto en DEA23; revisado a mano),50.94241055,6.958275091716306,"Barometer 6th update, Appendix 5 (data 31-03-2026)",T0096
659,101215153,UNDERPIN,HORIZON-MISS-2024-CLIMA-01,RIA,2024,Normandy Region,France,FR,FRD,FRD,Normandie,NUTS 2024,1,1,True,,,,,ok,,coincide,49.3469099,-1.4159893881672108,"Barometer 6th update, Appendix 5 (data 31-03-2026)",T0357
660,101215153,UNDERPIN,HORIZON-MISS-2024-CLIMA-01,RIA,2024,Cluj Metropolitan Area,Romania,RO,RO113,RO113,Cluj,NUTS 2024,3,1,True,,,,,ok,,coincide,46.769379,23.5899542,"Barometer 6th update, Appendix 5 (data 31-03-2026)",T0113
661,101215153,UNDERPIN,HORIZON-MISS-2024-CLIMA-01,RIA,2024,City of Kosice,Slovakia,SK,SK042,SK042,Košický kraj,NUTS 2024,3,1,True,,,,,ok,,coincide,48.728453099999996,21.25372237328051,"Barometer 6th update, Appendix 5 (data 31-03-2026)",T0111
662,101215153,UNDERPIN,HORIZON-MISS-2024-CLIMA-01,RIA,2024,Basque Country,Spain,ES,ES21,ES21,País Vasco,NUTS 2024,2,1,True,,,,,ok,,no coincide (punto en ES220; revisado a mano),42.728653050000005,-1.97383746697463,"Barometer 6th update, Appendix 5 (data 31-03-2026)",T0052
663,101139711,URBREATH,HORIZON-MISS-2023-CLIMA-CITIES-01-01,IA,2023,Leuven city,Belgium,BE,BE242,BE242,Arr. Leuven,NUTS 2024,3,1,True,Demonstrator,,,,ok,,coincide,50.8785236,4.7089734,"Barometer 6th update, Appendix 5 (data 31-03-2026)",T0273
664,101139711,URBREATH,HORIZON-MISS-2023-CLIMA-CITIES-01-01,IA,2023,Pilsen,Czechia,CZ,CZ032,CZ032,Plzeňský kraj,NUTS 2024,3,1,False,Replicator,,,,ok,,coincide,49.7477415,13.3775249,"Barometer 6th update, Appendix 5 (data 31-03-2026)",T0394
665,101139711,URBREATH,HORIZON-MISS-2023-CLIMA-CITIES-01-01,IA,2023,Aarhus City,Denmark,DK,DK042,DK042,Østjylland,NUTS 2024,3,1,True,Replicator,,,,ok,,coincide,56.15037175,10.209258281758697,"Barometer 6th update, Appendix 5 (data 31-03-2026)",T0003
666,101139711,URBREATH,HORIZON-MISS-2023-CLIMA-CITIES-01-01,IA,2023,Tallinn City,Estonia,EE,EE001,EE001,Põhja-Eesti,NUTS 2024,3,1,True,Demonstrator,,,,ok,,coincide,59.4386893,24.7481496,"Barometer 6th update, Appendix 5 (data 31-03-2026)",T0508
667,101139711,URBREATH,HORIZON-MISS-2023-CLIMA-CITIES-01-01,IA,2023,Kajaani,Finland,FI,FI1D8,FI1D8,Kainuu,NUTS 2024,3,1,False,Replicator,,,,ok,,coincide,64.2240872,27.7334227,"Barometer 6th update, Appendix 5 (data 31-03-2026)",T0234
668,101139711,URBREATH,HORIZON-MISS-2023-CLIMA-CITIES-01-01,IA,2023,Athens,Greece,EL,EL303,EL303,Kentrikos Tomeas Athinon,NUTS 2024,3,1,False,Replicator,,,,ok,,sin geocodificar,,,"Barometer 6th update, Appendix 5 (data 31-03-2026)",T0034
669,101139711,URBREATH,HORIZON-MISS-2023-CLIMA-CITIES-01-01,IA,2023,Parma,Italy,IT,ITH52,ITH52,Parma,NUTS 2024,3,1,False,Replicator,,,,ok,,coincide,44.8013678,10.3280833,"Barometer 6th update, Appendix 5 (data 31-03-2026)",T0387
670,101139711,URBREATH,HORIZON-MISS-2023-CLIMA-CITIES-01-01,IA,2023,Cluj-Napoca Municipality,Romania,RO,RO113,RO113,Cluj,NUTS 2024,3,1,True,Demonstrator,,,,ok,,coincide,46.769379,23.5899542,"Barometer 6th update, Appendix 5 (data 31-03-2026)",T0115
671,101139711,URBREATH,HORIZON-MISS-2023-CLIMA-CITIES-01-01,IA,2023,Las Rozas de Madrid,Spain,ES,ES300,ES300,Madrid,NUTS 2024,3,1,True,Demonstrator,,,,ok,,coincide,40.4933095,-3.8758396,"Barometer 6th update, Appendix 5 (data 31-03-2026)",T0269
672,101112837,VALORADA,HORIZON-MISS-2022-CLIMA-01-01,RIA,2022,Burgas,Bulgaria,BG,BG341,BG341,Burgas,NUTS 2024,3,1,True,,,,,ok,,coincide,42.4936616,27.4721276,"Barometer 6th update, Appendix 5 (data 31-03-2026)",T0078
673,101112837,VALORADA,HORIZON-MISS-2022-CLIMA-01-01,RIA,2022,Gabrovo,Bulgaria,BG,BG322,BG322,Gabrovo,NUTS 2024,3,1,False,,,,,ok,,coincide,42.8710344,25.315798,"Barometer 6th update, Appendix 5 (data 31-03-2026)",T0178
674,101112837,VALORADA,HORIZON-MISS-2022-CLIMA-01-01,RIA,2022,Statutory city of Mladá Boleslav,Czechia,CZ,CZ020,CZ020,Středočeský kraj,NUTS 2024,3,1,False,,,,,ok,,coincide,50.41969965,14.916196372053541,"Barometer 6th update, Appendix 5 (data 31-03-2026)",T0495
675,101112837,VALORADA,HORIZON-MISS-2022-CLIMA-01-01,RIA,2022,Statutory city of Přerov,Czechia,CZ,CZ071,CZ071,Olomoucký kraj,NUTS 2024,3,1,False,,,,,ok,,sin geocodificar,,,"Barometer 6th update, Appendix 5 (data 31-03-2026)",T0496
676,101112837,VALORADA,HORIZON-MISS-2022-CLIMA-01-01,RIA,2022,Occitanie Region,France,FR,FRJ,FRJ,Occitanie,NUTS 2024,1,1,True,,,,,ok,,coincide,43.03523355,2.272592846560686,"Barometer 6th update, Appendix 5 (data 31-03-2026)",T0370
677,101112837,VALORADA,HORIZON-MISS-2022-CLIMA-01-01,RIA,2022,Central Greece Region,Greece,EL,EL6,EL6,Kentriki Elláda,NUTS 2024,1,1,False,,,,,ok,,sin geocodificar,,,"Barometer 6th update, Appendix 5 (data 31-03-2026)",T0094
678,101112837,VALORADA,HORIZON-MISS-2022-CLIMA-01-01,RIA,2022,Molise region,Italy,IT,ITF2,ITF2,Molise,NUTS 2024,2,1,True,,,,,ok,,coincide,41.5622717,14.6632625,"Barometer 6th update, Appendix 5 (data 31-03-2026)",T0323
679,CINEA/2022/OP/0013,MIP4Adapt,,MIP4Adapt,2022,Aglomeracja Kalisko-Ostrowska,Poland,PL,PL416,PL416,Kaliski,NUTS 2024,3,1,True,,,Complete,2025-12-16,ok,,no coincide (punto en PL924; revisado a mano),53.2233354,21.2560735,"Barometer 6th update, Appendix 5 (data 31-03-2026)",T0007
680,CINEA/2022/OP/0013,MIP4Adapt,,MIP4Adapt,2022,Algarve,Portugal,PT,PT150,PT150,Algarve,NUTS 2024,3,1,True,,,Complete,2025-12-16,ok,,coincide,37.24480855,-8.150756196275431,"Barometer 6th update, Appendix 5 (data 31-03-2026)",T0015
681,CINEA/2022/OP/0013,MIP4Adapt,,MIP4Adapt,2022,Alytus Region,Lithuania,LT,LT021,LT021,Alytaus apskritis,NUTS 2024,3,1,True,,,Complete,2025-12-16,ok,,coincide,54.276928049999995,23.758292753061713,"Barometer 6th update, Appendix 5 (data 31-03-2026)",T0018
682,CINEA/2022/OP/0013,MIP4Adapt,,MIP4Adapt,2022,Amarante Municipality,Portugal,PT,PT11C,PT11C,Tâmega e Sousa,NUTS 2024,3,1,True,,,Complete,2025-12-16,ok,,sin geocodificar,,,"Barometer 6th update, Appendix 5 (data 31-03-2026)",T0019
683,CINEA/2022/OP/0013,MIP4Adapt,,MIP4Adapt,2022,Ampelokipi Menemeni Municipality,Greece,EL,EL522,EL522,Thessaloniki,NUTS 2024,3,1,True,,,Complete,2025-12-16,ok,,sin geocodificar,,,"Barometer 6th update, Appendix 5 (data 31-03-2026)",T0021
684,CINEA/2022/OP/0013,MIP4Adapt,,MIP4Adapt,2022,Andalusia,Spain,ES,ES61,ES61,Andalucía,NUTS 2024,2,1,True,,,Complete,2025-12-16,ok,,coincide,37.3399964,-4.5811614,"Barometer 6th update, Appendix 5 (data 31-03-2026)",T0024
685,CINEA/2022/OP/0013,MIP4Adapt,,MIP4Adapt,2022,Angers Loire Metropole,France,FR,FRG02,FRG02,Maine-et-Loire,NUTS 2024,3,1,True,,,Complete,2025-12-16,ok,,coincide,47.486351799999994,-0.5361635177566632,"Barometer 6th update, Appendix 5 (data 31-03-2026)",T0026
686,CINEA/2022/OP/0013,MIP4Adapt,,MIP4Adapt,2022,Arezzo City,Italy,IT,ITI18,ITI18,Arezzo,NUTS 2024,3,1,True,,,Complete,2025-12-16,ok,,coincide,43.4753948,11.8410135,"Barometer 6th update, Appendix 5 (data 31-03-2026)",T0031
687,CINEA/2022/OP/0013,MIP4Adapt,,MIP4Adapt,2022,Athienou Municipality,Cyprus,CY,CY000,CY000,Kýpros,NUTS 2024,3,1,True,,,Complete,2025-12-16,ok,,coincide,35.032550799999996,33.552085279275296,"Barometer 6th update, Appendix 5 (data 31-03-2026)",T0036
688,CINEA/2022/OP/0013,MIP4Adapt,,MIP4Adapt,2022,Autonomous Province of Trento,Italy,IT,ITH20,ITH20,Trento,NUTS 2024,3,1,True,,,Complete,2025-12-16,ok,,coincide,45.89400315,11.045022599662428,"Barometer 6th update, Appendix 5 (data 31-03-2026)",T0038
689,CINEA/2022/OP/0013,MIP4Adapt,,MIP4Adapt,2022,Ayuntamiento de Los Alcázares,Spain,ES,ES620,ES620,Murcia,NUTS 2024,3,1,True,,,Complete,2025-12-16,ok,,coincide,37.73917255,-0.8519559561141314,"Barometer 6th update, Appendix 5 (data 31-03-2026)",T0045
690,CINEA/2022/OP/0013,MIP4Adapt,,MIP4Adapt,2022,Bad Nauheim,Germany,DE,DE71E,DE71E,Wetteraukreis,NUTS 2024,3,1,True,,,Complete,2025-12-16,ok,,coincide,50.3681107,8.7473608,"Barometer 6th update, Appendix 5 (data 31-03-2026)",T0047
691,CINEA/2022/OP/0013,MIP4Adapt,,MIP4Adapt,2022,Balearic Islands,Spain,ES,ES53,ES53,Illes Balears,NUTS 2024,2,1,True,,,Complete,2025-12-16,ok,,coincide,39.613432,2.8829184529439633,"Barometer 6th update, Appendix 5 (data 31-03-2026)",T0049
692,CINEA/2022/OP/0013,MIP4Adapt,,MIP4Adapt,2022,Banská Bystrica Self Governing Region,Slovakia,SK,SK032,SK032,Banskobystrický kraj,NUTS 2024,3,1,True,,,Complete,2025-12-16,ok,,coincide,48.7652795,19.2071386,"Barometer 6th update, Appendix 5 (data 31-03-2026)",T0050
693,CINEA/2022/OP/0013,MIP4Adapt,,MIP4Adapt,2022,Basque Country,Spain,ES,ES21,ES21,País Vasco,NUTS 2024,2,1,True,,,Complete,2025-12-16,ok,,no coincide (punto en ES220; revisado a mano),42.728653050000005,-1.97383746697463,"Barometer 6th update, Appendix 5 (data 31-03-2026)",T0052
694,CINEA/2022/OP/0013,MIP4Adapt,,MIP4Adapt,2022,Blankenberge,Belgium,BE,BE251,BE251,Arr. Brugge,NUTS 2024,3,1,True,,,Complete,2025-12-16,ok,,coincide,51.3112589,3.1323429,"Barometer 6th update, Appendix 5 (data 31-03-2026)",T0063
695,CINEA/2022/OP/0013,MIP4Adapt,,MIP4Adapt,2022,Bordeaux Métropole,France,FR,FRI12,FRI12,Gironde,NUTS 2024,3,1,True,,,Complete,2025-12-16,ok,,coincide,44.891561550000006,-0.6764516490042755,"Barometer 6th update, Appendix 5 (data 31-03-2026)",T0069
696,CINEA/2022/OP/0013,MIP4Adapt,,MIP4Adapt,2022,Brasov Municipality,Romania,RO,RO122,RO122,Braşov,NUTS 2024,3,1,True,,,Complete,2025-12-16,ok,,sin geocodificar,,,"Barometer 6th update, Appendix 5 (data 31-03-2026)",T0072
697,CINEA/2022/OP/0013,MIP4Adapt,,MIP4Adapt,2022,Bursa Metropolitan Municipality,Turkey,TR,TR411,TR411,Bursa,SR 2024,3,1,True,,,Complete,2025-12-16,ok,,geocodificado fuera de NUTS,40.9917696,39.75149196503165,"Barometer 6th update, Appendix 5 (data 31-03-2026)",T0079
698,CINEA/2022/OP/0013,MIP4Adapt,,MIP4Adapt,2022,Caldas da Rainha Municipality,Portugal,PT,PT16B,PT1D1,Oeste,NUTS 2024,3,1,True,,,Complete,2025-12-16,version,PT16B -> PT1D1: código NUTS 2021 sustituido en NUTS 2024,coincide,39.4071857,-9.1346004,"Barometer 6th update, Appendix 5 (data 31-03-2026)",T0082
699,CINEA/2022/OP/0013,MIP4Adapt,,MIP4Adapt,2022,Câmara de Lobos,Portugal,PT,PT301,PT300,Região Autónoma da Madeira,NUTS 2024,3,1,True,,,Complete,2025-12-16,version,PT301 -> PT300: código inexistente; Madeira NUTS-3 es PT300,coincide,32.6483323,-16.9763096,"Barometer 6th update, Appendix 5 (data 31-03-2026)",T0132
700,CINEA/2022/OP/0013,MIP4Adapt,,MIP4Adapt,2022,Campania Region,Italy,IT,ITF3,ITF3,Campania,NUTS 2024,2,1,True,,,Complete,2025-12-16,ok,,coincide,40.836314,14.2456251,"Barometer 6th update, Appendix 5 (data 31-03-2026)",T0083
701,CINEA/2022/OP/0013,MIP4Adapt,,MIP4Adapt,2022,Canary Islands,Spain,ES,ES70,ES70,Canarias,NUTS 2024,2,1,True,,,Complete,2025-12-16,ok,,coincide,28.286398900000002,-16.796011808910734,"Barometer 6th update, Appendix 5 (data 31-03-2026)",T0084
702,CINEA/2022/OP/0013,MIP4Adapt,,MIP4Adapt,2022,Cascais,Portugal,PT,PT170,PT1A0,Grande Lisboa,NUTS 2024,3,1,True,,,Complete,2025-12-16,version,Cascais queda en Grande Lisboa (PT1A0),coincide,38.6968919,-9.4204495,"Barometer 6th update, Appendix 5 (data 31-03-2026)",T0087
703,CINEA/2022/OP/0013,MIP4Adapt,,MIP4Adapt,2022,Castilla La Mancha,Spain,ES,ES42,ES42,Castilla-La Mancha,NUTS 2024,2,1,True,,,Complete,2025-12-16,ok,,coincide,39.4177902,-2.6232332,"Barometer 6th update, Appendix 5 (data 31-03-2026)",T0088
704,CINEA/2022/OP/0013,MIP4Adapt,,MIP4Adapt,2022,Castilla y León,Spain,ES,ES41,ES41,Castilla y León,NUTS 2024,2,1,True,,,Complete,2025-12-16,ok,,coincide,41.55005,-5.1387401,"Barometer 6th update, Appendix 5 (data 31-03-2026)",T0089
705,CINEA/2022/OP/0013,MIP4Adapt,,MIP4Adapt,2022,Cávado Intermunicipal Community,Portugal,PT,PT112,PT112,Cávado,NUTS 2024,3,1,True,,,Complete,2025-12-16,ok,,coincide,41.61737675,-8.54800005516238,"Barometer 6th update, Appendix 5 (data 31-03-2026)",T0131
706,CINEA/2022/OP/0013,MIP4Adapt,,MIP4Adapt,2022,Centre-Val de Loire Region,France,FR,FRB,FRB,Centre — Val de Loire,NUTS 2024,1,1,True,,,Complete,2025-12-16,ok,,coincide,47.91340355,1.9184445310592646,"Barometer 6th update, Appendix 5 (data 31-03-2026)",T0098
707,CINEA/2022/OP/0013,MIP4Adapt,,MIP4Adapt,2022,Chalki Island,Greece,EL,EL421,EL421,"Kalymnos, Karpathos, Kasos, Kos, Rodos",NUTS 2024,3,1,True,,,Complete,2025-12-16,ok,,sin geocodificar,,,"Barometer 6th update, Appendix 5 (data 31-03-2026)",T0103
708,CINEA/2022/OP/0013,MIP4Adapt,,MIP4Adapt,2022,Coimbra Region,Portugal,PT,PT16E,PT192,Região de Coimbra,NUTS 2024,3,1,True,,,Complete,2025-12-16,version,PT16E -> PT192: código NUTS 2021 sustituido en NUTS 2024,sin geocodificar,,,"Barometer 6th update, Appendix 5 (data 31-03-2026)",T0117
709,CINEA/2022/OP/0013,MIP4Adapt,,MIP4Adapt,2022,Comunitat Valenciana,Spain,ES,ES52,ES52,Comunitat Valenciana,NUTS 2024,2,1,True,,,Complete,2025-12-16,ok,,coincide,39.6819591,-0.7654406,"Barometer 6th update, Appendix 5 (data 31-03-2026)",T0122
710,CINEA/2022/OP/0013,MIP4Adapt,,MIP4Adapt,2022,Cork City,Ireland,IE,IE053,IE053,South-West,NUTS 2024,3,1,True,,,Complete,2025-12-16,ok,,coincide,51.89948,-8.498993474119112,"Barometer 6th update, Appendix 5 (data 31-03-2026)",T0124
711,CINEA/2022/OP/0013,MIP4Adapt,,MIP4Adapt,2022,Crete Region,Greece,EL,EL43,EL43,Kriti,NUTS 2024,2,1,True,,,Complete,2025-12-16,ok,,sin geocodificar,,,"Barometer 6th update, Appendix 5 (data 31-03-2026)",T0126
712,CINEA/2022/OP/0013,MIP4Adapt,,MIP4Adapt,2022,Dublin City,Ireland,IE,IE061,IE061,Dublin,NUTS 2024,3,1,True,,,Complete,2025-12-16,ok,,coincide,53.3493795,-6.2605593,"Barometer 6th update, Appendix 5 (data 31-03-2026)",T0143
713,CINEA/2022/OP/0013,MIP4Adapt,,MIP4Adapt,2022,Emilia-Romagna Region,Italy,IT,ITH5,ITH5,Emilia-Romagna,NUTS 2024,2,1,True,,,Complete,2025-12-16,ok,,coincide,44.4914458,11.3435713,"Barometer 6th update, Appendix 5 (data 31-03-2026)",T0156
714,CINEA/2022/OP/0013,MIP4Adapt,,MIP4Adapt,2022,Eskisehir Metropolitan Muncipality,Turkey,TR,TR412,TR412,Eskişehir,SR 2024,3,1,True,,,Complete,2025-12-16,ok,,geocodificado fuera de NUTS,40.9917696,39.75149196503165,"Barometer 6th update, Appendix 5 (data 31-03-2026)",T0157
715,CINEA/2022/OP/0013,MIP4Adapt,,MIP4Adapt,2022,Eurometropole de Strasbourg,France,FR,FRF11,FRF11,Bas-Rhin,NUTS 2024,3,1,True,,,Complete,2025-12-16,ok,,coincide,48.5681009,7.688597194984311,"Barometer 6th update, Appendix 5 (data 31-03-2026)",T0161
716,CINEA/2022/OP/0013,MIP4Adapt,,MIP4Adapt,2022,Euskirchen County,Germany,DE,DEA28,DEA28,Euskirchen,NUTS 2024,3,1,True,,,Complete,2025-12-16,ok,,sin geocodificar,,,"Barometer 6th update, Appendix 5 (data 31-03-2026)",T0162
717,CINEA/2022/OP/0013,MIP4Adapt,,MIP4Adapt,2022,Figueira da Foz Municipality,Portugal,PT,PT16E,PT192,Região de Coimbra,NUTS 2024,3,1,True,,,Complete,2025-12-16,version,PT16E -> PT192: código NUTS 2021 sustituido en NUTS 2024,coincide,40.1485808,-8.855655,"Barometer 6th update, Appendix 5 (data 31-03-2026)",T0167
718,CINEA/2022/OP/0013,MIP4Adapt,,MIP4Adapt,2022,Flanders,Belgium,BE,BE2,BE2,Vlaams Gewest,NUTS 2024,1,1,True,,,Complete,2025-12-16,ok,,coincide,51.096246199999996,4.178629103169916,"Barometer 6th update, Appendix 5 (data 31-03-2026)",T0171
719,CINEA/2022/OP/0013,MIP4Adapt,,MIP4Adapt,2022,Free Hanseatic City of Bremen,Germany,DE,DE501,DE501,"Bremen, Kreisfreie Stadt",NUTS 2024,3,1,True,,,Complete,2025-12-16,ok,,coincide,53.144869,8.6932343,"Barometer 6th update, Appendix 5 (data 31-03-2026)",T0172
720,CINEA/2022/OP/0013,MIP4Adapt,,MIP4Adapt,2022,Friesland Province,Netherlands,NL,NL124,NL12,Friesland (NL),NUTS 2024,2,1,True,,,Complete,2025-12-16,nivel,NL124 es Noord-Friesland; la provincia de Frisia es NL12,coincide,53.1848758,5.9949102,"Barometer 6th update, Appendix 5 (data 31-03-2026)",T0173
721,CINEA/2022/OP/0013,MIP4Adapt,,MIP4Adapt,2022,Friuli Venezia Giulia Autonomous Region,Italy,IT,ITH4,ITH4,Friuli-Venezia Giulia,NUTS 2024,2,1,True,,,Complete,2025-12-16,ok,,coincide,45.6528943,13.7804956,"Barometer 6th update, Appendix 5 (data 31-03-2026)",T0174
722,CINEA/2022/OP/0013,MIP4Adapt,,MIP4Adapt,2022,Fundão,Portugal,PT,PT16H,PT196,Beiras e Serra da Estrela,NUTS 2024,3,1,True,,,Complete,2025-12-16,error,"PT16H es Beira Baixa; Fundão pertenece a la CIM Beiras e Serra da Estrela (PT16J en 2021, PT196 en 2024)",coincide,40.1408065,-7.5017521,"Barometer 6th update, Appendix 5 (data 31-03-2026)",T0175
723,CINEA/2022/OP/0013,MIP4Adapt,,MIP4Adapt,2022,Fyli Municipality,Greece,EL,EL302,EL302,Dytikos Tomeas Athinon,NUTS 2024,3,1,True,,,Complete,2025-12-16,ok,,sin geocodificar,,,"Barometer 6th update, Appendix 5 (data 31-03-2026)",T0177
724,CINEA/2022/OP/0013,MIP4Adapt,,MIP4Adapt,2022,Galicia,Spain,ES,ES11,ES11,Galicia,NUTS 2024,2,1,True,,,Complete,2025-12-16,ok,,coincide,42.61946,-7.863112,"Barometer 6th update, Appendix 5 (data 31-03-2026)",T0179
725,CINEA/2022/OP/0013,MIP4Adapt,,MIP4Adapt,2022,Galway City,Ireland,IE,IE042,IE042,West,NUTS 2024,3,1,True,,,Complete,2025-12-16,ok,,coincide,53.284150600000004,-9.037836324751463,"Barometer 6th update, Appendix 5 (data 31-03-2026)",T0181
726,CINEA/2022/OP/0013,MIP4Adapt,,MIP4Adapt,2022,Gmina Żmigród,Poland,PL,PL518,PL518,Wrocławski,NUTS 2024,3,1,True,,,Complete,2025-12-16,ok,,coincide,51.49154285,16.938313643313172,"Barometer 6th update, Appendix 5 (data 31-03-2026)",T0191
727,CINEA/2022/OP/0013,MIP4Adapt,,MIP4Adapt,2022,Gorenjska Region,Slovenia,SI,SI042,SI042,Gorenjska,NUTS 2024,3,1,True,,,Complete,2025-12-16,ok,,coincide,46.2636081,14.158939180045914,"Barometer 6th update, Appendix 5 (data 31-03-2026)",T0192
728,CINEA/2022/OP/0013,MIP4Adapt,,MIP4Adapt,2022,Goriška Region,Slovenia,SI,SI043,SI043,Goriška,NUTS 2024,3,1,True,,,Complete,2025-12-16,ok,,coincide,46.10411015,13.812337532144351,"Barometer 6th update, Appendix 5 (data 31-03-2026)",T0193
729,CINEA/2022/OP/0013,MIP4Adapt,,MIP4Adapt,2022,Gothernburg Metropolitan Area,Sweden,SE,SE232,SE232,Västra Götalands län,NUTS 2024,3,1,True,,,Complete,2025-12-16,ok,,sin geocodificar,,,"Barometer 6th update, Appendix 5 (data 31-03-2026)",T0194
730,CINEA/2022/OP/0013,MIP4Adapt,,MIP4Adapt,2022,Gran Canaria,Spain,ES,ES705,ES705,Gran Canaria,NUTS 2024,3,1,True,,,Complete,2025-12-16,ok,,coincide,27.9580004,-15.6062305376665,"Barometer 6th update, Appendix 5 (data 31-03-2026)",T0197
731,CINEA/2022/OP/0013,MIP4Adapt,,MIP4Adapt,2022,Häme Region,Finland,FI,FI1C2,FI1C2,Kanta-Häme,NUTS 2024,3,1,True,,,Complete,2025-12-16,ok,,no coincide (punto en FI1C6; revisado a mano),61.2297202,25.810550681272005,"Barometer 6th update, Appendix 5 (data 31-03-2026)",T0215
732,CINEA/2022/OP/0013,MIP4Adapt,,MIP4Adapt,2022,Hauts-de-France Region,France,FR,FRE,FRE,Hauts-de-France,NUTS 2024,1,1,True,,,Complete,2025-12-16,ok,,coincide,51.04806275,2.375819858683206,"Barometer 6th update, Appendix 5 (data 31-03-2026)",T0210
733,CINEA/2022/OP/0013,MIP4Adapt,,MIP4Adapt,2022,Helsinki-Uusimaa,Finland,FI,FI1B,FI1B,Helsinki-Uusimaa,NUTS 2024,2,1,True,,,Complete,2025-12-16,ok,,coincide,60.22672205,25.017670049469757,"Barometer 6th update, Appendix 5 (data 31-03-2026)",T0211
734,CINEA/2022/OP/0013,MIP4Adapt,,MIP4Adapt,2022,Ilion Municipality,Greece,EL,EL302,EL302,Dytikos Tomeas Athinon,NUTS 2024,3,1,True,,,Complete,2025-12-16,ok,,sin geocodificar,,,"Barometer 6th update, Appendix 5 (data 31-03-2026)",T0218
735,CINEA/2022/OP/0013,MIP4Adapt,,MIP4Adapt,2022,İstanbul Metropolitan Municipality,Turkey,TR,TR100,TR100,İstanbul,SR 2024,3,1,True,,,Complete,2025-12-16,ok,,geocodificado fuera de NUTS,41.0134862,28.9553178,"Barometer 6th update, Appendix 5 (data 31-03-2026)",T0614
736,CINEA/2022/OP/0013,MIP4Adapt,,MIP4Adapt,2022,Izmir City,Turkey,TR,TR310,TR310,İzmir,SR 2024,3,1,True,,,Complete,2025-12-16,ok,,geocodificado fuera de NUTS,37.8513204,27.519655153828452,"Barometer 6th update, Appendix 5 (data 31-03-2026)",T0228
737,CINEA/2022/OP/0013,MIP4Adapt,,MIP4Adapt,2022,Katowice City,Poland,PL,PL22A,PL22A,Katowicki,NUTS 2024,3,1,True,,,Complete,2025-12-16,ok,,coincide,50.27072305,19.003866947211236,"Barometer 6th update, Appendix 5 (data 31-03-2026)",T0236
738,CINEA/2022/OP/0013,MIP4Adapt,,MIP4Adapt,2022,Kedainiai District Municipality,Lithuania,LT,LT022,LT022,Kauno apskritis,NUTS 2024,3,1,True,,,Complete,2025-12-16,ok,,no coincide (punto en LT011; revisado a mano),55.2320922,24.4540525,"Barometer 6th update, Appendix 5 (data 31-03-2026)",T0238
739,CINEA/2022/OP/0013,MIP4Adapt,,MIP4Adapt,2022,Klaipeda City,Lithuania,LT,LT023,LT023,Klaipėdos apskritis,NUTS 2024,3,1,True,,,Complete,2025-12-16,ok,,coincide,55.7127529,21.1350469,"Barometer 6th update, Appendix 5 (data 31-03-2026)",T0241
740,CINEA/2022/OP/0013,MIP4Adapt,,MIP4Adapt,2022,Konin City,Poland,PL,PL414,PL414,Koniński,NUTS 2024,3,1,True,,,Complete,2025-12-16,ok,,sin geocodificar,,,"Barometer 6th update, Appendix 5 (data 31-03-2026)",T0242
741,CINEA/2022/OP/0013,MIP4Adapt,,MIP4Adapt,2022,Košice Self Governing Region,Slovakia,SK,SK042,SK042,Košický kraj,NUTS 2024,3,1,True,,,Complete,2025-12-16,ok,,no coincide (punto en SK010; revisado a mano),48.16072585,17.14792868351475,"Barometer 6th update, Appendix 5 (data 31-03-2026)",T0248
742,CINEA/2022/OP/0013,MIP4Adapt,,MIP4Adapt,2022,Krapina-zagorje county,Croatia,HR,HR064,HR064,Krapinsko-zagorska županija,NUTS 2024,3,1,True,,,Complete,2025-12-16,ok,,coincide,46.0983218,15.9377404,"Barometer 6th update, Appendix 5 (data 31-03-2026)",T0249
743,CINEA/2022/OP/0013,MIP4Adapt,,MIP4Adapt,2022,Kreis Minden-Lübbecke,Germany,DE,DEA46,DEA46,Minden-Lübbecke,NUTS 2024,3,1,True,,,Complete,2025-12-16,ok,,coincide,52.3214469,8.711927,"Barometer 6th update, Appendix 5 (data 31-03-2026)",T0251
744,CINEA/2022/OP/0013,MIP4Adapt,,MIP4Adapt,2022,Kreis Siegen-Wittgenstein,Germany,DE,DEA5A,DEA5A,Siegen-Wittgenstein,NUTS 2024,3,1,True,,,Complete,2025-12-16,ok,,coincide,50.91759605,8.137686020104688,"Barometer 6th update, Appendix 5 (data 31-03-2026)",T0252
745,CINEA/2022/OP/0013,MIP4Adapt,,MIP4Adapt,2022,Kristiansand Kommune,Norway,NO,NO092,NO092,Agder,NUTS 2024,3,1,True,,,Complete,2025-12-16,ok,,coincide,58.1621313,7.947182504030265,"Barometer 6th update, Appendix 5 (data 31-03-2026)",T0253
746,CINEA/2022/OP/0013,MIP4Adapt,,MIP4Adapt,2022,Kymenlaakso,Finland,FI,FI1C4,FI1C7,Kymenlaakso,NUTS 2024,3,1,True,,,Complete,2025-12-16,version,FI1C4 -> FI1C7: código NUTS 2021 sustituido en NUTS 2024,coincide,60.7318529,27.082874421604863,"Barometer 6th update, Appendix 5 (data 31-03-2026)",T0257
747,CINEA/2022/OP/0013,MIP4Adapt,,MIP4Adapt,2022,La Rochelle Urban Community,France,FR,FRI32,FRI32,Charente-Maritime,NUTS 2024,3,1,True,,,Complete,2025-12-16,ok,,sin geocodificar,,,"Barometer 6th update, Appendix 5 (data 31-03-2026)",T0261
748,CINEA/2022/OP/0013,MIP4Adapt,,MIP4Adapt,2022,Lapland,Finland,FI,FI1D7,FI1D7,Lappi,NUTS 2024,3,1,True,,,Complete,2025-12-16,ok,,coincide,67.6923521,26.729968325939534,"Barometer 6th update, Appendix 5 (data 31-03-2026)",T0265
749,CINEA/2022/OP/0013,MIP4Adapt,,MIP4Adapt,2022,L'Aquila Municipality,Italy,IT,ITF11,ITF11,L’Aquila,NUTS 2024,3,1,True,,,Complete,2025-12-16,ok,,sin geocodificar,,,"Barometer 6th update, Appendix 5 (data 31-03-2026)",T0259
750,CINEA/2022/OP/0013,MIP4Adapt,,MIP4Adapt,2022,Larissa Municipality,Greece,EL,EL612,EL612,Larisa,NUTS 2024,3,1,True,,,Complete,2025-12-16,ok,,sin geocodificar,,,"Barometer 6th update, Appendix 5 (data 31-03-2026)",T0267
751,CINEA/2022/OP/0013,MIP4Adapt,,MIP4Adapt,2022,Las Rozas de Madrid,Spain,ES,ES30,ES30,Comunidad de Madrid,NUTS 2024,2,1,True,,,Complete,2025-12-16,ok,,coincide,40.4933095,-3.8758396,"Barometer 6th update, Appendix 5 (data 31-03-2026)",T0269
752,CINEA/2022/OP/0013,MIP4Adapt,,MIP4Adapt,2022,Lesser Poland Voivodeship,Poland,PL,PL21,PL21,Małopolskie,NUTS 2024,2,1,True,,,Complete,2025-12-16,ok,,coincide,49.790952,20.3793521,"Barometer 6th update, Appendix 5 (data 31-03-2026)",T0272
753,CINEA/2022/OP/0013,MIP4Adapt,,MIP4Adapt,2022,Leuven city,Belgium,BE,BE242,BE242,Arr. Leuven,NUTS 2024,3,1,True,,,Complete,2025-12-16,ok,,coincide,50.8785236,4.7089734,"Barometer 6th update, Appendix 5 (data 31-03-2026)",T0273
754,CINEA/2022/OP/0013,MIP4Adapt,,MIP4Adapt,2022,Liguria Region,Italy,IT,ITC3,ITC3,Liguria,NUTS 2024,2,1,True,,,Complete,2025-12-16,ok,,coincide,44.4066248,8.9445005,"Barometer 6th update, Appendix 5 (data 31-03-2026)",T0276
755,CINEA/2022/OP/0013,MIP4Adapt,,MIP4Adapt,2022,Likovrisi Pefki Municipality,Greece,EL,EL301,EL301,Voreios Tomeas Athinon,NUTS 2024,3,1,True,,,Complete,2025-12-16,ok,,sin geocodificar,,,"Barometer 6th update, Appendix 5 (data 31-03-2026)",T0277
756,CINEA/2022/OP/0013,MIP4Adapt,,MIP4Adapt,2022,Lisbon Metropolitan Area,Portugal,PT,PT17,PT1A0|PT1B0,Grande Lisboa|Península de Setúbal,NUTS 2024,3,2,True,,,Complete,2025-12-16,version,PT17 (AML) se divide en PT1A y PT1B en NUTS 2024; se usa el nivel 3,coincide,38.6272781,-8.92989495988593,"Barometer 6th update, Appendix 5 (data 31-03-2026)",T0280
757,CINEA/2022/OP/0013,MIP4Adapt,,MIP4Adapt,2022,Louth,Ireland,IE,IE062,IE062,Mid-East,NUTS 2024,3,1,True,,,Complete,2025-12-16,ok,,coincide,53.9508294,-6.5403319,"Barometer 6th update, Appendix 5 (data 31-03-2026)",T0286
758,CINEA/2022/OP/0013,MIP4Adapt,,MIP4Adapt,2022,Lublin City,Poland,PL,PL814,PL814,Lubelski,NUTS 2024,3,1,True,,,Complete,2025-12-16,ok,,coincide,51.20183754999999,22.5520305050077,"Barometer 6th update, Appendix 5 (data 31-03-2026)",T0290
759,CINEA/2022/OP/0013,MIP4Adapt,,MIP4Adapt,2022,Lubusz Voivodeship,Poland,PL,PL43,PL43,Lubuskie,NUTS 2024,2,1,True,,,Complete,2025-12-16,ok,,coincide,52.1001754,15.3605075,"Barometer 6th update, Appendix 5 (data 31-03-2026)",T0291
760,CINEA/2022/OP/0013,MIP4Adapt,,MIP4Adapt,2022,Lucenek Municipality,Slovakia,SK,SK032,SK032,Banskobystrický kraj,NUTS 2024,3,1,True,,,Complete,2025-12-16,ok,,sin geocodificar,,,"Barometer 6th update, Appendix 5 (data 31-03-2026)",T0292
761,CINEA/2022/OP/0013,MIP4Adapt,,MIP4Adapt,2022,Mafra municipality,Portugal,PT,PT170,PT1A0,Grande Lisboa,NUTS 2024,3,1,True,,,Complete,2025-12-16,version,Mafra queda en Grande Lisboa (PT1A0),sin geocodificar,,,"Barometer 6th update, Appendix 5 (data 31-03-2026)",T0300
762,CINEA/2022/OP/0013,MIP4Adapt,,MIP4Adapt,2022,Mayo,Ireland,IE,IE042,IE042,West,NUTS 2024,3,1,True,,,Complete,2025-12-16,ok,,sin geocodificar,,,"Barometer 6th update, Appendix 5 (data 31-03-2026)",T0313
763,CINEA/2022/OP/0013,MIP4Adapt,,MIP4Adapt,2022,Mazovian Voivodeship,Poland,PL,PL92,PL92,Mazowiecki regionalny,NUTS 2024,2,1,True,,,Complete,2025-12-16,ok,,coincide,52.865354800000006,19.636217970185577,"Barometer 6th update, Appendix 5 (data 31-03-2026)",T0315
764,CINEA/2022/OP/0013,MIP4Adapt,,MIP4Adapt,2022,Médio Tejo Intermunicipal Community,Portugal,PT,PT16I,PT1D2,Médio Tejo,NUTS 2024,3,1,True,,,Complete,2025-12-16,version,PT16I -> PT1D2: código NUTS 2021 sustituido en NUTS 2024,coincide,39.59092115,-8.25794046473165,"Barometer 6th update, Appendix 5 (data 31-03-2026)",T0342
765,CINEA/2022/OP/0013,MIP4Adapt,,MIP4Adapt,2022,Métropole Européenne de Lille,France,FR,FRE11,FRE11,Nord,NUTS 2024,3,1,True,,,Complete,2025-12-16,ok,,coincide,50.6472139,3.0505772397478355,"Barometer 6th update, Appendix 5 (data 31-03-2026)",T0343
766,CINEA/2022/OP/0013,MIP4Adapt,,MIP4Adapt,2022,Mountain Community of Valchiavenna,Italy,IT,ITC44,ITC44,Sondrio,NUTS 2024,3,1,True,,,Complete,2025-12-16,ok,,sin geocodificar,,,"Barometer 6th update, Appendix 5 (data 31-03-2026)",T0324
767,CINEA/2022/OP/0013,MIP4Adapt,,MIP4Adapt,2022,Municipality of Valencia,Spain,ES,ES523,ES523,Valencia/València,NUTS 2024,3,1,True,,,Complete,2025-12-16,ok,,sin geocodificar,,,"Barometer 6th update, Appendix 5 (data 31-03-2026)",T0337
768,CINEA/2022/OP/0013,MIP4Adapt,,MIP4Adapt,2022,Murcia City,Spain,ES,ES620,ES620,Murcia,NUTS 2024,3,1,True,,,Complete,2025-12-16,ok,,coincide,37.629865550000005,-0.9700979264882121,"Barometer 6th update, Appendix 5 (data 31-03-2026)",T0339
769,CINEA/2022/OP/0013,MIP4Adapt,,MIP4Adapt,2022,Murcia Region,Spain,ES,ES620,ES620,Murcia,NUTS 2024,3,1,True,,,Complete,2025-12-16,ok,,coincide,37.9923795,-1.1305431,"Barometer 6th update, Appendix 5 (data 31-03-2026)",T0340
770,CINEA/2022/OP/0013,MIP4Adapt,,MIP4Adapt,2022,Nantes Métropole,France,FR,FRG01,FRG01,Loire-Atlantique,NUTS 2024,3,1,True,,,Complete,2025-12-16,ok,,coincide,47.2138665,-1.5440813,"Barometer 6th update, Appendix 5 (data 31-03-2026)",T0344
771,CINEA/2022/OP/0013,MIP4Adapt,,MIP4Adapt,2022,Navarra,Spain,ES,ES220,ES220,Navarra,NUTS 2024,3,1,True,,,Complete,2025-12-16,ok,,coincide,42.61254875,-1.830787673361753,"Barometer 6th update, Appendix 5 (data 31-03-2026)",T0347
772,CINEA/2022/OP/0013,MIP4Adapt,,MIP4Adapt,2022,Nicosia Municipality,Cyprus,CY,CY000,CY000,Kýpros,NUTS 2024,3,1,True,,,Complete,2025-12-16,ok,,coincide,35.027078,33.41038498484849,"Barometer 6th update, Appendix 5 (data 31-03-2026)",T0351
773,CINEA/2022/OP/0013,MIP4Adapt,,MIP4Adapt,2022,Normandy Region,France,FR,FRD,FRD,Normandie,NUTS 2024,1,1,True,,,Complete,2025-12-16,ok,,coincide,49.3469099,-1.4159893881672108,"Barometer 6th update, Appendix 5 (data 31-03-2026)",T0357
774,CINEA/2022/OP/0013,MIP4Adapt,,MIP4Adapt,2022,North Denmark Region,Denmark,DK,DK05,DK05,Nordjylland,NUTS 2024,2,1,True,,,Complete,2025-12-16,ok,,coincide,56.8152793,9.727330772696376,"Barometer 6th update, Appendix 5 (data 31-03-2026)",T0360
775,CINEA/2022/OP/0013,MIP4Adapt,,MIP4Adapt,2022,Nouvelle-Aquitaine Region,France,FR,FRI,FRI,Nouvelle-Aquitaine,NUTS 2024,1,1,True,,,Complete,2025-12-16,ok,,coincide,45.679752750000006,2.082630852964626,"Barometer 6th update, Appendix 5 (data 31-03-2026)",T0368
776,CINEA/2022/OP/0013,MIP4Adapt,,MIP4Adapt,2022,Occitanie Region,France,FR,FRJ,FRJ,Occitanie,NUTS 2024,1,1,True,,,Complete,2025-12-16,ok,,coincide,43.03523355,2.272592846560686,"Barometer 6th update, Appendix 5 (data 31-03-2026)",T0370
777,CINEA/2022/OP/0013,MIP4Adapt,,MIP4Adapt,2022,Offaly,Ireland,IE,IE063,IE063,Midland,NUTS 2024,3,1,True,,,Complete,2025-12-16,ok,,coincide,53.13617215,-7.810340751784169,"Barometer 6th update, Appendix 5 (data 31-03-2026)",T0372
778,CINEA/2022/OP/0013,MIP4Adapt,,MIP4Adapt,2022,Ostrobothnia,Finland,FI,FI195,FI19A,Pohjanmaa,NUTS 2024,3,1,True,,,Complete,2025-12-16,version,FI195 -> FI19A: código NUTS 2021 sustituido en NUTS 2024,coincide,62.9651857,21.2099367431475,"Barometer 6th update, Appendix 5 (data 31-03-2026)",T0379
779,CINEA/2022/OP/0013,MIP4Adapt,,MIP4Adapt,2022,Päijät-Häme,Finland,FI,FI1C3,FI1C6,Päijät-Häme,NUTS 2024,3,1,True,,,Complete,2025-12-16,version,FI1C3 -> FI1C6: código NUTS 2021 sustituido en NUTS 2024,coincide,61.2297202,25.810550681272005,"Barometer 6th update, Appendix 5 (data 31-03-2026)",T0416
780,CINEA/2022/OP/0013,MIP4Adapt,,MIP4Adapt,2022,Palmela Municipality,Portugal,PT,PT170,PT1B0,Península de Setúbal,NUTS 2024,3,1,True,,,Complete,2025-12-16,version,Palmela queda en Península de Setúbal (PT1B0),sin geocodificar,,,"Barometer 6th update, Appendix 5 (data 31-03-2026)",T0382
781,CINEA/2022/OP/0013,MIP4Adapt,,MIP4Adapt,2022,Panevėžys City,Lithuania,LT,LT025,LT025,Panevėžio apskritis,NUTS 2024,3,1,True,,,Complete,2025-12-16,ok,,no coincide (punto en LT011; revisado a mano),54.6701821,25.1855692,"Barometer 6th update, Appendix 5 (data 31-03-2026)",T0383
782,CINEA/2022/OP/0013,MIP4Adapt,,MIP4Adapt,2022,Paris City,France,FR,FR101,FR101,Paris,NUTS 2024,3,1,True,,,Complete,2025-12-16,ok,,coincide,48.85659475,2.351437689955218,"Barometer 6th update, Appendix 5 (data 31-03-2026)",T0386
783,CINEA/2022/OP/0013,MIP4Adapt,,MIP4Adapt,2022,Pärnu City,Estonia,EE,EE004,EE004,Lääne-Eesti,NUTS 2024,3,1,True,,,Complete,2025-12-16,ok,,no coincide (punto en EE009; revisado a mano),58.886417050000006,25.56897326879161,"Barometer 6th update, Appendix 5 (data 31-03-2026)",T0417
784,CINEA/2022/OP/0013,MIP4Adapt,,MIP4Adapt,2022,Penteli Municipality,Greece,EL,EL303,EL303,Kentrikos Tomeas Athinon,NUTS 2024,3,1,True,,,Complete,2025-12-16,ok,,sin geocodificar,,,"Barometer 6th update, Appendix 5 (data 31-03-2026)",T0390
785,CINEA/2022/OP/0013,MIP4Adapt,,MIP4Adapt,2022,Potenza Province,Italy,IT,ITF51,ITF51,Potenza,NUTS 2024,3,1,True,,,Complete,2025-12-16,ok,,sin geocodificar,,,"Barometer 6th update, Appendix 5 (data 31-03-2026)",T0405
786,CINEA/2022/OP/0013,MIP4Adapt,,MIP4Adapt,2022,Principality of Asturias,Spain,ES,ES12,ES12,Principado de Asturias,NUTS 2024,2,1,True,,,Complete,2025-12-16,ok,,coincide,43.3133868,-5.94192,"Barometer 6th update, Appendix 5 (data 31-03-2026)",T0409
787,CINEA/2022/OP/0013,MIP4Adapt,,MIP4Adapt,2022,Provence-Alpes-Côte d'Azur Region,France,FR,FRL,FRL,Provence-Alpes-Côte d’Azur,NUTS 2024,1,1,True,,,Complete,2025-12-16,ok,,coincide,43.30126025,5.373151968013632,"Barometer 6th update, Appendix 5 (data 31-03-2026)",T0410
788,CINEA/2022/OP/0013,MIP4Adapt,,MIP4Adapt,2022,Province of Granada,Spain,ES,ES614,ES614,Granada,NUTS 2024,3,1,True,,,Complete,2025-12-16,ok,,sin geocodificar,,,"Barometer 6th update, Appendix 5 (data 31-03-2026)",T0412
789,CINEA/2022/OP/0013,MIP4Adapt,,MIP4Adapt,2022,Razgrad Muncipality,Bulgaria,BG,BG324,BG324,Razgrad,NUTS 2024,3,1,True,,,Complete,2025-12-16,ok,,coincide,43.5258211,26.5230603,"Barometer 6th update, Appendix 5 (data 31-03-2026)",T0422
790,CINEA/2022/OP/0013,MIP4Adapt,,MIP4Adapt,2022,Rogaland,Norway,NO,NO0A1,NO0A1,Rogaland,NUTS 2024,3,1,True,,,Complete,2025-12-16,ok,,coincide,58.9653595,5.732798825471699,"Barometer 6th update, Appendix 5 (data 31-03-2026)",T0438
791,CINEA/2022/OP/0013,MIP4Adapt,,MIP4Adapt,2022,Rotterdam City,Netherlands,NL,NL33C,NL366,Groot-Rijnmond,NUTS 2024,3,1,True,,,Complete,2025-12-16,version,NL33C -> NL366: código NUTS 2021 sustituido en NUTS 2024,coincide,51.876766950000004,4.428725549197495,"Barometer 6th update, Appendix 5 (data 31-03-2026)",T0440
792,CINEA/2022/OP/0013,MIP4Adapt,,MIP4Adapt,2022,Rouen Normandie Métropole,France,FR,FRD22,FRD22,Seine-Maritime,NUTS 2024,3,1,True,,,Complete,2025-12-16,ok,,coincide,49.44393505,1.0795137431936195,"Barometer 6th update, Appendix 5 (data 31-03-2026)",T0441
793,CINEA/2022/OP/0013,MIP4Adapt,,MIP4Adapt,2022,Rzeszow City,Poland,PL,PL823,PL823,Rzeszowski,NUTS 2024,3,1,True,,,Complete,2025-12-16,ok,,coincide,50.037334,22.004000579113477,"Barometer 6th update, Appendix 5 (data 31-03-2026)",T0446
794,CINEA/2022/OP/0013,MIP4Adapt,,MIP4Adapt,2022,Setúbal Municipality,Portugal,PT,PT170,PT1B0,Península de Setúbal,NUTS 2024,3,1,True,,,Complete,2025-12-16,version,Setúbal queda en Península de Setúbal (PT1B0),sin geocodificar,,,"Barometer 6th update, Appendix 5 (data 31-03-2026)",T0463
795,CINEA/2022/OP/0013,MIP4Adapt,,MIP4Adapt,2022,Sicily Region,Italy,IT,ITG1,ITG1,Sicilia,NUTS 2024,2,1,True,,,Complete,2025-12-16,ok,,sin geocodificar,,,"Barometer 6th update, Appendix 5 (data 31-03-2026)",T0466
796,CINEA/2022/OP/0013,MIP4Adapt,,MIP4Adapt,2022,Silesian Voivodeship,Poland,PL,PL22,PL22,Śląskie,NUTS 2024,2,1,True,,,Complete,2025-12-16,ok,,coincide,50.5687422,19.2343995,"Barometer 6th update, Appendix 5 (data 31-03-2026)",T0467
797,CINEA/2022/OP/0013,MIP4Adapt,,MIP4Adapt,2022,Sintra Municipality,Portugal,PT,PT170,PT1A0,Grande Lisboa,NUTS 2024,3,1,True,,,Complete,2025-12-16,version,Sintra queda en Grande Lisboa (PT1A0),no coincide (punto en PT11A; revisado a mano),41.1436223,-8.590209936208929,"Barometer 6th update, Appendix 5 (data 31-03-2026)",T0470
798,CINEA/2022/OP/0013,MIP4Adapt,,MIP4Adapt,2022,Sligo,Ireland,IE,IE042,IE041,Border,NUTS 2024,3,1,True,,,Complete,2025-12-16,error,IE042 es West; Sligo está en Border (IE041),coincide,54.2720696,-8.4751357,"Barometer 6th update, Appendix 5 (data 31-03-2026)",T0475
799,CINEA/2022/OP/0013,MIP4Adapt,,MIP4Adapt,2022,Split City,Croatia,HR,HR035,HR035,Splitsko-dalmatinska županija,NUTS 2024,3,1,True,,,Complete,2025-12-16,ok,,sin geocodificar,,,"Barometer 6th update, Appendix 5 (data 31-03-2026)",T0491
800,CINEA/2022/OP/0013,MIP4Adapt,,MIP4Adapt,2022,Stambolovo Municipality,Bulgaria,BG,BG422,BG422,Haskovo,NUTS 2024,3,1,True,,,Complete,2025-12-16,ok,,no coincide (punto en BG321; revisado a mano),43.2743587,25.5595351,"Barometer 6th update, Appendix 5 (data 31-03-2026)",T0492
801,CINEA/2022/OP/0013,MIP4Adapt,,MIP4Adapt,2022,Stare Babice,Poland,PL,PL913,PL913,Warszawski zachodni,NUTS 2024,3,1,True,,,Complete,2025-12-16,ok,,coincide,52.267523049999994,20.79898021710295,"Barometer 6th update, Appendix 5 (data 31-03-2026)",T0493
802,CINEA/2022/OP/0013,MIP4Adapt,,MIP4Adapt,2022,Steiermark,Austria,AT,AT22,AT22,Steiermark,NUTS 2024,2,1,True,,,Complete,2025-12-16,ok,,coincide,47.2500001,15.1666665,"Barometer 6th update, Appendix 5 (data 31-03-2026)",T0497
803,CINEA/2022/OP/0013,MIP4Adapt,,MIP4Adapt,2022,Stockholm County,Sweden,SE,SE110,SE110,Stockholms län,NUTS 2024,3,1,True,,,Complete,2025-12-16,ok,,coincide,59.3251172,18.0710935,"Barometer 6th update, Appendix 5 (data 31-03-2026)",T0498
804,CINEA/2022/OP/0013,MIP4Adapt,,MIP4Adapt,2022,Suceava City,Romania,RO,RO215,RO215,Suceava,NUTS 2024,3,1,True,,,Complete,2025-12-16,ok,,coincide,47.664864050000006,26.26682483865167,"Barometer 6th update, Appendix 5 (data 31-03-2026)",T0503
805,CINEA/2022/OP/0013,MIP4Adapt,,MIP4Adapt,2022,Svishtov Municipality,Bulgaria,BG,BG321,BG321,Veliko Tarnovo,NUTS 2024,3,1,True,,,Complete,2025-12-16,ok,,no coincide (punto en BG323; revisado a mano),43.8397915,25.9579859,"Barometer 6th update, Appendix 5 (data 31-03-2026)",T0504
806,CINEA/2022/OP/0013,MIP4Adapt,,MIP4Adapt,2022,Tallinn City,Estonia,EE,EE001,EE001,Põhja-Eesti,NUTS 2024,3,1,True,,,Complete,2025-12-16,ok,,coincide,59.4386893,24.7481496,"Barometer 6th update, Appendix 5 (data 31-03-2026)",T0508
807,CINEA/2022/OP/0013,MIP4Adapt,,MIP4Adapt,2022,Tampere City,Finland,FI,FI197,FI19B,Pirkanmaa,NUTS 2024,3,1,True,,,Complete,2025-12-16,version,FI197 -> FI19B: código NUTS 2021 sustituido en NUTS 2024,coincide,61.49346265,23.778950047654092,"Barometer 6th update, Appendix 5 (data 31-03-2026)",T0509
808,CINEA/2022/OP/0013,MIP4Adapt,,MIP4Adapt,2022,Tartu City,Estonia,EE,EE008,EE008,Lõuna-Eesti,NUTS 2024,3,1,True,,,Complete,2025-12-16,ok,,coincide,58.3819747,26.7289356,"Barometer 6th update, Appendix 5 (data 31-03-2026)",T0511
809,CINEA/2022/OP/0013,MIP4Adapt,,MIP4Adapt,2022,Taurage District Municipality,Lithuania,LT,LT027,LT027,Tauragės apskritis,NUTS 2024,3,1,True,,,Complete,2025-12-16,ok,,no coincide (punto en LT023; revisado a mano),55.3434661,21.9483474,"Barometer 6th update, Appendix 5 (data 31-03-2026)",T0512
810,CINEA/2022/OP/0013,MIP4Adapt,,MIP4Adapt,2022,The Icelandic Association of Local Authorities,Iceland,IS,IS0,IS0,Ísland,NUTS 2024,1,1,True,,,Complete,2025-12-16,ok,,sin geocodificar,,,"Barometer 6th update, Appendix 5 (data 31-03-2026)",T0520
811,CINEA/2022/OP/0013,MIP4Adapt,,MIP4Adapt,2022,Thermi Municipality,Greece,EL,EL522,EL522,Thessaloniki,NUTS 2024,3,1,True,,,Complete,2025-12-16,ok,,sin geocodificar,,,"Barometer 6th update, Appendix 5 (data 31-03-2026)",T0521
812,CINEA/2022/OP/0013,MIP4Adapt,,MIP4Adapt,2022,Thessaloniki Municipality,Greece,EL,EL522,EL522,Thessaloniki,NUTS 2024,3,1,True,,,Complete,2025-12-16,ok,,sin geocodificar,,,"Barometer 6th update, Appendix 5 (data 31-03-2026)",T0522
813,CINEA/2022/OP/0013,MIP4Adapt,,MIP4Adapt,2022,Thessaly,Greece,EL,EL61,EL61,Thessalia,NUTS 2024,2,1,True,,,Complete,2025-12-16,ok,,sin geocodificar,,,"Barometer 6th update, Appendix 5 (data 31-03-2026)",T0523
814,CINEA/2022/OP/0013,MIP4Adapt,,MIP4Adapt,2022,Torres Vedras Municipality,Portugal,PT,PT16B,PT1D1,Oeste,NUTS 2024,3,1,True,,,Complete,2025-12-16,version,PT16B -> PT1D1: código NUTS 2021 sustituido en NUTS 2024,coincide,39.0930856,-9.260741,"Barometer 6th update, Appendix 5 (data 31-03-2026)",T0531
815,CINEA/2022/OP/0013,MIP4Adapt,,MIP4Adapt,2022,Turku City,Finland,FI,FI1C1,FI1C1,Varsinais-Suomi,NUTS 2024,3,1,True,,,Complete,2025-12-16,ok,,coincide,60.456073149999995,22.28640967697722,"Barometer 6th update, Appendix 5 (data 31-03-2026)",T0541
816,CINEA/2022/OP/0013,MIP4Adapt,,MIP4Adapt,2022,Utena District Municipality,Lithuania,LT,LT027,LT029,Utenos apskritis,NUTS 2024,3,1,True,,,Complete,2025-12-16,error,LT027 es Tauragės apskritis; Utena es LT029,no coincide (punto en LT011; revisado a mano),54.6715549,25.1985761,"Barometer 6th update, Appendix 5 (data 31-03-2026)",T0552
817,CINEA/2022/OP/0013,MIP4Adapt,,MIP4Adapt,2022,Vaasa City,Finland,FI,FI195,FI19A,Pohjanmaa,NUTS 2024,3,1,True,,,Complete,2025-12-16,version,FI195 -> FI19A: código NUTS 2021 sustituido en NUTS 2024,coincide,63.0969778,21.6196205,"Barometer 6th update, Appendix 5 (data 31-03-2026)",T0553
818,CINEA/2022/OP/0013,MIP4Adapt,,MIP4Adapt,2022,Valladolid,Spain,ES,ES418,ES418,Valladolid,NUTS 2024,3,1,True,,,Complete,2025-12-16,ok,,coincide,41.6521807,-4.728605,"Barometer 6th update, Appendix 5 (data 31-03-2026)",T0556
819,CINEA/2022/OP/0013,MIP4Adapt,,MIP4Adapt,2022,Valongo,Portugal,PT,PT11A,PT11A,Área Metropolitana do Porto,NUTS 2024,3,1,True,,,Complete,2025-12-16,ok,,coincide,41.1882463,-8.4872744,"Barometer 6th update, Appendix 5 (data 31-03-2026)",T0559
820,CINEA/2022/OP/0013,MIP4Adapt,,MIP4Adapt,2022,Vari - Voula - Vouliagmeni Municipality,Greece,EL,EL305,EL305,Anatoliki Attiki,NUTS 2024,3,1,True,,,Complete,2025-12-16,ok,,sin geocodificar,,,"Barometer 6th update, Appendix 5 (data 31-03-2026)",T0560
821,CINEA/2022/OP/0013,MIP4Adapt,,MIP4Adapt,2022,Värmland County,Sweden,SE,SE311,SE311,Värmlands län,NUTS 2024,3,1,True,,,Complete,2025-12-16,ok,,coincide,59.89076245,13.294761705669245,"Barometer 6th update, Appendix 5 (data 31-03-2026)",T0578
822,CINEA/2022/OP/0013,MIP4Adapt,,MIP4Adapt,2022,Veneto,Italy,IT,ITH3,ITH3,Veneto,NUTS 2024,2,1,True,,,Complete,2025-12-16,ok,,coincide,45.6476663,11.8665254,"Barometer 6th update, Appendix 5 (data 31-03-2026)",T0563
823,CINEA/2022/OP/0013,MIP4Adapt,,MIP4Adapt,2022,Vidzeme Planning Region,Latvia,LV,LV008,LV00C,Vidzeme,NUTS 2024,3,1,True,,,Complete,2025-12-16,version,LV008 -> LV00C: código NUTS 2021 sustituido en NUTS 2024,sin geocodificar,,,"Barometer 6th update, Appendix 5 (data 31-03-2026)",T0568
824,CINEA/2022/OP/0013,MIP4Adapt,,MIP4Adapt,2022,Vila Franca de Xira,Portugal,PT,PT170,PT1A0,Grande Lisboa,NUTS 2024,3,1,True,,,Complete,2025-12-16,version,Vila Franca de Xira queda en Grande Lisboa (PT1A0),coincide,38.9561908,-8.9858256,"Barometer 6th update, Appendix 5 (data 31-03-2026)",T0570
825,CINEA/2022/OP/0013,MIP4Adapt,,MIP4Adapt,2022,Vilnius City,Lithuania,LT,LT011,LT011,Vilniaus apskritis,NUTS 2024,3,1,True,,,Complete,2025-12-16,ok,,coincide,54.6870458,25.2829111,"Barometer 6th update, Appendix 5 (data 31-03-2026)",T0571
826,CINEA/2022/OP/0013,MIP4Adapt,,MIP4Adapt,2022,Vordingborg Municipality,Denmark,DK,DK022,DK022,Vest- og Sydsjælland,NUTS 2024,3,1,True,,,Complete,2025-12-16,ok,,coincide,55.058410800000004,11.97437050218676,"Barometer 6th update, Appendix 5 (data 31-03-2026)",T0576
827,CINEA/2022/OP/0013,MIP4Adapt,,MIP4Adapt,2022,Wroclaw,Poland,PL,PL514,PL514,Miasto Wrocław,NUTS 2024,3,1,True,,,Complete,2025-12-16,ok,,coincide,51.1089776,17.0326689,"Barometer 6th update, Appendix 5 (data 31-03-2026)",T0598
828,CINEA/2022/OP/0013,MIP4Adapt,,MIP4Adapt,2022,Zemgale Region,Latvia,LV,LV009,LV009,Zemgale,NUTS 2024,3,1,True,,,Complete,2025-12-16,ok,,coincide,56.6021598,24.2219368,"Barometer 6th update, Appendix 5 (data 31-03-2026)",T0605
829,CINEA/2022/OP/0013,MIP4Adapt,,MIP4Adapt,2022,Žilina Region,Slovakia,SK,SK031,SK031,Žilinský kraj,NUTS 2024,3,1,True,,,Complete,2025-12-16,ok,,coincide,49.1775455,19.205817977591973,"Barometer 6th update, Appendix 5 (data 31-03-2026)",T0617
830,CINEA/2022/OP/0013,MIP4Adapt,,MIP4Adapt,2022,Zwolle,Netherlands,NL,NL211,NL211,Noord-Overijssel,NUTS 2024,3,1,True,,,Complete,2025-12-16,ok,,coincide,52.5089759,6.0943765,"Barometer 6th update, Appendix 5 (data 31-03-2026)",T0609
831,CINEA/2022/OP/0013,MIP4Adapt,,MIP4Adapt,2022,Warsaw City,Poland,PL,PL911,PL911,Miasto Warszawa,NUTS 2024,3,1,True,,,Complete,2025-12-16,ok,,coincide,52.2293327,21.007687,"Barometer 6th update, Appendix 5 (data 31-03-2026)",T0583
832,CINEA/2022/OP/0013,MIP4Adapt,,MIP4Adapt,2022,Guimarães Municipality,Portugal,PT,PT11C,PT11C,Tâmega e Sousa,NUTS 2024,3,1,True,,,Complete,2025-12-16,ok,,sin geocodificar,,,"Barometer 6th update, Appendix 5 (data 31-03-2026)",T0206
833,CINEA/2022/OP/0013,MIP4Adapt,,MIP4Adapt,2022,Sibenik-Knin County,Croatia,HR,HR034,HR034,Šibensko-kninska županija,NUTS 2024,3,1,True,,,Complete,2025-12-16,ok,,sin geocodificar,,,"Barometer 6th update, Appendix 5 (data 31-03-2026)",T0465
834,CINEA/2022/OP/0013,MIP4Adapt,,MIP4Adapt,2022,Ingolstadt City,Germany,DE,DE211,DE211,"Ingolstadt, Kreisfreie Stadt",NUTS 2024,3,1,True,,,Complete,2025-12-16,ok,,coincide,48.7674472,11.4161255,"Barometer 6th update, Appendix 5 (data 31-03-2026)",T0219
835,CINEA/2022/OP/0013,MIP4Adapt,,MIP4Adapt,2022,Vitoria-Gasteiz,Spain,ES,ES211,ES211,Araba/Álava,NUTS 2024,3,1,True,,,Complete,2025-12-16,ok,,coincide,42.8465088,-2.6724025,"Barometer 6th update, Appendix 5 (data 31-03-2026)",T0573
836,CINEA/2022/OP/0013,MIP4Adapt,,MIP4Adapt,2022,Catalonia,Spain,ES,ES51,ES51,Cataluña,NUTS 2024,2,1,True,,,Complete,2025-12-16,ok,,coincide,41.8523094,1.5745043,"Barometer 6th update, Appendix 5 (data 31-03-2026)",T0090
837,CINEA/2022/OP/0013,MIP4Adapt,,MIP4Adapt,2022,Viimsi Municipality,Estonia,EE,EE001,EE001,Põhja-Eesti,NUTS 2024,3,1,True,,,Complete,2025-12-16,ok,,sin geocodificar,,,"Barometer 6th update, Appendix 5 (data 31-03-2026)",T0569
838,CINEA/2022/OP/0013,MIP4Adapt,,MIP4Adapt,2022,Ukmerge District Municipality,Lithuania,LT,LT011,LT011,Vilniaus apskritis,NUTS 2024,3,1,True,,,Complete,2025-12-16,ok,,coincide,55.301698,24.737290754981984,"Barometer 6th update, Appendix 5 (data 31-03-2026)",T0545
839,CINEA/2022/OP/0013,MIP4Adapt,,MIP4Adapt,2022,Matosinhos,Portugal,PT,PT11A,PT11A,Área Metropolitana do Porto,NUTS 2024,3,1,True,,,Complete,2025-12-16,ok,,coincide,41.1806814,-8.6821998,"Barometer 6th update, Appendix 5 (data 31-03-2026)",T0312
